Gender,Age,Height,Weight,family_history_with_overweight,FAVC,FCVC,NCP,CAEC,SMOKE,CH2O,SCC,FAF,TUE,CALC,MTRANS,BMI,Prediction,Daily_Calories,Water_Intake_Liters,Recommended_Diet,Workout_Suggestion
0,21.0,1.62,64.0,1,0,2.0,3.0,2,0,2.0,0,0.0,1.0,3,3,24.38652644413961,Normal Weight,1920.0,2.24,Balanced Diet,Mixed Exercise
0,21.0,1.52,56.0,1,0,3.0,3.0,2,1,3.0,1,3.0,0.0,2,3,24.238227146814403,Normal Weight,1680.0,1.96,Balanced Diet,Mixed Exercise
1,23.0,1.8,77.0,1,0,2.0,3.0,2,0,2.0,0,2.0,1.0,1,3,23.76543209876543,Normal Weight,2310.0,2.7,Balanced Diet,Mixed Exercise
1,27.0,1.8,87.0,0,0,3.0,3.0,2,0,2.0,0,2.0,0.0,1,4,26.85185185185185,Obesity Type II,2610.0,3.05,Medical Weight Loss Diet,Cardio + Walking
1,22.0,1.78,89.8,0,0,2.0,1.0,2,0,2.0,0,0.0,0.0,2,3,28.34238101249842,Obesity Type III,2694.0,3.14,Doctor Supervised Diet,Cardio + Walking
1,29.0,1.62,53.0,0,1,2.0,3.0,2,0,2.0,0,0.0,0.0,2,0,20.195092211553114,Normal Weight,1590.0,1.86,Balanced Diet,Mixed Exercise
0,23.0,1.5,55.0,1,1,3.0,3.0,2,0,2.0,0,1.0,0.0,2,2,24.444444444444443,Normal Weight,1650.0,1.93,Balanced Diet,Mixed Exercise
1,22.0,1.64,53.0,0,0,2.0,3.0,2,0,2.0,0,3.0,0.0,2,3,19.705532421177875,Normal Weight,1590.0,1.86,Balanced Diet,Mixed Exercise
1,24.0,1.78,64.0,1,1,3.0,3.0,2,0,2.0,0,1.0,1.0,1,3,20.199469763918696,Normal Weight,1920.0,2.24,Balanced Diet,Mixed Exercise
1,22.0,1.72,68.0,1,1,2.0,3.0,2,0,2.0,0,1.0,1.0,3,3,22.985397512168742,Normal Weight,2040.0,2.38,Balanced Diet,Mixed Exercise
1,26.0,1.85,105.0,1,1,3.0,3.0,1,0,3.0,0,2.0,2.0,2,3,30.67932797662527,Overweight Level I,3150.0,3.68,Low Carb Diet,Cardio + Walking
0,21.0,1.72,80.0,1,1,2.0,3.0,1,0,2.0,1,2.0,1.0,2,3,27.041644131963228,Obesity Type III,2400.0,2.8,Doctor Supervised Diet,Cardio + Walking
1,22.0,1.65,56.0,0,0,3.0,3.0,2,0,3.0,0,2.0,0.0,2,3,20.569329660238754,Normal Weight,1680.0,1.96,Balanced Diet,Mixed Exercise
1,41.0,1.8,99.0,0,1,2.0,3.0,2,0,2.0,0,2.0,1.0,1,0,30.555555555555554,Overweight Level I,2970.0,3.47,Low Carb Diet,Cardio + Walking
1,23.0,1.77,60.0,1,1,3.0,1.0,2,0,1.0,0,1.0,1.0,2,3,19.15158479364167,Normal Weight,1800.0,2.1,Balanced Diet,Mixed Exercise
0,22.0,1.7,66.0,1,0,3.0,3.0,0,0,2.0,1,2.0,1.0,2,3,22.837370242214536,Normal Weight,1980.0,2.31,Balanced Diet,Mixed Exercise
1,27.0,1.93,102.0,1,1,2.0,1.0,2,0,1.0,0,1.0,0.0,2,3,27.383285457327716,Obesity Type III,3060.0,3.57,Doctor Supervised Diet,Cardio + Walking
0,29.0,1.53,78.0,0,1,2.0,1.0,2,0,2.0,0,0.0,0.0,3,0,33.320517749583495,Overweight Level I,2340.0,2.73,Low Carb Diet,Cardio + Walking
0,30.0,1.71,82.0,1,1,3.0,4.0,1,1,1.0,0,0.0,0.0,3,0,28.042816593139772,Obesity Type III,2460.0,2.87,Doctor Supervised Diet,Cardio + Walking
0,23.0,1.65,70.0,1,0,2.0,1.0,2,0,2.0,0,0.0,0.0,2,3,25.71166207529844,Obesity Type II,2100.0,2.45,Medical Weight Loss Diet,Cardio + Walking
1,22.0,1.65,80.0,1,0,2.0,3.0,2,0,2.0,0,3.0,2.0,3,4,29.384756657483933,Obesity Type III,2400.0,2.8,Doctor Supervised Diet,Cardio + Walking
0,52.0,1.69,87.0,1,1,3.0,1.0,2,1,2.0,0,0.0,0.0,3,0,30.461118308182492,Overweight Level I,2610.0,3.05,Low Carb Diet,Cardio + Walking
0,22.0,1.65,60.0,1,1,3.0,3.0,2,0,2.0,0,1.0,0.0,2,0,22.03856749311295,Normal Weight,1800.0,2.1,Balanced Diet,Mixed Exercise
0,22.0,1.6,82.0,1,1,1.0,1.0,2,0,2.0,0,0.0,2.0,2,3,32.03124999999999,Overweight Level I,2460.0,2.87,Low Carb Diet,Cardio + Walking
1,21.0,1.85,68.0,1,1,2.0,3.0,2,0,2.0,0,0.0,1.0,2,3,19.86851716581446,Normal Weight,2040.0,2.38,Balanced Diet,Mixed Exercise
1,20.0,1.6,50.0,1,0,2.0,4.0,1,1,2.0,0,3.0,2.0,3,3,19.531249999999996,Normal Weight,1500.0,1.75,Balanced Diet,Mixed Exercise
1,21.0,1.7,65.0,1,1,2.0,1.0,1,0,2.0,0,1.0,2.0,0,4,22.49134948096886,Normal Weight,1950.0,2.28,Balanced Diet,Mixed Exercise
0,23.0,1.6,52.0,0,1,2.0,4.0,1,0,2.0,0,2.0,1.0,2,0,20.312499999999996,Normal Weight,1560.0,1.82,Balanced Diet,Mixed Exercise
1,19.0,1.75,76.0,1,1,3.0,3.0,2,0,2.0,1,3.0,1.0,2,3,24.816326530612244,Normal Weight,2280.0,2.66,Balanced Diet,Mixed Exercise
1,23.0,1.68,70.0,0,1,2.0,3.0,2,0,2.0,0,2.0,2.0,1,4,24.801587301587304,Normal Weight,2100.0,2.45,Balanced Diet,Mixed Exercise
1,29.0,1.77,83.0,0,1,1.0,4.0,1,0,3.0,0,0.0,1.0,3,2,26.493025631204315,Obesity Type II,2490.0,2.9,Medical Weight Loss Diet,Cardio + Walking
0,31.0,1.58,68.0,1,0,2.0,1.0,2,0,1.0,0,1.0,0.0,2,3,27.239224483255885,Obesity Type III,2040.0,2.38,Doctor Supervised Diet,Cardio + Walking
0,24.0,1.77,76.0,0,0,2.0,3.0,2,0,3.0,0,1.0,1.0,2,4,24.258674071946118,Normal Weight,2280.0,2.66,Balanced Diet,Mixed Exercise
1,39.0,1.79,90.0,0,0,2.0,1.0,2,0,2.0,0,0.0,0.0,2,3,28.089010954714272,Obesity Type III,2700.0,3.15,Doctor Supervised Diet,Cardio + Walking
1,22.0,1.65,62.0,0,1,2.0,4.0,1,0,2.0,0,2.0,0.0,2,3,22.77318640955005,Normal Weight,1860.0,2.17,Balanced Diet,Mixed Exercise
0,21.0,1.5,65.0,1,0,2.0,3.0,2,0,2.0,0,2.0,2.0,2,3,28.88888888888889,Obesity Type III,1950.0,2.28,Doctor Supervised Diet,Cardio + Walking
0,22.0,1.56,49.0,0,1,2.0,3.0,2,0,1.0,1,2.0,0.0,3,4,20.134779750164363,Normal Weight,1470.0,1.72,Balanced Diet,Mixed Exercise
0,21.0,1.6,48.0,0,1,2.0,3.0,2,0,1.0,0,1.0,0.0,2,3,18.749999999999996,Normal Weight,1440.0,1.68,Balanced Diet,Mixed Exercise
1,23.0,1.65,67.0,1,1,2.0,3.0,2,0,2.0,0,1.0,1.0,2,3,24.609733700642796,Normal Weight,2010.0,2.35,Balanced Diet,Mixed Exercise
0,21.0,1.75,88.0,1,1,2.0,3.0,2,0,3.0,0,3.0,0.0,2,3,28.73469387755102,Obesity Type III,2640.0,3.08,Doctor Supervised Diet,Cardio + Walking
0,21.0,1.67,75.0,1,1,2.0,3.0,2,0,2.0,0,1.0,0.0,2,3,26.89232313815483,Obesity Type II,2250.0,2.63,Medical Weight Loss Diet,Cardio + Walking
1,23.0,1.68,60.0,0,0,2.0,4.0,1,0,2.0,0,0.0,0.0,3,4,21.258503401360546,Normal Weight,1800.0,2.1,Balanced Diet,Mixed Exercise
0,21.0,1.66,64.0,1,1,1.0,3.0,2,0,1.0,0,0.0,0.0,3,3,23.225431847873423,Normal Weight,1920.0,2.24,Balanced Diet,Mixed Exercise
1,21.0,1.66,62.0,1,1,2.0,3.0,2,1,2.0,0,1.0,1.0,1,3,22.49963710262738,Normal Weight,1860.0,2.17,Balanced Diet,Mixed Exercise
1,21.0,1.81,80.0,0,0,1.0,3.0,3,0,2.0,0,2.0,0.0,3,3,24.41927902078691,Normal Weight,2400.0,2.8,Balanced Diet,Mixed Exercise
0,21.0,1.53,65.0,1,0,2.0,3.0,2,0,1.0,0,0.0,1.0,3,3,27.76709812465291,Obesity Type III,1950.0,2.28,Doctor Supervised Diet,Cardio + Walking
1,21.0,1.82,72.0,1,1,1.0,3.0,1,0,3.0,0,2.0,0.0,2,3,21.736505252988767,Normal Weight,2160.0,2.52,Balanced Diet,Mixed Exercise
1,21.0,1.75,72.0,1,1,1.0,3.0,1,0,3.0,0,2.0,0.0,2,3,23.510204081632654,Normal Weight,2160.0,2.52,Balanced Diet,Mixed Exercise
0,20.0,1.66,60.0,1,0,3.0,3.0,2,0,2.0,0,1.0,0.0,2,4,21.773842357381334,Normal Weight,1800.0,2.1,Balanced Diet,Mixed Exercise
0,21.0,1.55,50.0,0,1,2.0,3.0,2,0,2.0,0,0.0,0.0,2,3,20.811654526534856,Normal Weight,1500.0,1.75,Balanced Diet,Mixed Exercise
0,21.0,1.61,54.5,1,1,3.0,3.0,2,0,3.0,0,0.0,1.0,2,4,21.025423401874924,Normal Weight,1635.0,1.91,Balanced Diet,Mixed Exercise
0,20.0,1.5,44.0,0,1,2.0,3.0,2,0,1.0,0,0.0,0.0,2,0,19.555555555555557,Normal Weight,1320.0,1.54,Balanced Diet,Mixed Exercise
0,23.0,1.64,52.0,0,1,3.0,1.0,2,0,2.0,0,2.0,2.0,3,3,19.333729922665082,Normal Weight,1560.0,1.82,Balanced Diet,Mixed Exercise
0,23.0,1.63,55.0,1,0,3.0,3.0,3,0,2.0,1,2.0,1.0,3,3,20.70081674131507,Normal Weight,1650.0,1.93,Balanced Diet,Mixed Exercise
0,22.0,1.6,55.0,0,0,3.0,4.0,0,0,3.0,0,2.0,0.0,3,3,21.484374999999996,Normal Weight,1650.0,1.93,Balanced Diet,Mixed Exercise
1,23.0,1.68,62.0,0,0,2.0,4.0,1,0,2.0,0,0.0,0.0,2,0,21.9671201814059,Normal Weight,1860.0,2.17,Balanced Diet,Mixed Exercise
1,22.0,1.7,70.0,1,1,2.0,3.0,2,0,1.0,0,0.0,1.0,2,0,24.221453287197235,Normal Weight,2100.0,2.45,Balanced Diet,Mixed Exercise
1,21.0,1.64,65.0,1,0,2.0,3.0,2,0,1.0,0,0.0,1.0,3,3,24.167162403331353,Normal Weight,1950.0,2.28,Balanced Diet,Mixed Exercise
0,17.0,1.65,67.0,1,1,3.0,1.0,2,0,2.0,0,1.0,1.0,3,4,24.609733700642796,Normal Weight,2010.0,2.35,Balanced Diet,Mixed Exercise
1,20.0,1.76,55.0,1,1,2.0,4.0,2,0,3.0,0,2.0,2.0,3,3,17.75568181818182,Insufficient Weight,1650.0,1.93,High Protein Diet,Strength Training
0,21.0,1.55,49.0,1,1,2.0,3.0,2,0,3.0,0,3.0,1.0,2,3,20.39542143600416,Normal Weight,1470.0,1.72,Balanced Diet,Mixed Exercise
1,20.0,1.65,58.0,0,1,2.0,3.0,2,0,2.0,0,3.0,1.0,2,3,21.30394857667585,Normal Weight,1740.0,2.03,Balanced Diet,Mixed Exercise
1,22.0,1.67,62.0,0,1,2.0,1.0,3,0,2.0,0,0.0,0.0,2,3,22.230987127541326,Normal Weight,1860.0,2.17,Balanced Diet,Mixed Exercise
1,22.0,1.68,55.0,1,1,2.0,3.0,2,0,2.0,0,0.0,2.0,2,0,19.48696145124717,Normal Weight,1650.0,1.93,Balanced Diet,Mixed Exercise
0,21.0,1.66,57.0,1,1,2.0,3.0,1,0,1.0,0,1.0,1.0,3,3,20.685150239512268,Normal Weight,1710.0,2.0,Balanced Diet,Mixed Exercise
0,21.0,1.62,69.0,1,1,1.0,3.0,1,0,2.0,0,0.0,1.0,3,3,26.291723822588015,Obesity Type II,2070.0,2.42,Medical Weight Loss Diet,Cardio + Walking
1,23.0,1.8,90.0,1,1,1.0,3.0,0,0,2.0,0,0.0,2.0,1,3,27.777777777777775,Obesity Type III,2700.0,3.15,Doctor Supervised Diet,Cardio + Walking
1,23.0,1.65,95.0,1,1,2.0,3.0,0,0,2.0,0,0.0,1.0,1,0,34.894398530762174,Overweight Level I,2850.0,3.32,Low Carb Diet,Cardio + Walking
1,30.0,1.76,112.0,1,1,1.0,3.0,3,1,2.0,1,0.0,0.0,1,0,36.15702479338843,Overweight Level II,3360.0,3.92,Low Fat Diet,Cardio + Walking
1,23.0,1.8,60.0,1,0,2.0,3.0,3,0,3.0,0,0.0,1.0,2,3,18.51851851851852,Normal Weight,1800.0,2.1,Balanced Diet,Mixed Exercise
0,23.0,1.65,80.0,1,1,2.0,3.0,0,0,2.0,0,0.0,2.0,3,3,29.384756657483933,Obesity Type III,2400.0,2.8,Doctor Supervised Diet,Cardio + Walking
0,22.0,1.67,50.0,1,0,3.0,3.0,3,0,3.0,1,2.0,1.0,2,3,17.92821542543655,Insufficient Weight,1500.0,1.75,High Protein Diet,Strength Training
0,24.0,1.65,60.0,1,0,2.0,3.0,2,0,3.0,1,1.0,0.0,3,3,22.03856749311295,Normal Weight,1800.0,2.1,Balanced Diet,Mixed Exercise
1,19.0,1.85,65.0,1,0,2.0,3.0,2,0,3.0,0,2.0,1.0,2,1,18.991964937910883,Normal Weight,1950.0,2.28,Balanced Diet,Mixed Exercise
1,24.0,1.7,85.0,1,1,2.0,3.0,1,0,3.0,0,0.0,1.0,1,3,29.411764705882355,Obesity Type III,2550.0,2.98,Doctor Supervised Diet,Cardio + Walking
0,23.0,1.63,45.0,1,0,3.0,3.0,2,0,3.0,1,2.0,0.0,3,3,16.937031879257784,Insufficient Weight,1350.0,1.58,High Protein Diet,Strength Training
0,24.0,1.6,45.0,1,0,2.0,3.0,3,0,2.0,0,1.0,0.0,3,3,17.578124999999996,Insufficient Weight,1350.0,1.58,High Protein Diet,Strength Training
0,24.0,1.7,80.0,1,1,2.0,3.0,2,0,3.0,0,0.0,0.0,3,3,27.68166089965398,Obesity Type III,2400.0,2.8,Doctor Supervised Diet,Cardio + Walking
0,23.0,1.65,90.0,1,1,2.0,3.0,2,0,3.0,0,0.0,1.0,3,3,33.057851239669425,Overweight Level I,2700.0,3.15,Low Carb Diet,Cardio + Walking
1,23.0,1.65,60.0,1,0,2.0,3.0,2,0,2.0,0,0.0,0.0,2,3,22.03856749311295,Normal Weight,1800.0,2.1,Balanced Diet,Mixed Exercise
0,19.0,1.63,58.0,0,0,3.0,3.0,2,0,2.0,1,0.0,0.0,3,3,21.829952199932254,Normal Weight,1740.0,2.03,Balanced Diet,Mixed Exercise
1,30.0,1.8,91.0,1,1,2.0,3.0,1,0,2.0,0,0.0,0.0,2,3,28.086419753086417,Obesity Type III,2730.0,3.19,Doctor Supervised Diet,Cardio + Walking
1,23.0,1.67,85.5,1,1,2.0,3.0,0,0,2.0,0,0.0,1.0,3,3,30.657248377496504,Overweight Level I,2565.0,2.99,Low Carb Diet,Cardio + Walking
0,19.0,1.6,45.0,0,0,3.0,3.0,3,0,3.0,1,2.0,0.0,3,4,17.578124999999996,Insufficient Weight,1350.0,1.58,High Protein Diet,Strength Training
1,25.0,1.7,83.0,1,1,2.0,3.0,1,0,2.0,0,0.0,1.0,2,3,28.719723183391007,Obesity Type III,2490.0,2.9,Doctor Supervised Diet,Cardio + Walking
1,23.0,1.65,58.5,1,0,2.0,3.0,2,0,2.0,0,0.0,0.0,3,3,21.487603305785125,Normal Weight,1755.0,2.05,Balanced Diet,Mixed Exercise
1,21.0,1.85,83.0,1,1,2.0,1.0,1,0,3.0,0,1.0,0.0,3,3,24.251278305332356,Normal Weight,2490.0,2.9,Balanced Diet,Mixed Exercise
1,19.0,1.82,87.0,1,1,2.0,3.0,2,0,2.0,0,0.0,0.0,3,3,26.26494384736143,Obesity Type II,2610.0,3.05,Medical Weight Loss Diet,Cardio + Walking
0,22.0,1.65,65.0,1,1,2.0,3.0,1,0,2.0,1,1.0,0.0,3,0,23.875114784205696,Normal Weight,1950.0,2.28,Balanced Diet,Mixed Exercise
0,29.0,1.7,78.0,1,1,3.0,3.0,2,0,1.0,0,2.0,1.0,1,0,26.989619377162633,Obesity Type III,2340.0,2.73,Doctor Supervised Diet,Cardio + Walking
0,25.0,1.63,93.0,0,0,3.0,4.0,0,0,1.0,0,2.0,0.0,3,3,35.00319921713275,Overweight Level II,2790.0,3.26,Low Fat Diet,Cardio + Walking
0,20.0,1.61,64.0,1,0,3.0,3.0,0,0,2.0,1,0.0,1.0,1,3,24.690405462752206,Normal Weight,1920.0,2.24,Balanced Diet,Mixed Exercise
1,55.0,1.78,84.0,1,0,3.0,4.0,1,0,3.0,1,3.0,0.0,1,4,26.511804065143288,Obesity Type II,2520.0,2.94,Medical Weight Loss Diet,Cardio + Walking
0,20.0,1.6,57.0,0,0,3.0,3.0,0,0,2.0,0,1.0,0.0,3,4,22.265624999999996,Normal Weight,1710.0,2.0,Balanced Diet,Mixed Exercise
0,24.0,1.6,48.0,0,1,3.0,3.0,2,0,2.0,0,2.0,0.0,3,3,18.749999999999996,Normal Weight,1440.0,1.68,Balanced Diet,Mixed Exercise
1,26.0,1.7,70.0,1,0,3.0,1.0,1,0,2.0,0,2.0,0.0,1,3,24.221453287197235,Normal Weight,2100.0,2.45,Balanced Diet,Mixed Exercise
0,23.0,1.66,60.0,1,0,2.0,3.0,2,0,2.0,0,3.0,0.0,2,3,21.773842357381334,Normal Weight,1800.0,2.1,Balanced Diet,Mixed Exercise
0,21.0,1.52,42.0,0,0,3.0,1.0,1,0,1.0,0,0.0,0.0,2,3,18.178670360110804,Insufficient Weight,1260.0,1.47,High Protein Diet,Strength Training
0,21.0,1.52,42.0,0,0,3.0,1.0,1,0,1.0,0,0.0,0.0,2,3,18.178670360110804,Insufficient Weight,1260.0,1.47,High Protein Diet,Strength Training
1,23.0,1.72,70.0,0,0,2.0,3.0,2,0,2.0,0,3.0,1.0,1,3,23.661438615467823,Normal Weight,2100.0,2.45,Balanced Diet,Mixed Exercise
0,21.0,1.69,63.0,0,1,3.0,1.0,2,0,1.0,0,0.0,0.0,2,3,22.058051188683873,Normal Weight,1890.0,2.2,Balanced Diet,Mixed Exercise
1,22.0,1.7,66.4,1,0,2.0,3.0,1,0,2.0,0,0.0,0.0,3,3,22.975778546712807,Normal Weight,1992.0000000000002,2.32,Balanced Diet,Mixed Exercise
0,21.0,1.55,57.0,0,1,2.0,4.0,1,0,2.0,1,2.0,0.0,2,0,23.725286160249738,Normal Weight,1710.0,2.0,Balanced Diet,Mixed Exercise
0,22.0,1.65,58.0,1,1,3.0,4.0,1,0,2.0,0,1.0,0.0,2,3,21.30394857667585,Normal Weight,1740.0,2.03,Balanced Diet,Mixed Exercise
0,38.0,1.56,80.0,1,1,2.0,3.0,2,0,2.0,0,0.0,0.0,2,0,32.87310979618672,Overweight Level I,2400.0,2.8,Low Carb Diet,Cardio + Walking
0,25.0,1.57,55.0,0,1,2.0,1.0,2,0,2.0,0,2.0,0.0,2,3,22.313278429145196,Normal Weight,1650.0,1.93,Balanced Diet,Mixed Exercise
0,25.0,1.57,55.0,0,1,2.0,1.0,2,0,2.0,0,2.0,0.0,2,3,22.313278429145196,Normal Weight,1650.0,1.93,Balanced Diet,Mixed Exercise
1,22.0,1.88,90.0,1,1,2.0,3.0,0,0,1.0,0,0.0,1.0,2,0,25.46401086464464,Obesity Type II,2700.0,3.15,Medical Weight Loss Diet,Cardio + Walking
1,22.0,1.75,95.0,1,0,2.0,3.0,2,0,3.0,0,3.0,2.0,3,4,31.020408163265305,Overweight Level I,2850.0,3.32,Low Carb Diet,Cardio + Walking
0,21.0,1.65,88.0,1,1,3.0,1.0,2,0,3.0,0,2.0,1.0,3,3,32.323232323232325,Overweight Level I,2640.0,3.08,Low Carb Diet,Cardio + Walking
1,21.0,1.75,75.0,1,1,3.0,3.0,2,0,2.0,0,0.0,1.0,2,3,24.489795918367346,Normal Weight,2250.0,2.63,Balanced Diet,Mixed Exercise
0,22.0,1.58,58.0,1,1,2.0,1.0,2,0,1.0,0,0.0,0.0,3,3,23.233456176894723,Normal Weight,1740.0,2.03,Balanced Diet,Mixed Exercise
0,18.0,1.56,51.0,1,1,2.0,4.0,1,0,2.0,0,1.0,0.0,2,3,20.956607495069033,Normal Weight,1530.0,1.78,Balanced Diet,Mixed Exercise
0,22.0,1.5,49.0,1,0,2.0,1.0,2,0,2.0,0,3.0,0.0,3,4,21.77777777777778,Normal Weight,1470.0,1.72,Balanced Diet,Mixed Exercise
0,19.0,1.61,62.0,1,1,3.0,1.0,1,0,2.0,0,1.0,0.0,1,3,23.9188302920412,Normal Weight,1860.0,2.17,Balanced Diet,Mixed Exercise
0,17.0,1.75,57.0,1,1,3.0,3.0,1,0,2.0,0,0.0,1.0,3,3,18.612244897959183,Normal Weight,1710.0,2.0,Balanced Diet,Mixed Exercise
0,15.0,1.65,86.0,1,1,3.0,3.0,2,0,1.0,0,3.0,2.0,3,4,31.58861340679523,Overweight Level I,2580.0,3.01,Low Carb Diet,Cardio + Walking
0,17.0,1.7,85.0,1,0,2.0,3.0,1,0,2.0,0,1.0,1.0,3,3,29.411764705882355,Obesity Type III,2550.0,2.98,Doctor Supervised Diet,Cardio + Walking
1,23.0,1.62,53.0,1,1,2.0,3.0,2,0,2.0,0,1.0,1.0,2,3,20.195092211553114,Normal Weight,1590.0,1.86,Balanced Diet,Mixed Exercise
0,19.0,1.63,76.0,1,0,3.0,3.0,1,1,3.0,0,2.0,1.0,2,0,28.604764951635367,Obesity Type III,2280.0,2.66,Doctor Supervised Diet,Cardio + Walking
0,23.0,1.67,75.0,1,1,2.0,3.0,1,1,2.0,0,0.0,2.0,3,4,26.89232313815483,Obesity Type II,2250.0,2.63,Medical Weight Loss Diet,Cardio + Walking
1,23.0,1.87,95.0,1,1,1.0,3.0,1,0,2.0,0,0.0,2.0,1,3,27.166919271354622,Obesity Type III,2850.0,3.32,Doctor Supervised Diet,Cardio + Walking
1,21.0,1.75,50.0,1,0,3.0,4.0,1,0,1.0,0,1.0,0.0,3,4,16.3265306122449,Insufficient Weight,1500.0,1.75,High Protein Diet,Strength Training
1,24.0,1.66,67.0,1,1,3.0,1.0,2,0,2.0,0,1.0,0.0,3,3,24.31412396574249,Normal Weight,2010.0,2.35,Balanced Diet,Mixed Exercise
1,23.0,1.76,90.0,0,1,3.0,3.0,2,0,1.0,0,0.0,0.0,3,3,29.054752066115704,Obesity Type III,2700.0,3.15,Doctor Supervised Diet,Cardio + Walking
1,18.0,1.75,80.0,1,1,2.0,3.0,0,0,2.0,0,0.0,0.0,1,3,26.122448979591837,Obesity Type II,2400.0,2.8,Medical Weight Loss Diet,Cardio + Walking
1,19.0,1.67,68.0,0,1,2.0,3.0,2,0,2.0,0,1.0,0.0,2,3,24.38237297859371,Normal Weight,2040.0,2.38,Balanced Diet,Mixed Exercise
0,19.0,1.65,61.0,0,1,3.0,1.0,2,0,3.0,1,1.0,0.0,2,3,22.4058769513315,Normal Weight,1830.0,2.14,Balanced Diet,Mixed Exercise
1,20.0,1.72,70.0,1,1,3.0,3.0,1,0,1.0,0,0.0,0.0,2,3,23.661438615467823,Normal Weight,2100.0,2.45,Balanced Diet,Mixed Exercise
1,27.0,1.7,78.0,0,1,3.0,3.0,2,0,3.0,0,1.0,1.0,1,3,26.989619377162633,Obesity Type III,2340.0,2.73,Doctor Supervised Diet,Cardio + Walking
0,20.0,1.58,53.0,1,1,2.0,4.0,1,0,2.0,0,1.0,1.0,3,3,21.230572023714146,Normal Weight,1590.0,1.86,Balanced Diet,Mixed Exercise
1,23.0,1.62,58.0,0,0,2.0,3.0,2,0,1.0,0,1.0,0.0,3,3,22.10028959000152,Normal Weight,1740.0,2.03,Balanced Diet,Mixed Exercise
0,19.0,1.65,56.0,1,1,3.0,3.0,1,1,3.0,1,1.0,2.0,1,3,20.569329660238754,Normal Weight,1680.0,1.96,Balanced Diet,Mixed Exercise
0,61.0,1.65,66.0,0,1,3.0,3.0,0,0,2.0,0,1.0,1.0,1,3,24.242424242424246,Normal Weight,1980.0,2.31,Balanced Diet,Mixed Exercise
1,30.0,1.77,109.0,1,1,3.0,3.0,2,0,1.0,0,2.0,0.0,2,0,34.79204570844904,Overweight Level I,3270.0,3.82,Low Carb Diet,Cardio + Walking
1,24.0,1.7,75.0,1,1,2.0,3.0,2,0,2.0,0,1.0,0.0,2,0,25.95155709342561,Obesity Type II,2250.0,2.63,Medical Weight Loss Diet,Cardio + Walking
1,25.0,1.79,72.0,1,1,2.0,3.0,2,0,2.0,0,1.0,1.0,2,3,22.47120876377142,Normal Weight,2160.0,2.52,Balanced Diet,Mixed Exercise
1,44.0,1.6,80.0,1,0,2.0,3.0,2,1,3.0,0,0.0,0.0,3,2,31.249999999999993,Overweight Level I,2400.0,2.8,Low Carb Diet,Cardio + Walking
1,31.0,1.76,75.0,1,0,3.0,3.0,0,0,3.0,1,3.0,0.0,3,1,24.212293388429753,Normal Weight,2250.0,2.63,Balanced Diet,Mixed Exercise
1,25.0,1.7,68.0,0,1,2.0,3.0,1,0,2.0,0,0.0,1.0,3,3,23.529411764705884,Normal Weight,2040.0,2.38,Balanced Diet,Mixed Exercise
1,23.0,1.89,65.0,1,1,3.0,3.0,1,0,3.0,0,1.0,1.0,2,3,18.19657904313989,Insufficient Weight,1950.0,2.28,High Protein Diet,Strength Training
1,25.0,1.87,66.0,0,1,3.0,3.0,0,0,2.0,0,2.0,0.0,1,3,18.873859704309528,Normal Weight,1980.0,2.31,Balanced Diet,Mixed Exercise
1,23.0,1.74,93.5,0,1,2.0,3.0,1,1,1.0,0,1.0,1.0,1,0,30.88254723213106,Overweight Level I,2805.0,3.27,Low Carb Diet,Cardio + Walking
0,34.0,1.68,75.0,0,1,3.0,1.0,2,0,1.0,0,0.0,0.0,2,0,26.573129251700685,Obesity Type II,2250.0,2.63,Medical Weight Loss Diet,Cardio + Walking
1,22.0,1.61,67.0,1,0,2.0,4.0,2,0,3.0,1,2.0,2.0,2,3,25.847768218818715,Obesity Type II,2010.0,2.35,Medical Weight Loss Diet,Cardio + Walking
1,21.0,1.62,70.0,0,1,2.0,1.0,3,0,3.0,0,1.0,0.0,2,3,26.672763298277697,Obesity Type II,2100.0,2.45,Medical Weight Loss Diet,Cardio + Walking
0,24.0,1.56,51.0,0,0,3.0,3.0,1,0,2.0,0,2.0,2.0,1,3,20.956607495069033,Normal Weight,1530.0,1.78,Balanced Diet,Mixed Exercise
0,36.0,1.63,80.0,1,0,3.0,3.0,2,0,1.0,0,0.0,0.0,2,0,30.11027889645828,Overweight Level I,2400.0,2.8,Low Carb Diet,Cardio + Walking
0,27.0,1.6,61.0,0,1,3.0,3.0,0,0,2.0,0,0.0,0.0,2,0,23.828124999999996,Normal Weight,1830.0,2.14,Balanced Diet,Mixed Exercise
0,32.0,1.67,90.0,1,1,3.0,1.0,2,0,2.0,0,2.0,0.0,2,0,32.2707877657858,Overweight Level I,2700.0,3.15,Low Carb Diet,Cardio + Walking
1,25.0,1.78,78.0,1,1,2.0,1.0,2,0,2.0,0,2.0,1.0,2,3,24.61810377477591,Normal Weight,2340.0,2.73,Balanced Diet,Mixed Exercise
0,30.0,1.62,59.0,1,1,3.0,3.0,2,0,2.0,0,2.0,0.0,2,0,22.481329065691202,Normal Weight,1770.0,2.07,Balanced Diet,Mixed Exercise
0,38.0,1.5,60.0,1,1,2.0,1.0,0,1,2.0,0,0.0,0.0,2,0,26.666666666666668,Obesity Type II,1800.0,2.1,Medical Weight Loss Diet,Cardio + Walking
1,34.0,1.69,84.0,1,0,2.0,3.0,2,0,3.0,0,2.0,0.0,3,0,29.410734918245165,Obesity Type III,2520.0,2.94,Doctor Supervised Diet,Cardio + Walking
1,22.0,1.74,94.0,1,1,2.0,3.0,2,0,2.0,0,0.0,0.0,2,3,31.04769454353283,Overweight Level I,2820.0,3.29,Low Carb Diet,Cardio + Walking
0,31.0,1.68,63.0,1,1,3.0,1.0,1,0,2.0,0,1.0,1.0,2,0,22.321428571428577,Normal Weight,1890.0,2.2,Balanced Diet,Mixed Exercise
0,35.0,1.53,45.0,1,0,3.0,3.0,1,0,1.0,0,0.0,1.0,3,0,19.223375624759708,Normal Weight,1350.0,1.58,Balanced Diet,Mixed Exercise
1,21.0,1.67,60.0,1,1,2.0,3.0,1,0,2.0,0,2.0,1.0,2,3,21.513858510523864,Normal Weight,1800.0,2.1,Balanced Diet,Mixed Exercise
0,40.0,1.55,62.0,1,0,3.0,3.0,2,0,3.0,0,0.0,0.0,2,0,25.806451612903224,Obesity Type II,1860.0,2.17,Medical Weight Loss Diet,Cardio + Walking
1,27.0,1.64,78.0,1,1,2.0,1.0,2,0,2.0,0,0.0,0.0,1,0,29.000594883997625,Obesity Type III,2340.0,2.73,Doctor Supervised Diet,Cardio + Walking
1,20.0,1.83,72.0,1,0,3.0,3.0,2,1,1.0,0,2.0,1.0,2,3,21.49959688255845,Normal Weight,2160.0,2.52,Balanced Diet,Mixed Exercise
1,55.0,1.65,80.0,0,1,2.0,3.0,2,0,2.0,0,1.0,0.0,3,0,29.384756657483933,Obesity Type III,2400.0,2.8,Doctor Supervised Diet,Cardio + Walking
0,21.0,1.63,60.0,1,1,3.0,3.0,0,1,2.0,0,2.0,0.0,2,3,22.582709172343712,Normal Weight,1800.0,2.1,Balanced Diet,Mixed Exercise
1,25.0,1.89,75.0,0,0,3.0,3.0,1,0,2.0,1,3.0,0.0,3,3,20.99605274208449,Normal Weight,2250.0,2.63,Balanced Diet,Mixed Exercise
1,35.0,1.77,85.0,1,0,3.0,3.0,1,0,3.0,0,2.0,1.0,2,0,27.13141179099237,Obesity Type III,2550.0,2.98,Doctor Supervised Diet,Cardio + Walking
1,30.0,1.92,130.0,1,0,2.0,3.0,2,1,1.0,0,1.0,0.0,2,3,35.26475694444444,Overweight Level II,3900.0,4.55,Low Fat Diet,Cardio + Walking
0,29.0,1.74,72.0,1,0,3.0,3.0,0,0,2.0,0,0.0,0.0,2,0,23.781212841854934,Normal Weight,2160.0,2.52,Balanced Diet,Mixed Exercise
1,20.0,1.65,80.0,1,0,2.0,3.0,2,0,2.0,0,1.0,2.0,3,4,29.384756657483933,Obesity Type III,2400.0,2.8,Doctor Supervised Diet,Cardio + Walking
0,22.0,1.73,79.0,1,1,2.0,1.0,2,0,2.0,0,1.0,0.0,2,3,26.395803401383272,Obesity Type II,2370.0,2.76,Medical Weight Loss Diet,Cardio + Walking
0,45.0,1.63,77.0,1,1,2.0,3.0,1,0,1.0,0,0.0,0.0,3,0,28.981143437841094,Obesity Type III,2310.0,2.7,Doctor Supervised Diet,Cardio + Walking
1,22.0,1.72,82.0,0,1,2.0,1.0,2,0,2.0,0,2.0,1.0,2,3,27.717685235262305,Obesity Type III,2460.0,2.87,Doctor Supervised Diet,Cardio + Walking
1,18.0,1.6,58.0,1,1,2.0,3.0,1,0,2.0,0,1.0,0.0,2,3,22.656249999999996,Normal Weight,1740.0,2.03,Balanced Diet,Mixed Exercise
0,23.0,1.65,59.0,0,0,3.0,1.0,2,0,2.0,0,1.0,2.0,2,3,21.6712580348944,Normal Weight,1770.0,2.07,Balanced Diet,Mixed Exercise
1,18.0,1.74,64.0,0,0,3.0,3.0,2,0,2.0,1,0.0,1.0,3,3,21.13885585942661,Normal Weight,1920.0,2.24,Balanced Diet,Mixed Exercise
1,21.0,1.62,70.0,0,1,2.0,1.0,3,0,3.0,0,1.0,0.0,2,3,26.672763298277697,Obesity Type II,2100.0,2.45,Medical Weight Loss Diet,Cardio + Walking
0,38.0,1.64,59.8,1,1,2.0,3.0,2,0,2.0,0,2.0,0.0,3,3,22.233789411064844,Normal Weight,1794.0,2.09,Balanced Diet,Mixed Exercise
0,18.0,1.57,48.0,1,1,3.0,1.0,0,0,1.0,0,1.0,0.0,3,3,19.473406629072173,Normal Weight,1440.0,1.68,Balanced Diet,Mixed Exercise
1,22.0,1.84,84.0,1,1,3.0,3.0,1,0,2.0,1,3.0,0.0,2,3,24.8109640831758,Normal Weight,2520.0,2.94,Balanced Diet,Mixed Exercise
1,26.0,1.91,84.0,1,1,3.0,3.0,1,1,2.0,0,2.0,2.0,1,3,23.025684602944,Normal Weight,2520.0,2.94,Balanced Diet,Mixed Exercise
1,21.0,1.62,70.0,0,1,2.0,1.0,3,0,3.0,0,1.0,0.0,2,3,26.672763298277697,Obesity Type II,2100.0,2.45,Medical Weight Loss Diet,Cardio + Walking
0,18.0,1.58,48.0,0,1,2.0,3.0,2,0,2.0,0,1.0,0.0,3,3,19.227687870533565,Normal Weight,1440.0,1.68,Balanced Diet,Mixed Exercise
0,23.0,1.68,67.0,1,1,2.0,3.0,1,0,1.0,0,0.0,0.0,2,3,23.738662131519277,Normal Weight,2010.0,2.35,Balanced Diet,Mixed Exercise
0,22.0,1.68,52.0,0,1,3.0,3.0,1,0,2.0,0,0.0,1.0,3,3,18.42403628117914,Insufficient Weight,1560.0,1.82,High Protein Diet,Strength Training
0,23.0,1.48,60.0,1,1,2.0,1.0,2,1,1.0,0,0.0,0.0,2,3,27.39225712198685,Obesity Type III,1800.0,2.1,Doctor Supervised Diet,Cardio + Walking
1,21.0,1.62,70.0,0,1,2.0,1.0,3,0,3.0,0,1.0,0.0,2,3,26.672763298277697,Obesity Type II,2100.0,2.45,Medical Weight Loss Diet,Cardio + Walking
0,31.0,1.62,68.0,0,0,3.0,3.0,2,0,2.0,0,1.0,0.0,2,0,25.910684346898332,Obesity Type II,2040.0,2.38,Medical Weight Loss Diet,Cardio + Walking
1,39.0,1.78,96.0,1,0,2.0,3.0,2,0,3.0,0,1.0,0.0,1,0,30.299204645878046,Overweight Level I,2880.0,3.36,Low Carb Diet,Cardio + Walking
1,25.0,1.78,98.0,1,0,2.0,3.0,2,0,3.0,0,3.0,2.0,3,3,30.930438076000502,Overweight Level I,2940.0,3.43,Low Carb Diet,Cardio + Walking
1,35.0,1.78,105.0,1,1,3.0,1.0,3,0,3.0,0,3.0,1.0,1,0,33.13975508142911,Overweight Level I,3150.0,3.68,Low Carb Diet,Cardio + Walking
0,33.0,1.63,62.0,1,1,2.0,3.0,2,0,2.0,0,1.0,1.0,3,3,23.335466144755166,Normal Weight,1860.0,2.17,Balanced Diet,Mixed Exercise
1,20.0,1.6,56.0,0,1,2.0,3.0,2,0,2.0,0,1.0,0.0,2,3,21.874999999999996,Normal Weight,1680.0,1.96,Balanced Diet,Mixed Exercise
1,26.0,1.75,80.0,1,1,3.0,1.0,1,1,2.0,1,2.0,0.0,2,3,26.122448979591837,Obesity Type II,2400.0,2.8,Medical Weight Loss Diet,Cardio + Walking
1,20.0,1.83,85.0,1,0,3.0,3.0,2,0,3.0,1,3.0,0.0,2,0,25.381468541909282,Obesity Type II,2550.0,2.98,Medical Weight Loss Diet,Cardio + Walking
1,20.0,1.78,68.0,0,0,2.0,1.0,1,0,3.0,1,2.0,1.0,3,3,21.461936624163616,Normal Weight,2040.0,2.38,Balanced Diet,Mixed Exercise
0,23.0,1.6,83.0,1,1,3.0,3.0,1,0,3.0,0,3.0,0.0,3,3,32.42187499999999,Overweight Level I,2490.0,2.9,Low Carb Diet,Cardio + Walking
1,19.0,1.8,85.0,1,1,3.0,3.0,2,0,2.0,0,1.0,1.0,2,4,26.234567901234566,Obesity Type II,2550.0,2.98,Medical Weight Loss Diet,Cardio + Walking
1,22.0,1.75,74.0,1,0,2.0,3.0,2,0,2.0,0,1.0,2.0,2,1,24.163265306122447,Normal Weight,2220.0,2.59,Balanced Diet,Mixed Exercise
1,41.0,1.75,118.0,1,1,2.0,3.0,2,0,2.0,0,0.0,0.0,2,1,38.53061224489796,Overweight Level II,3540.0,4.13,Low Fat Diet,Cardio + Walking
0,18.0,1.59,40.0,1,1,2.0,1.0,1,0,1.0,0,0.0,2.0,3,3,15.822158933586486,Insufficient Weight,1200.0,1.4,High Protein Diet,Strength Training
0,23.0,1.66,60.0,1,1,2.0,1.0,2,0,1.0,0,1.0,1.0,2,3,21.773842357381334,Normal Weight,1800.0,2.1,Balanced Diet,Mixed Exercise
0,23.0,1.63,83.0,1,0,3.0,1.0,2,1,3.0,0,1.0,2.0,2,3,31.239414355075468,Overweight Level I,2490.0,2.9,Low Carb Diet,Cardio + Walking
0,41.0,1.54,80.0,1,1,2.0,3.0,0,0,1.0,0,0.0,0.0,2,0,33.732501264968796,Overweight Level I,2400.0,2.8,Low Carb Diet,Cardio + Walking
0,26.0,1.56,102.0,1,1,3.0,3.0,2,1,1.0,0,0.0,1.0,2,3,41.913214990138066,Obesity Type I,3060.0,3.57,Strict Fat Reduction Diet,Cardio + Walking
1,29.0,1.69,90.0,1,0,2.0,3.0,2,0,3.0,0,1.0,0.0,2,0,31.51150169811982,Overweight Level I,2700.0,3.15,Low Carb Diet,Cardio + Walking
1,27.0,1.83,71.0,1,1,2.0,3.0,2,0,2.0,0,3.0,2.0,3,0,21.20099137030069,Normal Weight,2130.0,2.49,Balanced Diet,Mixed Exercise
0,23.0,1.6,78.0,1,1,2.0,1.0,2,1,2.0,0,1.0,0.0,1,3,30.468749999999993,Overweight Level I,2340.0,2.73,Low Carb Diet,Cardio + Walking
1,19.0,1.75,100.0,1,1,2.0,3.0,1,0,2.0,0,2.0,0.0,3,3,32.6530612244898,Overweight Level I,3000.0,3.5,Low Carb Diet,Cardio + Walking
1,30.0,1.75,73.0,1,0,2.0,3.0,3,0,2.0,1,1.0,0.0,2,4,23.836734693877553,Normal Weight,2190.0,2.56,Balanced Diet,Mixed Exercise
0,22.0,1.69,65.0,1,1,2.0,3.0,2,0,2.0,0,1.0,1.0,2,3,22.758306781975424,Normal Weight,1950.0,2.28,Balanced Diet,Mixed Exercise
0,22.0,1.69,65.0,1,1,2.0,3.0,2,0,2.0,0,1.0,1.0,2,3,22.758306781975424,Normal Weight,1950.0,2.28,Balanced Diet,Mixed Exercise
1,20.0,1.8,114.0,1,1,2.0,3.0,1,0,2.0,0,0.0,1.0,3,3,35.18518518518518,Overweight Level II,3420.0,3.99,Low Fat Diet,Cardio + Walking
0,21.0,1.63,51.0,0,1,2.0,1.0,2,0,1.0,0,1.0,1.0,3,3,19.195302796492154,Normal Weight,1530.0,1.78,Balanced Diet,Mixed Exercise
0,24.0,1.5,63.0,1,0,2.0,1.0,2,0,2.0,0,0.0,0.0,3,3,28.0,Obesity Type III,1890.0,2.2,Doctor Supervised Diet,Cardio + Walking
1,21.0,1.8,62.0,1,1,3.0,3.0,2,0,2.0,0,1.0,0.0,3,3,19.1358024691358,Normal Weight,1860.0,2.17,Balanced Diet,Mixed Exercise
1,21.0,1.65,53.0,1,1,2.0,3.0,2,0,2.0,0,1.0,0.0,2,3,19.467401285583104,Normal Weight,1590.0,1.86,Balanced Diet,Mixed Exercise
1,21.0,1.68,70.0,1,1,3.0,3.0,2,0,3.0,0,0.0,2.0,2,3,24.801587301587304,Normal Weight,2100.0,2.45,Balanced Diet,Mixed Exercise
0,23.0,1.6,63.0,1,0,3.0,3.0,1,0,2.0,0,3.0,0.0,2,4,24.609374999999996,Normal Weight,1890.0,2.2,Balanced Diet,Mixed Exercise
1,21.0,1.71,75.0,0,0,2.0,3.0,1,0,3.0,1,3.0,1.0,1,0,25.64891761567662,Obesity Type II,2250.0,2.63,Medical Weight Loss Diet,Cardio + Walking
0,21.0,1.5,42.3,1,0,1.0,1.0,2,0,2.0,0,3.0,0.0,3,3,18.799999999999997,Normal Weight,1269.0,1.48,Balanced Diet,Mixed Exercise
0,21.0,1.6,68.0,1,1,2.0,3.0,2,0,3.0,0,1.0,0.0,2,3,26.562499999999996,Obesity Type II,2040.0,2.38,Medical Weight Loss Diet,Cardio + Walking
0,21.0,1.75,78.0,1,0,2.0,3.0,1,0,2.0,1,0.0,2.0,1,3,25.46938775510204,Obesity Type II,2340.0,2.73,Medical Weight Loss Diet,Cardio + Walking
1,23.0,1.72,82.0,1,1,2.0,1.0,2,0,1.0,0,1.0,1.0,2,3,27.717685235262305,Obesity Type III,2460.0,2.87,Doctor Supervised Diet,Cardio + Walking
0,21.0,1.72,66.5,1,1,3.0,4.0,0,0,3.0,0,0.0,2.0,3,3,22.478366684694432,Normal Weight,1995.0,2.33,Balanced Diet,Mixed Exercise
0,22.0,1.61,63.0,1,1,3.0,3.0,1,0,3.0,0,1.0,0.0,3,3,24.3046178773967,Normal Weight,1890.0,2.2,Balanced Diet,Mixed Exercise
0,23.0,1.63,82.0,1,1,2.0,1.0,2,0,2.0,0,0.0,0.0,3,3,30.863035868869737,Overweight Level I,2460.0,2.87,Low Carb Diet,Cardio + Walking
1,25.0,1.83,121.0,1,0,3.0,3.0,2,0,3.0,0,2.0,0.0,2,4,36.1312669831885,Overweight Level II,3630.0,4.24,Low Fat Diet,Cardio + Walking
0,20.0,1.6,50.0,0,1,2.0,3.0,2,0,1.0,0,0.0,1.0,3,0,19.531249999999996,Normal Weight,1500.0,1.75,Balanced Diet,Mixed Exercise
0,24.0,1.62,58.0,0,1,3.0,3.0,2,0,2.0,0,1.0,1.0,2,3,22.10028959000152,Normal Weight,1740.0,2.03,Balanced Diet,Mixed Exercise
0,40.0,1.68,80.0,0,0,3.0,3.0,2,0,3.0,0,0.0,0.0,3,0,28.344671201814062,Obesity Type III,2400.0,2.8,Doctor Supervised Diet,Cardio + Walking
1,32.0,1.75,120.0,1,0,3.0,3.0,2,0,3.0,0,0.0,2.0,3,0,39.183673469387756,Overweight Level II,3600.0,4.2,Low Fat Diet,Cardio + Walking
1,20.0,1.9,91.0,1,1,3.0,4.0,2,0,3.0,0,2.0,0.0,2,4,25.207756232686982,Obesity Type II,2730.0,3.19,Medical Weight Loss Diet,Cardio + Walking
0,21.0,1.63,66.0,1,1,3.0,1.0,2,1,3.0,0,0.0,0.0,2,3,24.840980089578082,Normal Weight,1980.0,2.31,Balanced Diet,Mixed Exercise
0,51.0,1.59,50.0,1,0,3.0,3.0,2,1,3.0,1,2.0,0.0,3,3,19.77769866698311,Normal Weight,1500.0,1.75,Balanced Diet,Mixed Exercise
0,34.0,1.68,77.0,1,0,3.0,1.0,2,0,2.0,0,1.0,0.0,2,0,27.281746031746035,Obesity Type III,2310.0,2.7,Doctor Supervised Diet,Cardio + Walking
0,19.0,1.59,49.0,1,1,2.0,1.0,3,0,2.0,0,2.0,0.0,3,3,19.382144693643447,Normal Weight,1470.0,1.72,Balanced Diet,Mixed Exercise
0,19.0,1.69,70.0,1,0,2.0,1.0,3,0,2.0,0,2.0,0.0,3,3,24.508945765204302,Normal Weight,2100.0,2.45,Balanced Diet,Mixed Exercise
0,21.0,1.66,59.0,0,1,1.0,3.0,0,0,2.0,1,3.0,0.0,3,0,21.410944984758313,Normal Weight,1770.0,2.07,Balanced Diet,Mixed Exercise
0,19.0,1.64,53.0,1,1,3.0,3.0,2,0,1.0,0,1.0,1.0,3,3,19.705532421177875,Normal Weight,1590.0,1.86,Balanced Diet,Mixed Exercise
0,20.0,1.62,53.0,0,1,3.0,1.0,2,0,3.0,0,1.0,1.0,3,3,20.195092211553114,Normal Weight,1590.0,1.86,Balanced Diet,Mixed Exercise
0,19.0,1.7,64.0,1,1,3.0,3.0,3,0,3.0,1,3.0,1.0,3,3,22.145328719723185,Normal Weight,1920.0,2.24,Balanced Diet,Mixed Exercise
0,17.0,1.63,65.0,0,1,2.0,1.0,2,0,3.0,0,1.0,1.0,3,3,24.46460160337235,Normal Weight,1950.0,2.28,Balanced Diet,Mixed Exercise
1,22.0,1.6,66.0,0,1,3.0,3.0,2,0,2.0,0,3.0,0.0,3,1,25.781249999999996,Obesity Type II,1980.0,2.31,Medical Weight Loss Diet,Cardio + Walking
0,20.0,1.63,64.0,1,1,1.0,3.0,0,0,2.0,0,0.0,2.0,3,0,24.088223117166624,Normal Weight,1920.0,2.24,Balanced Diet,Mixed Exercise
1,33.0,1.85,99.0,1,1,2.0,3.0,2,1,3.0,0,1.0,0.0,2,0,28.926223520818112,Obesity Type III,2970.0,3.47,Doctor Supervised Diet,Cardio + Walking
0,21.0,1.54,49.0,1,0,2.0,1.0,2,0,2.0,1,2.0,0.0,2,3,20.66115702479339,Normal Weight,1470.0,1.72,Balanced Diet,Mixed Exercise
0,20.0,1.64,49.0,0,0,3.0,3.0,2,1,2.0,0,2.0,1.0,2,0,18.218322427126715,Insufficient Weight,1470.0,1.72,High Protein Diet,Strength Training
0,20.0,1.57,60.0,0,1,3.0,3.0,2,0,3.0,0,0.0,1.0,2,3,24.341758286340216,Normal Weight,1800.0,2.1,Balanced Diet,Mixed Exercise
0,20.0,1.62,52.0,0,1,3.0,3.0,1,0,1.0,0,3.0,1.0,3,0,19.81405273586343,Normal Weight,1560.0,1.82,Balanced Diet,Mixed Exercise
1,21.0,1.72,72.0,1,1,3.0,3.0,0,0,3.0,1,3.0,0.0,2,0,24.337479718766904,Normal Weight,2160.0,2.52,Balanced Diet,Mixed Exercise
1,21.0,1.76,78.0,1,1,3.0,1.0,2,0,2.0,0,3.0,0.0,2,4,25.180785123966942,Obesity Type II,2340.0,2.73,Medical Weight Loss Diet,Cardio + Walking
0,20.0,1.65,75.0,1,1,3.0,1.0,2,0,2.0,0,1.0,1.0,3,3,27.548209366391188,Obesity Type III,2250.0,2.63,Doctor Supervised Diet,Cardio + Walking
1,20.0,1.67,78.0,1,0,2.0,1.0,2,0,3.0,0,0.0,0.0,1,0,27.968016063681024,Obesity Type III,2340.0,2.73,Doctor Supervised Diet,Cardio + Walking
1,56.0,1.79,90.0,1,0,2.0,3.0,2,1,2.0,0,1.0,0.0,1,0,28.089010954714272,Obesity Type III,2700.0,3.15,Doctor Supervised Diet,Cardio + Walking
0,26.0,1.59,47.0,1,1,2.0,1.0,2,0,2.0,0,0.0,2.0,2,3,18.59103674696412,Normal Weight,1410.0,1.65,Balanced Diet,Mixed Exercise
0,22.0,1.64,56.0,1,0,3.0,3.0,2,0,2.0,0,0.0,0.0,3,3,20.820939916716245,Normal Weight,1680.0,1.96,Balanced Diet,Mixed Exercise
1,19.0,1.78,81.0,1,0,1.0,3.0,2,0,2.0,0,3.0,0.0,3,1,25.5649539199596,Obesity Type II,2430.0,2.84,Medical Weight Loss Diet,Cardio + Walking
1,18.0,1.75,85.0,1,0,2.0,3.0,2,0,3.0,0,1.0,0.0,2,3,27.755102040816325,Obesity Type III,2550.0,2.98,Doctor Supervised Diet,Cardio + Walking
1,19.0,1.85,115.0,0,0,2.0,3.0,2,0,3.0,1,1.0,2.0,3,3,33.60116873630387,Overweight Level I,3450.0,4.03,Low Carb Diet,Cardio + Walking
1,18.0,1.7,80.0,0,0,3.0,1.0,2,0,1.0,0,1.0,0.0,3,3,27.68166089965398,Obesity Type III,2400.0,2.8,Doctor Supervised Diet,Cardio + Walking
0,18.0,1.67,91.0,1,1,1.0,3.0,1,0,1.0,0,0.0,1.0,2,3,32.62935207429452,Overweight Level I,2730.0,3.19,Low Carb Diet,Cardio + Walking
1,21.0,1.72,75.0,0,1,2.0,3.0,2,0,1.0,0,1.0,0.0,3,3,25.351541373715524,Obesity Type II,2250.0,2.63,Medical Weight Loss Diet,Cardio + Walking
0,28.0,1.7,73.0,1,0,2.0,3.0,1,0,2.0,1,2.0,0.0,2,4,25.25951557093426,Obesity Type II,2190.0,2.56,Medical Weight Loss Diet,Cardio + Walking
1,18.0,1.74,70.0,0,1,2.0,3.0,2,0,2.0,0,1.0,1.0,2,3,23.120623596247853,Normal Weight,2100.0,2.45,Balanced Diet,Mixed Exercise
1,23.0,1.74,53.0,0,1,2.0,3.0,1,0,1.0,0,3.0,2.0,3,3,17.50561500858766,Insufficient Weight,1590.0,1.86,High Protein Diet,Strength Training
1,18.0,1.87,67.0,1,1,3.0,3.0,1,0,3.0,1,1.0,1.0,2,0,19.159827275586945,Normal Weight,2010.0,2.35,Balanced Diet,Mixed Exercise
1,18.0,1.7,50.0,0,1,1.0,3.0,1,0,1.0,0,2.0,1.0,2,3,17.301038062283737,Insufficient Weight,1500.0,1.75,High Protein Diet,Strength Training
0,39.0,1.65,50.0,0,1,3.0,4.0,1,0,2.0,0,0.0,0.0,2,3,18.36547291092746,Insufficient Weight,1500.0,1.75,High Protein Diet,Strength Training
1,38.0,1.7,78.0,0,1,3.0,3.0,1,0,2.0,0,0.0,0.0,1,0,26.989619377162633,Obesity Type III,2340.0,2.73,Doctor Supervised Diet,Cardio + Walking
1,17.0,1.67,60.0,0,0,2.0,4.0,0,0,2.0,0,0.0,2.0,3,3,21.513858510523864,Normal Weight,1800.0,2.1,Balanced Diet,Mixed Exercise
1,23.0,1.72,66.0,1,1,2.0,3.0,2,0,2.0,0,0.0,1.0,2,4,22.30935640886966,Normal Weight,1980.0,2.31,Balanced Diet,Mixed Exercise
1,23.0,1.82,107.0,0,1,2.0,3.0,2,0,3.0,0,0.0,1.0,2,3,32.30286197319164,Overweight Level I,3210.0,3.75,Low Carb Diet,Cardio + Walking
0,19.0,1.5,50.0,0,1,2.0,3.0,1,0,1.0,0,0.0,2.0,2,3,22.22222222222222,Normal Weight,1500.0,1.75,Balanced Diet,Mixed Exercise
1,18.0,1.7,60.0,0,1,2.0,3.0,2,0,2.0,0,2.0,1.0,3,3,20.761245674740486,Normal Weight,1800.0,2.1,Balanced Diet,Mixed Exercise
1,25.0,1.71,71.0,1,1,2.0,3.0,1,0,2.0,0,0.0,0.0,2,2,24.280975342840534,Normal Weight,2130.0,2.49,Balanced Diet,Mixed Exercise
0,25.0,1.61,61.0,0,0,2.0,3.0,2,0,1.0,0,2.0,1.0,2,3,23.533042706685695,Normal Weight,1830.0,2.14,Balanced Diet,Mixed Exercise
0,18.0,1.5,50.0,1,1,3.0,3.0,1,0,2.0,0,0.0,1.0,2,3,22.22222222222222,Normal Weight,1500.0,1.75,Balanced Diet,Mixed Exercise
1,16.0,1.67,50.0,1,1,2.0,1.0,1,0,3.0,0,1.0,0.0,3,3,17.92821542543655,Insufficient Weight,1500.0,1.75,High Protein Diet,Strength Training
1,21.0,1.82,67.0,0,1,2.0,4.0,0,1,3.0,0,3.0,2.0,2,4,20.227025721531216,Normal Weight,2010.0,2.35,Balanced Diet,Mixed Exercise
0,32.0,1.57,57.0,1,1,3.0,3.0,2,0,2.0,0,0.0,0.0,2,0,23.124670372023203,Normal Weight,1710.0,2.0,Balanced Diet,Mixed Exercise
1,18.0,1.79,52.0,0,0,3.0,3.0,2,0,2.0,0,1.0,1.0,2,3,16.22920632939047,Insufficient Weight,1560.0,1.82,High Protein Diet,Strength Training
1,21.0,1.75,62.0,0,1,3.0,4.0,1,1,2.0,0,0.0,0.0,2,3,20.244897959183675,Normal Weight,1860.0,2.17,Balanced Diet,Mixed Exercise
1,18.0,1.7,55.0,1,1,2.0,3.0,1,0,2.0,0,0.0,0.0,2,3,19.031141868512112,Normal Weight,1650.0,1.93,Balanced Diet,Mixed Exercise
0,18.0,1.62,55.0,1,1,2.0,3.0,1,0,1.0,0,1.0,1.0,3,3,20.957171162932475,Normal Weight,1650.0,1.93,Balanced Diet,Mixed Exercise
1,17.0,1.69,60.0,0,0,2.0,3.0,2,0,3.0,0,2.0,1.0,2,4,21.007667798746546,Normal Weight,1800.0,2.1,Balanced Diet,Mixed Exercise
1,20.0,1.77,70.0,1,1,1.0,1.0,2,0,2.0,0,1.0,1.0,2,3,22.34351559258195,Normal Weight,2100.0,2.45,Balanced Diet,Mixed Exercise
1,21.0,1.79,105.0,1,1,2.0,3.0,0,0,1.0,0,0.0,0.0,2,3,32.770512780499985,Overweight Level I,3150.0,3.68,Low Carb Diet,Cardio + Walking
0,21.0,1.6,61.0,0,1,2.0,3.0,2,0,1.0,0,1.0,1.0,2,3,23.828124999999996,Normal Weight,1830.0,2.14,Balanced Diet,Mixed Exercise
0,18.0,1.6,58.0,1,1,2.0,3.0,2,0,3.0,0,3.0,0.0,3,3,22.656249999999996,Normal Weight,1740.0,2.03,Balanced Diet,Mixed Exercise
0,17.0,1.56,51.0,0,1,3.0,3.0,2,0,1.0,0,0.0,2.0,3,3,20.956607495069033,Normal Weight,1530.0,1.78,Balanced Diet,Mixed Exercise
1,19.0,1.88,79.0,0,0,2.0,3.0,2,0,3.0,0,3.0,0.0,2,0,22.351742870076958,Normal Weight,2370.0,2.76,Balanced Diet,Mixed Exercise
1,16.0,1.82,71.0,1,1,2.0,3.0,1,0,2.0,0,2.0,1.0,2,3,21.434609346697258,Normal Weight,2130.0,2.49,Balanced Diet,Mixed Exercise
1,17.0,1.8,58.0,0,1,2.0,3.0,1,0,2.0,0,2.0,1.0,3,4,17.901234567901234,Insufficient Weight,1740.0,2.03,High Protein Diet,Strength Training
1,21.0,1.7,65.0,1,1,2.0,3.0,1,0,1.0,0,1.0,1.0,3,3,22.49134948096886,Normal Weight,1950.0,2.28,Balanced Diet,Mixed Exercise
1,19.0,1.82,75.0,1,0,2.0,3.0,1,0,2.0,0,1.0,0.0,3,3,22.6421929718633,Normal Weight,2250.0,2.63,Balanced Diet,Mixed Exercise
1,18.0,1.86,110.0,1,1,2.0,1.0,2,1,2.0,0,1.0,2.0,2,3,31.795583304428252,Overweight Level I,3300.0,3.85,Low Carb Diet,Cardio + Walking
0,16.0,1.66,58.0,0,0,2.0,1.0,2,0,1.0,0,0.0,1.0,3,4,21.04804761213529,Normal Weight,1740.0,2.03,Balanced Diet,Mixed Exercise
0,21.0,1.53,53.0,0,1,3.0,3.0,2,0,2.0,0,2.0,1.0,2,3,22.64086462471699,Normal Weight,1590.0,1.86,Balanced Diet,Mixed Exercise
1,26.0,1.74,80.0,0,0,2.0,3.0,2,0,2.0,0,2.0,0.0,3,0,26.42356982428326,Obesity Type II,2400.0,2.8,Medical Weight Loss Diet,Cardio + Walking
1,18.0,1.8,80.0,1,1,2.0,3.0,1,0,1.0,0,0.0,1.0,1,3,24.691358024691358,Normal Weight,2400.0,2.8,Balanced Diet,Mixed Exercise
1,23.0,1.7,75.0,0,1,3.0,3.0,2,0,3.0,0,1.0,2.0,2,3,25.95155709342561,Obesity Type II,2250.0,2.63,Medical Weight Loss Diet,Cardio + Walking
1,26.0,1.7,70.0,0,1,2.0,3.0,2,1,1.0,0,0.0,0.0,2,3,24.221453287197235,Normal Weight,2100.0,2.45,Balanced Diet,Mixed Exercise
1,18.0,1.72,55.0,0,1,2.0,4.0,2,0,2.0,0,2.0,1.0,2,3,18.591130340724717,Normal Weight,1650.0,1.93,Balanced Diet,Mixed Exercise
1,16.0,1.84,45.0,1,1,3.0,3.0,0,0,3.0,0,3.0,2.0,2,4,13.291587901701323,Insufficient Weight,1350.0,1.58,High Protein Diet,Strength Training
0,16.0,1.57,49.0,0,1,2.0,4.0,0,0,2.0,0,0.0,1.0,2,3,19.879102600511175,Normal Weight,1470.0,1.72,Balanced Diet,Mixed Exercise
1,20.0,1.8,85.0,1,0,2.0,3.0,2,0,3.0,0,2.0,1.0,2,3,26.234567901234566,Obesity Type II,2550.0,2.98,Medical Weight Loss Diet,Cardio + Walking
1,23.0,1.75,120.0,1,1,2.0,3.0,2,1,2.0,0,2.0,1.0,2,3,39.183673469387756,Overweight Level II,3600.0,4.2,Low Fat Diet,Cardio + Walking
0,24.0,1.56,60.0,1,1,1.0,3.0,0,0,2.0,0,0.0,2.0,2,3,24.654832347140037,Normal Weight,1800.0,2.1,Balanced Diet,Mixed Exercise
0,23.0,1.59,48.0,1,1,2.0,1.0,1,0,1.0,0,0.0,2.0,2,3,18.986590720303784,Normal Weight,1440.0,1.68,Balanced Diet,Mixed Exercise
1,20.0,1.8,75.0,0,1,3.0,4.0,0,0,3.0,0,2.0,0.0,2,3,23.148148148148145,Normal Weight,2250.0,2.63,Balanced Diet,Mixed Exercise
0,16.0,1.66,58.0,0,0,2.0,1.0,2,0,1.0,0,0.0,1.0,3,4,21.04804761213529,Normal Weight,1740.0,2.03,Balanced Diet,Mixed Exercise
1,17.0,1.79,57.0,1,1,2.0,4.0,1,0,2.0,0,2.0,1.0,3,3,17.789706937985706,Insufficient Weight,1710.0,2.0,High Protein Diet,Strength Training
1,17.0,1.72,62.0,0,1,2.0,3.0,0,0,2.0,0,3.0,1.0,3,3,20.9572742022715,Normal Weight,1860.0,2.17,Balanced Diet,Mixed Exercise
0,16.0,1.6,57.0,0,1,3.0,3.0,2,0,1.0,0,3.0,0.0,3,3,22.265624999999996,Normal Weight,1710.0,2.0,Balanced Diet,Mixed Exercise
1,17.0,1.66,56.0,1,1,1.0,3.0,0,0,2.0,0,1.0,1.0,2,3,20.322252866889244,Normal Weight,1680.0,1.96,Balanced Diet,Mixed Exercise
0,26.0,1.65,63.0,0,1,3.0,3.0,2,0,1.0,0,1.0,0.0,3,4,23.140495867768596,Normal Weight,1890.0,2.2,Balanced Diet,Mixed Exercise
1,26.0,1.7,72.0,0,1,2.0,3.0,0,0,2.0,0,0.0,0.0,2,3,24.913494809688583,Normal Weight,2160.0,2.52,Balanced Diet,Mixed Exercise
1,38.0,1.75,75.0,1,0,3.0,3.0,1,0,1.0,0,2.0,1.0,3,0,24.489795918367346,Normal Weight,2250.0,2.63,Balanced Diet,Mixed Exercise
1,18.0,1.75,70.0,0,1,3.0,4.0,2,0,2.0,0,1.0,1.0,3,3,22.857142857142858,Normal Weight,2100.0,2.45,Balanced Diet,Mixed Exercise
0,25.0,1.56,45.0,0,1,2.0,3.0,2,0,1.0,0,0.0,0.0,2,3,18.49112426035503,Normal Weight,1350.0,1.58,Balanced Diet,Mixed Exercise
0,27.0,1.55,63.0,0,1,2.0,3.0,2,0,1.0,0,0.0,1.0,2,0,26.22268470343392,Obesity Type II,1890.0,2.2,Medical Weight Loss Diet,Cardio + Walking
1,21.0,1.67,67.0,1,1,3.0,1.0,0,0,2.0,0,1.0,1.0,3,3,24.023808670084982,Normal Weight,2010.0,2.35,Balanced Diet,Mixed Exercise
1,38.0,1.75,75.0,1,0,3.0,3.0,1,0,1.0,0,3.0,1.0,3,0,24.489795918367346,Normal Weight,2250.0,2.63,Balanced Diet,Mixed Exercise
0,23.0,1.75,56.0,0,0,3.0,3.0,1,0,2.0,0,2.0,0.0,2,3,18.285714285714285,Insufficient Weight,1680.0,1.96,High Protein Diet,Strength Training
1,18.0,1.8,72.0,1,1,2.0,3.0,2,0,2.0,0,3.0,0.0,2,0,22.22222222222222,Normal Weight,2160.0,2.52,Balanced Diet,Mixed Exercise
0,30.0,1.65,71.0,1,1,2.0,3.0,2,0,1.0,0,0.0,0.0,2,3,26.07897153351699,Obesity Type II,2130.0,2.49,Medical Weight Loss Diet,Cardio + Walking
0,21.0,1.55,58.0,0,1,2.0,1.0,2,0,1.0,0,1.0,0.0,2,3,24.141519250780433,Normal Weight,1740.0,2.03,Balanced Diet,Mixed Exercise
1,18.0,1.7,55.3,1,1,3.0,3.0,2,0,2.0,0,3.0,0.0,2,3,19.134948096885815,Normal Weight,1659.0,1.94,Balanced Diet,Mixed Exercise
1,23.0,1.72,76.0,1,0,3.0,4.0,1,0,1.0,0,0.0,0.0,2,3,25.689561925365066,Obesity Type II,2280.0,2.66,Medical Weight Loss Diet,Cardio + Walking
1,19.0,1.74,74.0,1,0,3.0,1.0,2,0,3.0,0,3.0,1.0,2,4,24.441802087462015,Normal Weight,2220.0,2.59,Balanced Diet,Mixed Exercise
0,19.0,1.65,82.0,1,1,3.0,3.0,2,0,1.0,0,0.0,1.0,2,3,30.119375573921033,Overweight Level I,2460.0,2.87,Low Carb Diet,Cardio + Walking
0,17.0,1.8,50.0,0,1,3.0,4.0,1,0,1.0,0,2.0,1.0,2,3,15.432098765432098,Insufficient Weight,1500.0,1.75,High Protein Diet,Strength Training
1,17.0,1.74,56.0,1,1,2.0,3.0,2,0,2.0,0,2.0,1.0,3,3,18.49649887699828,Normal Weight,1680.0,1.96,Balanced Diet,Mixed Exercise
1,27.0,1.85,75.0,1,1,2.0,1.0,2,0,2.0,0,1.0,0.0,3,4,21.913805697589478,Normal Weight,2250.0,2.63,Balanced Diet,Mixed Exercise
0,23.0,1.7,56.0,0,0,3.0,4.0,0,0,3.0,1,3.0,0.0,3,0,19.377162629757787,Normal Weight,1680.0,1.96,Balanced Diet,Mixed Exercise
0,18.0,1.45,53.0,0,1,2.0,3.0,1,0,2.0,1,1.0,2.0,1,3,25.20808561236623,Obesity Type II,1590.0,1.86,Medical Weight Loss Diet,Cardio + Walking
1,19.0,1.7,50.0,0,1,1.0,4.0,1,0,1.0,0,2.0,1.0,2,3,17.301038062283737,Insufficient Weight,1500.0,1.75,High Protein Diet,Strength Training
1,20.0,1.7,65.0,0,1,2.0,3.0,2,0,2.0,0,0.0,1.0,3,3,22.49134948096886,Normal Weight,1950.0,2.28,Balanced Diet,Mixed Exercise
1,18.0,1.78,64.4,1,1,3.0,3.0,1,0,2.0,0,3.0,2.0,3,4,20.32571644994319,Normal Weight,1932.0000000000002,2.25,Balanced Diet,Mixed Exercise
0,17.0,1.6,65.0,0,1,3.0,1.0,2,0,2.0,1,1.0,2.0,2,3,25.390624999999996,Obesity Type II,1950.0,2.28,Medical Weight Loss Diet,Cardio + Walking
0,19.0,1.53,42.0,0,0,2.0,3.0,2,0,1.0,1,2.0,0.0,1,3,17.941817249775728,Insufficient Weight,1260.0,1.47,High Protein Diet,Strength Training
1,21.0,1.8,72.0,0,1,3.0,3.0,2,0,2.0,0,1.0,1.0,3,3,22.22222222222222,Normal Weight,2160.0,2.52,Balanced Diet,Mixed Exercise
1,20.0,1.6,50.0,0,0,2.0,3.0,2,0,1.0,0,0.0,0.0,2,3,19.531249999999996,Normal Weight,1500.0,1.75,Balanced Diet,Mixed Exercise
1,23.0,1.74,105.0,1,1,3.0,3.0,2,0,2.0,0,1.0,0.0,2,3,34.68093539437178,Overweight Level I,3150.0,3.68,Low Carb Diet,Cardio + Walking
1,23.0,1.65,66.0,0,0,3.0,3.0,2,0,2.0,0,3.0,0.0,3,3,24.242424242424246,Normal Weight,1980.0,2.31,Balanced Diet,Mixed Exercise
1,18.0,1.87,173.0,1,1,3.0,3.0,1,0,2.0,0,2.0,1.0,2,3,49.47238983099316,Obesity Type I,5190.0,6.06,Strict Fat Reduction Diet,Cardio + Walking
1,17.0,1.7,55.0,0,1,3.0,3.0,0,0,2.0,0,3.0,1.0,2,3,19.031141868512112,Normal Weight,1650.0,1.93,Balanced Diet,Mixed Exercise
0,21.0,1.54,47.0,1,0,3.0,3.0,0,0,1.0,0,2.0,0.0,3,3,19.81784449316917,Normal Weight,1410.0,1.65,Balanced Diet,Mixed Exercise
1,17.0,1.8,97.0,1,1,2.0,3.0,2,0,3.0,0,1.0,1.0,2,4,29.93827160493827,Obesity Type III,2910.0,3.4,Doctor Supervised Diet,Cardio + Walking
1,18.0,1.82,80.0,1,1,2.0,3.0,2,0,2.0,0,3.0,2.0,3,4,24.151672503320853,Normal Weight,2400.0,2.8,Balanced Diet,Mixed Exercise
1,20.0,1.98,125.0,1,1,2.0,3.0,0,0,3.0,0,1.0,1.0,2,3,31.88450158147128,Overweight Level I,3750.0,4.38,Low Carb Diet,Cardio + Walking
1,17.0,1.75,70.0,1,0,2.0,3.0,2,0,1.0,0,3.0,2.0,2,4,22.857142857142858,Normal Weight,2100.0,2.45,Balanced Diet,Mixed Exercise
0,26.0,1.65,60.0,0,0,3.0,4.0,0,0,2.0,0,2.0,0.0,3,4,22.03856749311295,Normal Weight,1800.0,2.1,Balanced Diet,Mixed Exercise
0,17.0,1.6,53.0,0,1,1.0,3.0,2,0,1.0,0,2.0,2.0,2,4,20.703124999999996,Normal Weight,1590.0,1.86,Balanced Diet,Mixed Exercise
0,24.0,1.6,51.0,1,1,1.0,3.0,2,0,2.0,0,0.0,1.0,2,0,19.921874999999996,Normal Weight,1530.0,1.78,Balanced Diet,Mixed Exercise
0,17.0,1.6,59.0,0,1,2.0,3.0,2,0,2.0,0,1.0,2.0,3,3,23.046874999999996,Normal Weight,1770.0,2.07,Balanced Diet,Mixed Exercise
0,27.0,1.55,62.0,0,1,3.0,1.0,2,0,1.0,0,1.0,0.0,2,3,25.806451612903224,Obesity Type II,1860.0,2.17,Medical Weight Loss Diet,Cardio + Walking
1,17.0,1.9,60.0,0,0,3.0,3.0,2,0,2.0,0,3.0,1.0,3,4,16.62049861495845,Insufficient Weight,1800.0,2.1,High Protein Diet,Strength Training
0,17.0,1.7,56.0,1,1,1.0,3.0,2,0,1.0,0,1.0,1.0,3,0,19.377162629757787,Normal Weight,1680.0,1.96,Balanced Diet,Mixed Exercise
1,41.0,1.75,110.0,1,0,2.0,1.0,2,0,1.0,0,1.0,0.0,1,0,35.91836734693877,Overweight Level II,3300.0,3.85,Low Fat Diet,Cardio + Walking
0,33.0,1.56,48.0,1,0,2.0,3.0,2,0,2.0,0,1.0,0.0,2,3,19.72386587771203,Normal Weight,1440.0,1.68,Balanced Diet,Mixed Exercise
1,20.0,1.87,75.0,0,1,2.0,3.0,1,0,1.0,0,1.0,1.0,2,3,21.447567845806283,Normal Weight,2250.0,2.63,Balanced Diet,Mixed Exercise
0,40.0,1.56,80.0,1,1,2.0,1.0,2,0,2.0,0,2.0,0.0,3,3,32.87310979618672,Overweight Level I,2400.0,2.8,Low Carb Diet,Cardio + Walking
0,37.0,1.65,73.0,1,0,3.0,3.0,2,0,2.0,0,1.0,0.0,2,0,26.813590449954088,Obesity Type II,2190.0,2.56,Medical Weight Loss Diet,Cardio + Walking
1,19.0,1.8,80.0,0,1,2.0,1.0,2,0,2.0,0,2.0,1.0,2,3,24.691358024691358,Normal Weight,2400.0,2.8,Balanced Diet,Mixed Exercise
1,24.0,1.84,86.0,1,1,2.0,1.0,0,0,2.0,0,2.0,1.0,2,3,25.401701323251416,Obesity Type II,2580.0,3.01,Medical Weight Loss Diet,Cardio + Walking
1,24.0,1.7,68.0,0,1,3.0,3.0,2,0,2.0,0,0.0,0.0,2,2,23.529411764705884,Normal Weight,2040.0,2.38,Balanced Diet,Mixed Exercise
1,33.0,1.72,83.0,1,1,2.0,1.0,2,0,2.0,0,3.0,0.0,2,0,28.055705786911847,Obesity Type III,2490.0,2.9,Doctor Supervised Diet,Cardio + Walking
0,40.0,1.58,63.0,0,1,2.0,3.0,1,0,2.0,0,3.0,1.0,2,3,25.236340330075304,Obesity Type II,1890.0,2.2,Medical Weight Loss Diet,Cardio + Walking
0,37.0,1.68,83.0,1,1,2.0,1.0,2,0,2.0,0,0.0,0.0,3,0,29.40759637188209,Obesity Type III,2490.0,2.9,Doctor Supervised Diet,Cardio + Walking
1,20.0,1.58,74.0,0,0,3.0,3.0,1,0,2.0,0,3.0,1.0,2,3,29.642685467072578,Obesity Type III,2220.0,2.59,Doctor Supervised Diet,Cardio + Walking
1,19.0,1.8,60.0,0,1,2.0,3.0,2,0,1.0,0,1.0,1.0,3,3,18.51851851851852,Normal Weight,1800.0,2.1,Balanced Diet,Mixed Exercise
1,17.0,1.62,69.0,1,1,3.0,1.0,0,0,2.0,1,1.0,2.0,2,3,26.291723822588015,Obesity Type II,2070.0,2.42,Medical Weight Loss Diet,Cardio + Walking
0,18.0,1.62,58.0,0,1,3.0,3.0,2,0,1.0,0,0.0,2.0,3,0,22.10028959000152,Normal Weight,1740.0,2.03,Balanced Diet,Mixed Exercise
0,21.0,1.54,56.0,0,1,2.0,1.0,2,0,2.0,0,0.0,2.0,2,3,23.61275088547816,Normal Weight,1680.0,1.96,Balanced Diet,Mixed Exercise
1,18.0,1.76,70.0,1,1,2.0,4.0,1,0,2.0,0,2.0,1.0,2,0,22.59814049586777,Normal Weight,2100.0,2.45,Balanced Diet,Mixed Exercise
1,41.0,1.8,92.0,1,1,2.0,1.0,1,0,3.0,0,1.0,0.0,2,0,28.39506172839506,Obesity Type III,2760.0,3.22,Doctor Supervised Diet,Cardio + Walking
0,36.0,1.58,60.0,1,0,3.0,3.0,2,0,1.0,0,2.0,0.0,2,0,24.034609838166958,Normal Weight,1800.0,2.1,Balanced Diet,Mixed Exercise
1,18.0,1.76,68.0,0,0,2.0,4.0,1,0,2.0,0,1.0,1.0,2,3,21.952479338842977,Normal Weight,2040.0,2.38,Balanced Diet,Mixed Exercise
1,18.0,1.73,70.0,0,1,3.0,3.0,1,0,1.0,0,2.0,1.0,2,3,23.38868655818771,Normal Weight,2100.0,2.45,Balanced Diet,Mixed Exercise
1,17.0,1.7,70.0,1,1,3.0,3.0,2,0,2.0,0,0.0,2.0,2,4,24.221453287197235,Normal Weight,2100.0,2.45,Balanced Diet,Mixed Exercise
1,25.0,1.7,83.0,0,1,3.0,3.0,2,0,3.0,1,3.0,0.0,3,2,28.719723183391007,Obesity Type III,2490.0,2.9,Doctor Supervised Diet,Cardio + Walking
1,21.0,1.8,75.0,1,1,3.0,3.0,1,0,1.0,0,2.0,0.0,2,3,23.148148148148145,Normal Weight,2250.0,2.63,Balanced Diet,Mixed Exercise
0,29.0,1.6,56.0,1,0,2.0,3.0,1,0,1.0,0,0.0,1.0,2,3,21.874999999999996,Normal Weight,1680.0,1.96,Balanced Diet,Mixed Exercise
1,17.0,1.7,98.0,1,0,2.0,3.0,2,0,2.0,0,0.0,1.0,2,0,33.91003460207613,Overweight Level I,2940.0,3.43,Low Carb Diet,Cardio + Walking
0,18.0,1.6,60.0,1,1,3.0,1.0,2,0,1.0,1,0.0,2.0,3,4,23.437499999999996,Normal Weight,1800.0,2.1,Balanced Diet,Mixed Exercise
0,16.0,1.55,45.0,0,1,2.0,3.0,1,0,2.0,0,1.0,1.0,3,3,18.730489073881373,Normal Weight,1350.0,1.58,Balanced Diet,Mixed Exercise
0,18.0,1.59,53.0,0,0,1.0,3.0,2,0,1.0,0,1.0,2.0,3,3,20.964360587002094,Normal Weight,1590.0,1.86,Balanced Diet,Mixed Exercise
0,37.0,1.5,75.0,1,1,2.0,3.0,1,0,1.0,0,0.0,0.0,2,2,33.333333333333336,Overweight Level I,2250.0,2.63,Low Carb Diet,Cardio + Walking
1,18.0,1.78,108.0,1,0,2.0,3.0,2,0,3.0,0,1.0,0.0,3,3,34.086605226612804,Overweight Level I,3240.0,3.78,Low Carb Diet,Cardio + Walking
0,16.0,1.61,65.0,1,1,1.0,1.0,2,0,2.0,0,0.0,0.0,3,3,25.076193048107708,Obesity Type II,1950.0,2.28,Medical Weight Loss Diet,Cardio + Walking
1,23.0,1.71,50.0,1,1,2.0,3.0,0,0,3.0,0,0.0,2.0,3,3,17.09927841045108,Insufficient Weight,1500.0,1.75,High Protein Diet,Strength Training
0,18.0,1.7,50.0,0,0,2.0,3.0,2,0,2.0,0,0.0,1.0,2,4,17.301038062283737,Insufficient Weight,1500.0,1.75,High Protein Diet,Strength Training
1,18.0,1.76,69.5,0,0,3.0,3.0,1,0,3.0,0,2.0,2.0,3,3,22.43672520661157,Normal Weight,2085.0,2.43,Balanced Diet,Mixed Exercise
1,18.0,1.7,78.0,0,1,1.0,3.0,2,0,2.0,0,0.0,1.0,2,3,26.989619377162633,Obesity Type III,2340.0,2.73,Doctor Supervised Diet,Cardio + Walking
0,17.0,1.53,55.0,1,1,2.0,3.0,2,0,1.0,0,0.0,1.0,3,3,23.49523687470631,Normal Weight,1650.0,1.93,Balanced Diet,Mixed Exercise
0,20.0,1.54,39.0,1,1,1.0,3.0,2,0,2.0,0,3.0,2.0,2,3,16.444594366672288,Insufficient Weight,1170.0,1.37,High Protein Diet,Strength Training
0,38.0,1.55,59.0,1,0,3.0,3.0,2,0,1.0,0,2.0,1.0,1,0,24.55775234131113,Normal Weight,1770.0,2.07,Balanced Diet,Mixed Exercise
1,20.0,1.66,60.0,0,1,2.0,4.0,1,0,3.0,0,0.0,0.0,3,3,21.773842357381334,Normal Weight,1800.0,2.1,Balanced Diet,Mixed Exercise
1,21.0,1.85,125.0,1,1,3.0,1.0,0,0,1.0,0,0.0,0.0,2,3,36.523009495982464,Overweight Level II,3750.0,4.38,Low Fat Diet,Cardio + Walking
1,21.0,1.65,60.0,0,0,3.0,1.0,1,0,1.0,0,0.0,0.0,2,2,22.03856749311295,Normal Weight,1800.0,2.1,Balanced Diet,Mixed Exercise
1,18.0,1.65,70.0,1,0,2.0,3.0,2,0,2.0,0,0.0,0.0,3,3,25.71166207529844,Obesity Type II,2100.0,2.45,Medical Weight Loss Diet,Cardio + Walking
1,26.0,1.83,82.0,0,1,2.0,3.0,0,0,2.0,0,1.0,1.0,2,3,24.48565200513601,Normal Weight,2460.0,2.87,Balanced Diet,Mixed Exercise
1,27.0,1.83,99.0,1,1,3.0,1.0,1,0,2.0,0,2.0,1.0,2,4,29.56194571351787,Obesity Type III,2970.0,3.47,Doctor Supervised Diet,Cardio + Walking
0,26.0,1.66,112.0,1,0,3.0,3.0,2,0,3.0,0,0.0,0.0,3,0,40.64450573377849,Obesity Type I,3360.0,3.92,Strict Fat Reduction Diet,Cardio + Walking
1,34.0,1.78,73.0,0,1,2.0,3.0,2,0,2.0,0,3.0,1.0,2,0,23.04002019946976,Normal Weight,2190.0,2.56,Balanced Diet,Mixed Exercise
1,18.0,1.74,86.0,0,0,3.0,3.0,2,0,2.0,0,3.0,0.0,3,3,28.405337561104506,Obesity Type III,2580.0,3.01,Doctor Supervised Diet,Cardio + Walking
1,33.0,1.76,66.5,0,0,2.0,3.0,2,0,2.0,0,3.0,1.0,2,0,21.46823347107438,Normal Weight,1995.0,2.33,Balanced Diet,Mixed Exercise
0,19.0,1.51,59.0,1,1,3.0,3.0,1,0,1.0,0,1.0,2.0,2,4,25.876058067628612,Obesity Type II,1770.0,2.07,Medical Weight Loss Diet,Cardio + Walking
1,20.0,1.81,79.0,1,0,3.0,1.0,2,0,2.0,0,0.0,0.0,2,3,24.114038033027075,Normal Weight,2370.0,2.76,Balanced Diet,Mixed Exercise
0,33.0,1.55,55.0,1,1,3.0,1.0,2,0,3.0,0,2.0,1.0,2,3,22.892819979188342,Normal Weight,1650.0,1.93,Balanced Diet,Mixed Exercise
1,20.0,1.83,66.0,0,0,2.0,3.0,2,0,2.0,0,1.0,1.0,3,3,19.70796380901191,Normal Weight,1980.0,2.31,Balanced Diet,Mixed Exercise
0,20.0,1.6,65.0,0,0,3.0,3.0,2,0,2.0,1,0.0,0.0,2,3,25.390624999999996,Obesity Type II,1950.0,2.28,Medical Weight Loss Diet,Cardio + Walking
1,33.0,1.85,85.0,0,1,2.0,3.0,1,0,2.0,0,1.0,0.0,2,0,24.835646457268076,Normal Weight,2550.0,2.98,Balanced Diet,Mixed Exercise
1,33.0,1.75,85.0,0,0,2.0,3.0,2,0,2.0,1,1.0,0.0,2,3,27.755102040816325,Obesity Type III,2550.0,2.98,Doctor Supervised Diet,Cardio + Walking
1,33.0,1.83,113.0,1,1,2.0,1.0,0,0,2.0,0,1.0,2.0,1,0,33.74242288512645,Overweight Level I,3390.0,3.96,Low Carb Diet,Cardio + Walking
1,14.0,1.71,72.0,1,1,3.0,3.0,2,0,3.0,0,2.0,1.0,3,4,24.622960911049557,Normal Weight,2160.0,2.52,Balanced Diet,Mixed Exercise
1,34.0,1.84,88.0,0,1,3.0,3.0,2,0,1.0,1,2.0,0.0,3,0,25.99243856332703,Obesity Type II,2640.0,3.08,Medical Weight Loss Diet,Cardio + Walking
1,18.0,1.77,87.0,1,1,3.0,3.0,2,0,2.0,0,1.0,1.0,1,3,27.769797950780426,Obesity Type III,2610.0,3.05,Doctor Supervised Diet,Cardio + Walking
1,18.0,1.7,90.0,0,1,3.0,3.0,2,0,2.0,0,2.0,0.0,2,3,31.14186851211073,Overweight Level I,2700.0,3.15,Low Carb Diet,Cardio + Walking
1,29.0,1.62,89.0,1,1,1.0,3.0,2,0,1.0,0,0.0,0.0,2,3,33.91251333638164,Overweight Level I,2670.0,3.12,Low Carb Diet,Cardio + Walking
1,18.0,1.85,60.0,1,1,3.0,4.0,2,0,2.0,1,2.0,0.0,2,0,17.531044558071585,Insufficient Weight,1800.0,2.1,High Protein Diet,Strength Training
1,18.0,1.84,60.0,1,1,3.0,4.0,2,0,2.0,1,2.0,0.0,2,0,17.72211720226843,Insufficient Weight,1800.0,2.1,High Protein Diet,Strength Training
1,19.0,1.75,58.0,0,1,2.0,3.0,2,0,2.0,0,2.0,0.0,2,1,18.93877551020408,Normal Weight,1740.0,2.03,Balanced Diet,Mixed Exercise
1,33.0,1.85,93.0,1,1,2.0,3.0,2,0,1.0,0,1.0,1.0,2,4,27.173119065010955,Obesity Type III,2790.0,3.26,Doctor Supervised Diet,Cardio + Walking
1,33.0,1.74,76.0,0,0,2.0,3.0,2,0,1.0,0,0.0,2.0,2,4,25.102391333069097,Obesity Type II,2280.0,2.66,Medical Weight Loss Diet,Cardio + Walking
0,19.0,1.61,53.8,1,1,2.0,3.0,0,0,2.0,0,2.0,1.0,2,3,20.755372092126073,Normal Weight,1614.0,1.88,Balanced Diet,Mixed Exercise
1,22.0,1.75,70.0,0,0,2.0,3.0,2,0,3.0,0,1.0,1.0,3,3,22.857142857142858,Normal Weight,2100.0,2.45,Balanced Diet,Mixed Exercise
0,20.0,1.67,60.0,0,1,3.0,3.0,3,0,2.0,0,3.0,0.0,2,3,21.513858510523864,Normal Weight,1800.0,2.1,Balanced Diet,Mixed Exercise
1,23.0,1.7,69.0,0,1,3.0,1.0,1,0,1.0,0,2.0,1.0,2,3,23.87543252595156,Normal Weight,2070.0,2.42,Balanced Diet,Mixed Exercise
1,26.0,1.9,80.0,1,1,2.0,3.0,1,0,1.0,1,1.0,0.0,2,0,22.1606648199446,Normal Weight,2400.0,2.8,Balanced Diet,Mixed Exercise
1,18.0,1.65,85.0,0,1,2.0,3.0,2,0,1.0,0,1.0,0.0,2,3,31.22130394857668,Overweight Level I,2550.0,2.98,Low Carb Diet,Cardio + Walking
0,18.0,1.6,55.0,0,1,2.0,4.0,1,0,2.0,0,2.0,1.0,2,3,21.484374999999996,Normal Weight,1650.0,1.93,Balanced Diet,Mixed Exercise
1,19.0,1.8,70.0,0,1,3.0,3.0,1,0,1.0,0,2.0,0.0,3,3,21.604938271604937,Normal Weight,2100.0,2.45,Balanced Diet,Mixed Exercise
0,18.0,1.64,59.0,1,1,2.0,3.0,2,0,1.0,0,1.0,1.0,2,3,21.936347412254616,Normal Weight,1770.0,2.07,Balanced Diet,Mixed Exercise
1,19.0,1.89,87.0,0,1,2.0,4.0,1,0,2.0,0,3.0,1.0,1,0,24.355421180818006,Normal Weight,2610.0,3.05,Balanced Diet,Mixed Exercise
0,19.0,1.76,80.0,1,1,2.0,1.0,2,0,3.0,0,3.0,1.0,3,3,25.826446280991735,Obesity Type II,2400.0,2.8,Medical Weight Loss Diet,Cardio + Walking
0,18.0,1.56,55.0,0,1,2.0,3.0,2,0,1.0,0,0.0,0.0,1,0,22.600262984878366,Normal Weight,1650.0,1.93,Balanced Diet,Mixed Exercise
0,18.0,1.6,56.0,1,1,2.0,1.0,0,0,2.0,0,1.0,0.0,2,4,21.874999999999996,Normal Weight,1680.0,1.96,Balanced Diet,Mixed Exercise
0,19.0,1.67,64.0,0,1,3.0,3.0,2,0,2.0,0,2.0,1.0,2,0,22.948115744558788,Normal Weight,1920.0,2.24,Balanced Diet,Mixed Exercise
0,19.0,1.6,60.0,0,1,2.0,3.0,1,0,2.0,0,0.0,1.0,2,3,23.437499999999996,Normal Weight,1800.0,2.1,Balanced Diet,Mixed Exercise
0,18.0,1.55,56.0,0,1,2.0,3.0,2,0,1.0,0,0.0,0.0,3,0,23.309053069719038,Normal Weight,1680.0,1.96,Balanced Diet,Mixed Exercise
0,18.0,1.55,50.0,1,1,3.0,3.0,1,0,1.0,0,1.0,2.0,3,3,20.811654526534856,Normal Weight,1500.0,1.75,Balanced Diet,Mixed Exercise
1,26.0,1.72,65.0,1,1,2.0,3.0,2,0,2.0,0,0.0,1.0,2,4,21.971335857220122,Normal Weight,1950.0,2.28,Balanced Diet,Mixed Exercise
1,18.0,1.72,53.0,1,1,2.0,3.0,2,0,2.0,0,0.0,2.0,2,3,17.915089237425637,Insufficient Weight,1590.0,1.86,High Protein Diet,Strength Training
1,19.0,1.7,60.0,1,1,2.0,1.0,2,0,2.0,0,2.0,0.0,2,3,20.761245674740486,Normal Weight,1800.0,2.1,Balanced Diet,Mixed Exercise
0,19.0,1.51,45.0,0,1,2.0,4.0,2,0,1.0,0,3.0,0.0,2,3,19.735976492259113,Normal Weight,1350.0,1.58,Balanced Diet,Mixed Exercise
1,19.0,1.83,82.0,1,1,3.0,3.0,1,0,2.0,0,2.0,0.0,2,3,24.48565200513601,Normal Weight,2460.0,2.87,Balanced Diet,Mixed Exercise
1,19.0,1.8,87.0,1,1,2.0,4.0,2,0,2.0,0,2.0,1.0,2,3,26.85185185185185,Obesity Type II,2610.0,3.05,Medical Weight Loss Diet,Cardio + Walking
0,24.0,1.6,100.5,1,1,3.0,1.0,2,0,1.0,0,0.0,2.0,2,3,39.25781249999999,Overweight Level II,3015.0,3.52,Low Fat Diet,Cardio + Walking
0,18.0,1.63,63.0,1,1,1.0,3.0,2,0,2.0,0,2.0,2.0,2,3,23.711844630960897,Normal Weight,1890.0,2.2,Balanced Diet,Mixed Exercise
1,19.0,1.71,71.0,0,1,3.0,3.0,2,0,2.0,0,1.0,1.0,2,3,24.280975342840534,Normal Weight,2130.0,2.49,Balanced Diet,Mixed Exercise
1,19.0,1.7,65.0,1,0,2.0,3.0,1,0,2.0,0,1.0,0.0,3,3,22.49134948096886,Normal Weight,1950.0,2.28,Balanced Diet,Mixed Exercise
1,23.0,1.75,69.0,0,0,3.0,3.0,3,0,2.0,0,2.0,1.0,2,0,22.53061224489796,Normal Weight,2070.0,2.42,Balanced Diet,Mixed Exercise
0,18.0,1.62,50.0,0,1,3.0,3.0,2,0,1.0,0,0.0,0.0,2,0,19.05197378448407,Normal Weight,1500.0,1.75,Balanced Diet,Mixed Exercise
0,20.0,1.68,68.0,0,1,3.0,1.0,2,0,1.0,0,1.0,0.0,3,3,24.092970521541954,Normal Weight,2040.0,2.38,Balanced Diet,Mixed Exercise
1,18.0,1.85,66.0,0,1,2.0,3.0,1,0,1.0,0,1.0,1.0,2,3,19.284149013878743,Normal Weight,1980.0,2.31,Balanced Diet,Mixed Exercise
0,33.0,1.59,60.0,0,1,3.0,1.0,1,0,2.0,0,0.0,0.0,3,3,23.73323840037973,Normal Weight,1800.0,2.1,Balanced Diet,Mixed Exercise
0,19.0,1.5,45.0,0,1,2.0,3.0,2,0,1.0,0,0.0,0.0,2,3,20.0,Normal Weight,1350.0,1.58,Balanced Diet,Mixed Exercise
1,19.0,1.69,60.0,0,1,2.0,3.0,0,0,1.0,0,1.0,1.0,2,3,21.007667798746546,Normal Weight,1800.0,2.1,Balanced Diet,Mixed Exercise
1,19.0,1.76,79.0,1,1,2.0,3.0,1,0,3.0,0,1.0,2.0,1,3,25.50361570247934,Obesity Type II,2370.0,2.76,Medical Weight Loss Diet,Cardio + Walking
0,18.0,1.62,55.0,1,1,2.0,3.0,1,0,1.0,0,1.0,1.0,3,3,20.957171162932475,Normal Weight,1650.0,1.93,Balanced Diet,Mixed Exercise
1,21.0,1.71,100.0,1,1,2.0,1.0,2,0,2.0,0,0.0,2.0,3,3,34.19855682090216,Overweight Level I,3000.0,3.5,Low Carb Diet,Cardio + Walking
1,27.0,1.72,88.0,1,1,2.0,1.0,0,0,2.0,0,0.0,0.0,2,0,29.745808545159548,Obesity Type III,2640.0,3.08,Doctor Supervised Diet,Cardio + Walking
1,17.0,1.8,68.0,1,0,2.0,3.0,2,0,1.0,0,2.0,1.0,2,3,20.98765432098765,Normal Weight,2040.0,2.38,Balanced Diet,Mixed Exercise
1,18.0,1.93,86.0,0,0,3.0,4.0,0,0,2.0,0,2.0,0.0,2,4,23.087868130688072,Normal Weight,2580.0,3.01,Balanced Diet,Mixed Exercise
0,18.0,1.6,51.0,1,1,2.0,3.0,1,0,1.0,0,1.0,1.0,2,3,19.921874999999996,Normal Weight,1530.0,1.78,Balanced Diet,Mixed Exercise
1,22.0,1.74,75.0,1,1,3.0,3.0,1,0,1.0,0,1.0,0.0,3,0,24.772096710265558,Normal Weight,2250.0,2.63,Balanced Diet,Mixed Exercise
1,22.0,1.74,75.0,1,1,3.0,3.0,1,0,1.0,0,1.0,0.0,3,0,24.772096710265558,Normal Weight,2250.0,2.63,Balanced Diet,Mixed Exercise
0,20.0,1.62,45.0,0,1,3.0,3.0,1,0,1.0,0,1.0,0.0,2,3,17.146776406035663,Insufficient Weight,1350.0,1.58,High Protein Diet,Strength Training
0,19.0,1.54,42.0,0,1,3.0,1.0,2,0,2.0,0,0.0,1.0,3,3,17.70956316410862,Insufficient Weight,1260.0,1.47,High Protein Diet,Strength Training
0,20.0,1.56,51.5,0,1,2.0,3.0,1,0,2.0,0,3.0,0.0,2,3,21.1620644312952,Normal Weight,1545.0,1.8,Balanced Diet,Mixed Exercise
0,18.0,1.6,83.0,1,1,2.0,3.0,2,0,2.0,1,1.0,0.0,3,3,32.42187499999999,Overweight Level I,2490.0,2.9,Low Carb Diet,Cardio + Walking
0,18.0,1.54,71.0,0,0,3.0,4.0,1,0,2.0,0,1.0,1.0,3,3,29.93759487265981,Obesity Type III,2130.0,2.49,Doctor Supervised Diet,Cardio + Walking
0,18.0,1.63,51.0,1,1,1.0,3.0,1,0,1.0,0,1.0,0.0,2,3,19.195302796492154,Normal Weight,1530.0,1.78,Balanced Diet,Mixed Exercise
1,19.0,1.78,64.0,0,1,2.0,3.0,2,0,1.0,0,1.0,0.0,3,3,20.199469763918696,Normal Weight,1920.0,2.24,Balanced Diet,Mixed Exercise
0,18.0,1.62,68.0,0,0,2.0,1.0,2,0,1.0,0,0.0,2.0,3,3,25.910684346898332,Obesity Type II,2040.0,2.38,Medical Weight Loss Diet,Cardio + Walking
0,18.0,1.71,75.0,1,1,3.0,3.0,2,0,2.0,0,1.0,0.0,3,3,25.64891761567662,Obesity Type II,2250.0,2.63,Medical Weight Loss Diet,Cardio + Walking
0,18.0,1.64,56.0,1,1,3.0,3.0,1,0,1.0,1,1.0,1.0,3,3,20.820939916716245,Normal Weight,1680.0,1.96,Balanced Diet,Mixed Exercise
1,19.0,1.69,65.0,0,1,2.0,3.0,1,0,1.0,0,1.0,1.0,2,3,22.758306781975424,Normal Weight,1950.0,2.28,Balanced Diet,Mixed Exercise
0,17.0,1.58,50.0,0,1,1.0,4.0,1,0,2.0,0,1.0,2.0,2,3,20.028841531805796,Normal Weight,1500.0,1.75,Balanced Diet,Mixed Exercise
0,18.0,1.57,50.0,0,1,2.0,3.0,2,0,1.0,0,0.0,1.0,2,3,20.28479857195018,Normal Weight,1500.0,1.75,Balanced Diet,Mixed Exercise
1,18.0,1.74,64.0,1,1,3.0,4.0,2,0,1.0,1,2.0,0.0,2,3,21.13885585942661,Normal Weight,1920.0,2.24,Balanced Diet,Mixed Exercise
0,20.0,1.58,53.5,1,1,2.0,1.0,1,0,2.0,0,1.0,1.0,2,3,21.4308604390322,Normal Weight,1605.0,1.87,Balanced Diet,Mixed Exercise
0,18.0,1.5,58.0,0,1,2.0,3.0,2,0,1.0,0,0.0,0.0,3,3,25.77777777777778,Obesity Type II,1740.0,2.03,Medical Weight Loss Diet,Cardio + Walking
0,36.0,1.65,80.0,1,1,2.0,3.0,2,0,1.0,0,0.0,2.0,3,0,29.384756657483933,Obesity Type III,2400.0,2.8,Doctor Supervised Diet,Cardio + Walking
1,21.0,1.8,73.0,1,1,1.0,3.0,0,0,2.0,0,3.0,1.0,2,3,22.530864197530864,Normal Weight,2190.0,2.56,Balanced Diet,Mixed Exercise
1,23.0,1.75,75.0,0,1,2.0,3.0,2,0,2.0,0,1.0,0.0,1,3,24.489795918367346,Normal Weight,2250.0,2.63,Balanced Diet,Mixed Exercise
1,20.0,1.84,104.0,1,0,2.0,3.0,2,0,3.0,0,3.0,0.0,3,2,30.718336483931946,Overweight Level I,3120.0,3.64,Low Carb Diet,Cardio + Walking
1,21.0,1.88,84.0,1,1,3.0,3.0,2,0,3.0,0,2.0,1.0,2,4,23.766410140334994,Normal Weight,2520.0,2.94,Balanced Diet,Mixed Exercise
0,19.0,1.56,50.0,0,1,2.0,1.0,2,0,1.0,0,0.0,2.0,3,3,20.5456936226167,Normal Weight,1500.0,1.75,Balanced Diet,Mixed Exercise
1,24.0,1.75,84.0,0,1,3.0,3.0,3,0,2.0,1,1.0,0.0,2,3,27.428571428571427,Obesity Type III,2520.0,2.94,Doctor Supervised Diet,Cardio + Walking
1,25.0,1.66,68.0,0,1,2.0,3.0,2,1,1.0,0,1.0,1.0,2,3,24.677021338365513,Normal Weight,2040.0,2.38,Balanced Diet,Mixed Exercise
1,45.0,1.7,86.0,0,1,3.0,3.0,1,0,1.0,0,0.0,0.0,3,0,29.75778546712803,Obesity Type III,2580.0,3.01,Doctor Supervised Diet,Cardio + Walking
1,20.0,1.8,65.0,0,1,2.0,3.0,1,0,1.0,0,2.0,0.0,2,2,20.061728395061728,Normal Weight,1950.0,2.28,Balanced Diet,Mixed Exercise
0,18.0,1.67,66.0,0,1,3.0,3.0,2,0,2.0,0,0.0,0.0,2,3,23.66524436157625,Normal Weight,1980.0,2.31,Balanced Diet,Mixed Exercise
1,19.0,1.8,60.0,1,1,3.0,1.0,0,0,1.0,1,0.0,0.0,3,2,18.51851851851852,Normal Weight,1800.0,2.1,Balanced Diet,Mixed Exercise
1,18.0,1.72,53.0,1,1,2.0,3.0,2,0,2.0,0,0.0,2.0,2,3,17.915089237425637,Insufficient Weight,1590.0,1.86,High Protein Diet,Strength Training
1,20.0,1.56,45.0,0,0,2.0,3.0,2,0,2.0,0,1.0,1.0,2,3,18.49112426035503,Normal Weight,1350.0,1.58,Balanced Diet,Mixed Exercise
0,25.196214,1.686306,104.572712,1,1,3.0,3.0,2,0,1.152736,0,0.319156,1.0,2,3,36.77440042603727,Obesity Type I,3137.18136,3.66,Strict Fat Reduction Diet,Cardio + Walking
0,18.503343,1.683124,126.67378,1,1,3.0,3.0,2,0,1.115967,0,1.541072,1.0,2,3,44.71513073213511,Obesity Type I,3800.2133999999996,4.43,Strict Fat Reduction Diet,Cardio + Walking
0,26.0,1.622397,110.79263,1,1,3.0,3.0,2,0,2.704507,0,0.0,0.29499,2,3,42.091713201900674,Obesity Type I,3323.7789000000002,3.88,Strict Fat Reduction Diet,Cardio + Walking
0,21.853826,1.755643,137.796884,1,1,3.0,3.0,2,0,2.184707,0,1.978631,0.838957,2,3,44.70611989614442,Obesity Type I,4133.9065200000005,4.82,Strict Fat Reduction Diet,Cardio + Walking
0,21.90012,1.843419,165.057269,1,1,3.0,3.0,2,0,2.406541,0,0.10032,0.479221,2,3,48.57206150220591,Obesity Type I,4951.71807,5.78,Strict Fat Reduction Diet,Cardio + Walking
0,18.306615,1.7456,133.03441,1,1,3.0,3.0,2,0,2.984323,0,1.586525,0.62535,2,3,43.65907412304322,Obesity Type I,3991.0323000000003,4.66,Strict Fat Reduction Diet,Cardio + Walking
0,26.0,1.630927,111.485516,1,1,3.0,3.0,2,0,2.444125,0,0.0,0.26579,2,3,41.913063294573284,Obesity Type I,3344.56548,3.9,Strict Fat Reduction Diet,Cardio + Walking
0,26.0,1.629191,104.826776,1,1,3.0,3.0,2,0,2.654702,0,0.0,0.555468,2,3,39.493736521200134,Obesity Type I,3144.80328,3.67,Strict Fat Reduction Diet,Cardio + Walking
0,21.849705,1.770612,133.963349,1,1,3.0,3.0,2,0,2.825629,0,1.399183,0.928972,2,3,42.73061954191888,Obesity Type I,4018.9004699999996,4.69,Strict Fat Reduction Diet,Cardio + Walking
1,19.799054,1.743702,54.927529,1,1,2.0,3.28926,2,0,2.847264,0,1.680844,2.0,2,3,18.065314669089037,Insufficient Weight,1647.82587,1.92,High Protein Diet,Strength Training
1,17.188754,1.771915,55.695036,1,1,2.0,4.0,2,0,2.884033,0,2.0,1.340107,2,3,17.739064781129436,Insufficient Weight,1670.8510800000001,1.95,High Protein Diet,Strength Training
1,22.285024,1.75376,55.879263,1,1,2.450218,3.995147,2,0,2.147746,0,2.0,0.58998,2,3,18.168135016931124,Insufficient Weight,1676.37789,1.96,High Protein Diet,Strength Training
0,22.0,1.675446,51.154201,1,1,3.0,3.0,1,0,2.815293,0,1.978631,1.0,3,3,18.223023517295385,Insufficient Weight,1534.62603,1.79,High Protein Diet,Strength Training
0,21.02497,1.666203,49.869791,1,1,3.0,3.0,1,0,2.593459,0,2.0,1.0,3,3,17.96311804862242,Insufficient Weight,1496.09373,1.75,High Protein Diet,Strength Training
0,22.038327,1.711467,51.965521,1,1,2.880161,3.0,1,0,1.031354,0,2.206738,1.37465,3,3,17.741005339164264,Insufficient Weight,1558.9656300000001,1.82,High Protein Diet,Strength Training
0,21.243142,1.598019,44.845655,0,0,3.0,1.72626,1,0,2.444125,0,1.31817,0.0,3,3,17.56129321605508,Insufficient Weight,1345.36965,1.57,High Protein Diet,Strength Training
0,22.142432,1.59611,42.848033,0,0,3.0,2.581015,1,0,2.654702,0,0.902095,0.0,3,3,16.819196817270793,Insufficient Weight,1285.44099,1.5,High Protein Diet,Strength Training
0,21.962426,1.57206,43.919835,0,0,3.0,1.600812,1,0,2.651258,0,0.600817,0.0,3,3,17.771433666119584,Insufficient Weight,1317.59505,1.54,High Protein Diet,Strength Training
0,21.491055,1.586952,43.087508,0,0,2.00876,1.73762,1,0,1.792022,0,0.119643,0.0,3,3,17.10896725321399,Insufficient Weight,1292.62524,1.51,High Protein Diet,Strength Training
0,22.717943,1.59559,44.581159,0,0,2.596579,1.10548,1,0,1.490613,0,0.345684,0.0,3,3,17.510911102943165,Insufficient Weight,1337.43477,1.56,High Protein Diet,Strength Training
0,23.501249,1.6,45.0,0,0,2.591439,3.0,1,0,2.074048,0,1.679935,0.0,3,3,17.578124999999996,Insufficient Weight,1350.0,1.58,High Protein Diet,Strength Training
0,18.535075,1.688025,45.0,0,1,3.0,3.0,2,0,3.0,1,2.539762,1.283673,3,3,15.792641075006339,Insufficient Weight,1350.0,1.58,High Protein Diet,Strength Training
0,19.0,1.556211,42.339767,0,1,3.0,2.0846,2,0,2.13755,1,0.196152,0.062488,3,3,17.482820643764907,Insufficient Weight,1270.19301,1.48,High Protein Diet,Strength Training
0,19.0,1.564199,42.096062,0,1,3.0,1.894384,2,0,2.456581,1,1.596576,0.9974,3,3,17.205110355115853,Insufficient Weight,1262.8818600000002,1.47,High Protein Diet,Strength Training
0,20.254534,1.56948,41.324558,0,1,2.392665,1.0,1,0,1.0,0,0.0,0.738269,2,3,16.77631783660484,Insufficient Weight,1239.73674,1.45,High Protein Diet,Strength Training
0,21.0,1.52,42.0,0,1,3.0,1.0,1,0,1.0,0,0.0,0.0,2,3,18.178670360110804,Insufficient Weight,1260.0,1.47,High Protein Diet,Strength Training
0,20.225396,1.550648,44.641796,0,1,3.0,2.857787,1,0,1.0,0,0.754646,0.0,2,3,18.565866011435933,Insufficient Weight,1339.25388,1.56,High Protein Diet,Strength Training
0,19.86997,1.520997,42.0,0,1,3.0,1.0,1,0,1.527036,0,0.0,0.860497,2,3,18.15484625757197,Insufficient Weight,1260.0,1.47,High Protein Diet,Strength Training
0,20.147114,1.528011,42.0,0,1,3.0,1.0,1,0,1.322669,0,0.0,0.478676,2,3,17.98855709756791,Insufficient Weight,1260.0,1.47,High Protein Diet,Strength Training
0,21.0,1.52,42.0,0,1,3.0,1.0,1,0,1.0,0,0.0,0.0,2,3,18.178670360110804,Insufficient Weight,1260.0,1.47,High Protein Diet,Strength Training
0,21.996523,1.733263,50.890363,0,0,3.0,3.765526,1,0,1.656082,0,0.42777,0.555967,2,3,16.93973516274657,Insufficient Weight,1526.71089,1.78,High Protein Diet,Strength Training
0,21.376426,1.722527,50.833029,0,0,3.0,3.285167,1,0,1.569082,0,0.545931,0.469735,2,3,17.132230656095224,Insufficient Weight,1524.99087,1.78,High Protein Diet,Strength Training
0,19.724106,1.734832,50.0,0,0,1.123939,4.0,1,0,1.0,0,1.303976,0.371941,2,3,16.61327123510909,Insufficient Weight,1500.0,1.75,High Protein Diet,Strength Training
1,23.0,1.882779,64.106108,1,1,3.0,3.0,2,0,2.843777,0,1.488843,0.009254,2,0,18.08425905159074,Insufficient Weight,1923.1832400000003,2.24,High Protein Diet,Strength Training
1,22.851834,1.854592,63.611109,1,1,3.0,3.691226,2,0,2.650989,0,1.228136,0.8324,2,0,18.494227814135193,Insufficient Weight,1908.33327,2.23,High Protein Diet,Strength Training
1,23.0,1.835643,58.854416,1,1,3.0,3.0,2,0,2.027984,0,1.661556,0.114716,2,0,17.466368142414424,Insufficient Weight,1765.63248,2.06,High Protein Diet,Strength Training
1,18.216032,1.755507,52.0,1,1,3.0,3.0,1,0,2.0,0,0.658894,1.0,3,3,16.87322946073548,Insufficient Weight,1560.0,1.82,High Protein Diet,Strength Training
1,21.81119,1.71266,51.598593,1,1,3.0,3.156153,1,0,1.253803,0,0.544784,0.256382,3,3,17.591203391194185,Insufficient Weight,1547.95779,1.81,High Protein Diet,Strength Training
1,18.164768,1.694265,52.0,1,1,3.0,3.0,1,0,2.0,0,0.819682,1.0,3,3,18.115097047652036,Insufficient Weight,1560.0,1.82,High Protein Diet,Strength Training
0,18.871794,1.586895,41.452385,0,1,2.0,1.07976,2,0,1.0,0,0.194745,1.547086,2,3,16.460883437039772,Insufficient Weight,1243.57155,1.45,High Protein Diet,Strength Training
0,18.766033,1.579561,41.890204,0,1,2.027574,1.0,2,0,1.636326,0,0.0,1.906141,2,3,16.78957375925266,Insufficient Weight,1256.7061199999998,1.47,High Protein Diet,Strength Training
0,18.540535,1.564568,41.397378,0,1,2.658112,1.0,2,0,1.298165,0,0.0,1.639326,2,3,16.911570800342314,Insufficient Weight,1241.92134,1.45,High Protein Diet,Strength Training
0,19.88036,1.670635,49.742931,0,0,2.88626,3.559841,1,0,1.632004,0,2.0,1.0,2,3,17.82248345525793,Insufficient Weight,1492.28793,1.74,High Protein Diet,Strength Training
0,19.717249,1.688426,49.660995,0,0,2.714447,3.0,1,0,2.0,0,1.903182,1.0,2,3,17.42012850253795,Insufficient Weight,1489.82985,1.74,High Protein Diet,Strength Training
0,19.633898,1.66084,49.039794,0,0,2.750715,3.0,1,0,2.0,0,1.067817,1.0,2,3,17.778415231221288,Insufficient Weight,1471.19382,1.72,High Protein Diet,Strength Training
0,23.0,1.710182,50.287967,1,1,2.0,3.0,1,0,2.099863,0,1.63581,2.0,3,3,17.194098743422185,Insufficient Weight,1508.63901,1.76,High Protein Diet,Strength Training
0,20.406871,1.755978,53.699561,1,1,2.0,3.891994,1,0,1.86393,0,2.870127,2.0,3,3,17.4153655324191,Insufficient Weight,1610.98683,1.88,High Protein Diet,Strength Training
0,23.0,1.728834,51.442293,1,1,2.0,3.0,1,0,1.229915,0,0.619533,2.0,3,3,17.21130214480665,Insufficient Weight,1543.26879,1.8,High Protein Diet,Strength Training
0,19.058511,1.662017,49.838965,0,1,1.4925,3.0,2,0,1.049134,0,2.0,1.0,2,3,18.042557227370896,Insufficient Weight,1495.16895,1.74,High Protein Diet,Strength Training
0,18.827008,1.7,50.0,0,1,1.0,3.240578,2,0,1.0,0,2.0,1.0,2,3,17.301038062283737,Insufficient Weight,1500.0,1.75,High Protein Diet,Strength Training
0,19.314964,1.661403,49.932199,0,1,2.205439,3.0,2,0,1.530531,0,2.0,1.0,2,3,18.089672818885816,Insufficient Weight,1497.96597,1.75,High Protein Diet,Strength Training
0,29.970445,1.610863,49.516027,1,1,2.059138,3.904858,1,0,2.0,0,0.821977,0.0,3,3,19.08220593702959,Insufficient Weight,1485.48081,1.73,High Protein Diet,Strength Training
0,32.383858,1.640688,46.655622,1,1,3.0,3.11158,1,0,2.721769,0,1.44287,0.0,3,3,17.332131697748757,Insufficient Weight,1399.66866,1.63,High Protein Diet,Strength Training
0,24.163526,1.64603,49.839685,1,1,3.0,3.590039,1,0,2.7305,0,0.107078,0.0,3,3,18.395000174666684,Insufficient Weight,1495.19055,1.74,High Protein Diet,Strength Training
1,17.038222,1.710564,51.588874,0,1,2.0,2.057935,2,0,2.371015,0,0.288032,0.714627,2,3,17.631018184497087,Insufficient Weight,1547.6662199999998,1.81,High Protein Diet,Strength Training
1,16.30687,1.752755,50.0,0,1,2.310423,3.558637,2,0,1.787843,0,1.926592,0.828549,2,3,16.27524649994985,Insufficient Weight,1500.0,1.75,High Protein Diet,Strength Training
1,16.198153,1.691007,52.629374,0,1,2.0,2.000986,2,0,2.673835,0,0.99295,0.474836,2,3,18.40506661088191,Insufficient Weight,1578.88122,1.84,High Protein Diet,Strength Training
1,18.0,1.753349,51.457226,0,1,2.823179,3.0,2,0,1.773236,0,1.252472,1.0,2,3,16.738233815390476,Insufficient Weight,1543.71678,1.8,High Protein Diet,Strength Training
1,18.0,1.781543,50.869704,0,1,2.052932,3.0,2,0,2.0,0,0.520408,1.0,2,3,16.027529774529064,Insufficient Weight,1526.09112,1.78,High Protein Diet,Strength Training
1,18.0,1.755823,52.331172,0,1,2.596364,3.0,2,0,2.0,0,0.281734,1.488372,2,3,16.97457830019326,Insufficient Weight,1569.93516,1.83,High Protein Diet,Strength Training
1,17.486869,1.836669,58.943347,1,1,2.767731,3.821168,2,0,2.0,0,2.0,0.556245,3,0,17.473222259306745,Insufficient Weight,1768.30041,2.06,High Protein Diet,Strength Training
1,19.920629,1.768493,57.790381,1,1,2.0,3.897078,2,0,2.622638,0,2.0,1.894105,3,0,18.47774066119892,Insufficient Weight,1733.7114299999998,2.02,High Protein Diet,Strength Training
1,18.426619,1.777108,57.145917,1,1,2.0,3.092116,2,0,2.426465,0,2.0,1.839862,3,0,18.09495728268534,Insufficient Weight,1714.3775099999998,2.0,High Protein Diet,Strength Training
0,17.082867,1.640824,43.365005,0,1,2.815157,3.0,2,0,2.911187,0,2.595128,1.380204,2,3,16.10702754247296,Insufficient Weight,1300.95015,1.52,High Protein Diet,Strength Training
0,17.000433,1.584951,44.411801,0,1,2.737762,3.0,2,0,2.310921,0,2.240714,1.59257,2,3,17.679366734104885,Insufficient Weight,1332.35403,1.55,High Protein Diet,Strength Training
0,16.270434,1.818268,47.124717,0,1,3.0,3.286431,2,0,2.148146,0,2.458237,1.273333,2,3,14.25387559306874,Insufficient Weight,1413.7415099999998,1.65,High Protein Diet,Strength Training
1,17.908114,1.793926,59.682591,1,1,2.568063,4.0,2,0,2.0,0,2.0,0.220029,3,0,18.545503142543524,Insufficient Weight,1790.47773,2.09,High Protein Diet,Strength Training
1,17.120699,1.809251,58.968994,1,1,2.524428,4.0,2,0,2.0,0,2.0,0.03838,3,0,18.014660261682458,Insufficient Weight,1769.0698200000002,2.06,High Protein Diet,Strength Training
1,19.329542,1.767335,55.700497,1,1,2.0,4.0,2,0,2.157395,0,2.0,1.679149,3,0,17.8328728823082,Insufficient Weight,1671.0149099999999,1.95,High Protein Diet,Strength Training
0,22.377998,1.699568,54.98774,1,1,3.0,3.0,1,0,2.0,0,0.139808,0.875464,3,3,19.036573483200915,Insufficient Weight,1649.6322,1.92,High Protein Diet,Strength Training
0,20.954955,1.759358,55.01045,1,1,2.971574,3.592415,1,0,2.894678,0,2.0,1.009632,3,3,17.77201852833317,Insufficient Weight,1650.3135,1.93,High Protein Diet,Strength Training
0,22.991668,1.740295,54.166453,1,1,3.0,3.0,1,0,2.025279,0,2.0,0.152985,3,3,17.88482325406944,Insufficient Weight,1624.9935899999998,1.9,High Protein Diet,Strength Training
0,19.300435,1.739354,49.649613,0,1,3.0,3.754599,2,0,1.692112,0,2.0,1.0,2,3,16.411183711596255,Insufficient Weight,1489.48839,1.74,High Protein Diet,Strength Training
0,17.065445,1.647811,49.603807,0,1,3.0,3.566082,2,0,1.438398,0,2.0,1.0,2,3,18.268387442922204,Insufficient Weight,1488.1142100000002,1.74,High Protein Diet,Strength Training
0,19.084967,1.768435,49.597765,0,1,3.0,3.725797,2,0,1.191401,0,2.0,1.0,2,3,15.8592959374506,Insufficient Weight,1487.9329500000001,1.74,High Protein Diet,Strength Training
0,18.024853,1.7,50.0,0,1,1.0816,3.520555,1,0,1.016968,0,0.651412,1.0,2,3,17.301038062283737,Insufficient Weight,1500.0,1.75,High Protein Diet,Strength Training
0,19.833682,1.699464,49.676046,0,1,1.270448,3.731212,1,0,1.876915,0,2.0,1.0,2,3,17.19978752642145,Insufficient Weight,1490.28138,1.74,High Protein Diet,Strength Training
0,17.767432,1.74379,50.0,0,1,1.344854,4.0,1,0,1.0,0,2.0,1.0,2,3,16.44302203217087,Insufficient Weight,1500.0,1.75,High Protein Diet,Strength Training
0,19.504696,1.590317,42.367615,0,0,2.959658,3.0,1,0,1.0,0,1.522399,0.0,2,3,16.751998060774227,Insufficient Weight,1271.02845,1.48,High Protein Diet,Strength Training
0,19.950605,1.527133,42.0,0,0,2.725282,1.259803,1,0,1.0,0,1.37467,0.0,2,3,18.00924749371343,Insufficient Weight,1260.0,1.47,High Protein Diet,Strength Training
0,19.0,1.530875,42.0,0,0,2.844607,1.273128,1,0,1.69551,0,0.260079,0.635867,2,3,17.92131315435253,Insufficient Weight,1260.0,1.47,High Protein Diet,Strength Training
1,17.0,1.848294,59.409018,1,1,2.44004,3.0,2,0,2.0,0,2.784471,1.0,3,0,17.390427829018297,Insufficient Weight,1782.27054,2.08,High Protein Diet,Strength Training
1,17.0,1.824414,59.295172,1,1,2.432302,3.0,2,0,2.0,0,2.349495,1.0,3,0,17.814455010819305,Insufficient Weight,1778.85516,2.08,High Protein Diet,Strength Training
1,18.525525,1.856633,59.258372,1,1,2.592247,3.304123,2,0,2.036764,0,2.038653,1.119877,3,0,17.190859275873304,Insufficient Weight,1777.75116,2.07,High Protein Diet,Strength Training
0,22.926352,1.715597,50.0,1,1,2.449267,3.647154,1,0,1.266018,0,0.866045,0.097234,3,3,16.98789030845973,Insufficient Weight,1500.0,1.75,High Protein Diet,Strength Training
0,21.785351,1.675054,49.945233,1,1,2.929889,3.0,1,0,2.792074,0,0.630944,1.366355,3,3,17.800672864824055,Insufficient Weight,1498.35699,1.75,High Protein Diet,Strength Training
0,23.0,1.717601,51.073918,1,1,2.0,3.0,1,0,1.426874,0,2.20208,2.0,3,3,17.312293504988723,Insufficient Weight,1532.2175399999999,1.79,High Protein Diet,Strength Training
0,17.402028,1.710756,50.0,0,1,2.015258,3.300666,2,0,1.315608,0,0.069802,1.0,2,3,17.084169069105297,Insufficient Weight,1500.0,1.75,High Protein Diet,Strength Training
0,18.0,1.7,50.0,0,1,1.031149,3.0,2,0,1.963628,0,0.028202,1.0,2,3,17.301038062283737,Insufficient Weight,1500.0,1.75,High Protein Diet,Strength Training
0,18.48207,1.7,50.0,0,1,1.592183,3.535016,2,0,1.086391,0,0.618913,1.0,2,3,17.301038062283737,Insufficient Weight,1500.0,1.75,High Protein Diet,Strength Training
0,18.53084,1.573816,39.850137,0,1,1.21498,1.717608,2,0,1.179942,0,0.684739,2.0,2,3,16.088735295769812,Insufficient Weight,1195.5041099999999,1.39,High Protein Diet,Strength Training
0,19.94814,1.530884,39.371523,0,1,1.522001,3.0,2,0,1.98126,0,2.306844,0.720454,2,3,16.799549924116445,Insufficient Weight,1181.14569,1.38,High Protein Diet,Strength Training
0,20.400053,1.529724,40.343463,0,1,2.703436,2.884479,2,0,1.439962,0,0.144627,0.322307,2,3,17.24038712804867,Insufficient Weight,1210.30389,1.41,High Protein Diet,Strength Training
1,19.556729,1.767563,56.307019,1,1,2.362918,4.0,2,0,2.358172,0,2.0,0.939819,3,0,18.02240444578646,Insufficient Weight,1689.21057,1.97,High Protein Diet,Strength Training
1,17.70368,1.883364,60.0,1,1,3.0,3.626815,2,0,2.0,0,2.011519,0.456462,3,0,16.915417482616117,Insufficient Weight,1800.0,2.1,High Protein Diet,Strength Training
1,18.274358,1.824655,58.621349,1,1,2.14084,4.0,2,0,2.931438,0,2.0,1.164457,3,0,17.607361673701302,Insufficient Weight,1758.64047,2.05,High Protein Diet,Strength Training
1,18.0,1.840138,60.0,1,1,3.0,4.0,2,0,2.0,0,2.0,0.0,3,0,17.719459183718914,Insufficient Weight,1800.0,2.1,High Protein Diet,Strength Training
1,17.210933,1.819557,58.325122,1,1,2.5596,4.0,2,0,2.0,0,2.0,0.331483,3,0,17.61669055929319,Insufficient Weight,1749.75366,2.04,High Protein Diet,Strength Training
1,17.469417,1.798645,59.612717,1,1,2.336044,4.0,2,0,2.0,0,2.0,0.133005,3,0,18.42671873520805,Insufficient Weight,1788.3815100000002,2.09,High Protein Diet,Strength Training
1,18.0,1.7108,50.92538,1,1,2.0,3.0,2,0,2.0,0,0.0,1.593704,2,3,17.399461009890867,Insufficient Weight,1527.7613999999999,1.78,High Protein Diet,Strength Training
1,18.0,1.70653,51.121749,1,1,2.0,3.0,2,0,2.0,0,0.0,1.329237,2,3,17.554070932791323,Insufficient Weight,1533.65247,1.79,High Protein Diet,Strength Training
1,18.0,1.716691,51.149283,1,1,1.813234,3.0,2,0,1.274815,0,0.520407,1.673584,2,3,17.356225723871688,Insufficient Weight,1534.47849,1.79,High Protein Diet,Strength Training
0,19.010211,1.555431,44.188767,0,0,2.724285,3.0,1,0,1.0,1,1.070331,0.0,2,3,18.26460915102028,Insufficient Weight,1325.66301,1.55,High Protein Diet,Strength Training
0,19.091346,1.603923,45.0,0,0,3.0,3.0,1,0,1.28246,1,1.60195,0.0,2,3,17.49224225906647,Insufficient Weight,1350.0,1.58,High Protein Diet,Strength Training
0,19.773303,1.602082,45.0,0,0,3.0,3.0,1,0,2.875583,1,1.258504,0.0,2,3,17.53246706757937,Insufficient Weight,1350.0,1.58,High Protein Diet,Strength Training
0,19.483036,1.53777,42.0,0,1,3.0,1.0,1,0,1.387531,0,0.0,0.466169,2,3,17.760963517595197,Insufficient Weight,1260.0,1.47,High Protein Diet,Strength Training
0,19.0,1.538398,42.0,0,1,2.71897,1.473088,1,0,1.164644,0,1.235675,0.930926,2,3,17.74646582780741,Insufficient Weight,1260.0,1.47,High Protein Diet,Strength Training
0,19.407204,1.520862,42.0,0,1,3.0,1.0,1,0,1.848703,0,0.0,0.744555,2,3,18.15806944681936,Insufficient Weight,1260.0,1.47,High Protein Diet,Strength Training
1,18.0,1.717826,51.7325,1,1,1.133844,3.0,2,0,1.325326,0,0.227985,1.708309,2,3,17.530936758504264,Insufficient Weight,1551.9750000000001,1.81,High Protein Diet,Strength Training
1,18.424941,1.753389,54.121925,1,1,2.0,3.16645,2,0,2.278578,0,1.838881,2.0,2,3,17.604215642803354,Insufficient Weight,1623.6577499999999,1.89,High Protein Diet,Strength Training
1,18.0,1.70165,50.157707,1,1,1.757466,3.0,2,0,1.153559,0,0.833976,1.616045,2,3,17.32196664638739,Insufficient Weight,1504.7312100000001,1.76,High Protein Diet,Strength Training
1,19.97981,1.75336,54.997374,1,1,2.0,3.494849,2,0,2.976672,0,1.94907,2.0,3,3,17.88956432896845,Insufficient Weight,1649.92122,1.92,High Protein Diet,Strength Training
0,21.798856,1.672007,49.980968,1,1,2.979383,3.0,1,0,2.975887,0,0.945093,1.241755,3,3,17.87839303047231,Insufficient Weight,1499.42904,1.75,High Protein Diet,Strength Training
0,22.209706,1.593847,44.050251,0,0,3.0,2.99321,1,0,2.702783,0,1.967234,0.0,3,3,17.34024098343433,Insufficient Weight,1321.50753,1.54,High Protein Diet,Strength Training
0,23.018443,1.584785,44.376637,0,0,2.204914,2.127797,1,0,2.120292,0,0.995735,0.0,3,3,17.66906966441184,Insufficient Weight,1331.2991100000002,1.55,High Protein Diet,Strength Training
0,19.376997,1.600264,45.0,0,0,3.0,3.0,1,0,2.949419,1,1.295697,0.0,2,3,17.572325654127575,Insufficient Weight,1350.0,1.58,High Protein Diet,Strength Training
0,20.971429,1.549311,41.557468,0,1,2.927218,1.0,1,0,1.0,0,0.0,0.276592,2,3,17.312981718550116,Insufficient Weight,1246.72404,1.45,High Protein Diet,Strength Training
0,20.345161,1.534385,41.96525,0,1,2.88853,1.0,1,0,1.0,0,0.0,0.196224,2,3,17.824654732734817,Insufficient Weight,1258.9575,1.47,High Protein Diet,Strength Training
0,20.519916,1.725548,49.815599,1,0,2.890535,3.90779,1,0,1.109115,0,1.548953,0.555468,3,3,16.730590420999565,Insufficient Weight,1494.46797,1.74,High Protein Diet,Strength Training
1,20.406066,1.868931,63.199726,1,1,3.0,3.699594,2,0,2.825629,0,1.699592,0.071028,2,0,18.093753105237365,Insufficient Weight,1895.9917799999998,2.21,High Protein Diet,Strength Training
0,21.478496,1.686936,51.256059,1,1,3.0,3.179995,1,0,1.910378,0,0.480614,0.625079,3,3,18.011421853370344,Insufficient Weight,1537.68177,1.79,High Protein Diet,Strength Training
0,18.372563,1.589829,40.202773,0,1,2.0,1.075553,2,0,1.0,0,0.127425,1.679442,2,3,15.905787660342869,Insufficient Weight,1206.08319,1.41,High Protein Diet,Strength Training
0,19.931667,1.653209,49.026214,0,0,2.530066,3.0,2,0,1.965237,0,2.0,1.0,2,3,17.93795105982149,Insufficient Weight,1470.7864200000001,1.72,High Protein Diet,Strength Training
0,22.998709,1.740108,53.65727,1,1,2.241606,3.0,1,0,1.846626,0,2.460238,0.814518,3,3,17.720507899860916,Insufficient Weight,1609.7180999999998,1.88,High Protein Diet,Strength Training
0,18.006742,1.7,50.0,0,1,1.003566,3.238258,1,0,1.014634,0,0.783676,1.0,2,3,17.301038062283737,Insufficient Weight,1500.0,1.75,High Protein Diet,Strength Training
0,34.799519,1.689141,50.0,1,1,2.652779,3.804944,1,0,1.60114,0,0.174692,0.096982,3,3,17.52419984648443,Insufficient Weight,1500.0,1.75,High Protein Diet,Strength Training
1,16.496978,1.691206,50.0,0,1,2.0,1.630846,2,0,2.975528,0,0.548991,0.369134,2,3,17.481431100595408,Insufficient Weight,1500.0,1.75,High Protein Diet,Strength Training
1,18.0,1.788459,51.552595,0,1,2.897899,3.0,2,0,1.835545,0,1.162519,1.0,2,3,16.11730981522832,Insufficient Weight,1546.57785,1.8,High Protein Diet,Strength Training
1,17.377131,1.811238,58.83071,1,1,2.483979,3.762778,2,0,2.0,0,2.0,0.930051,3,0,17.93300408452241,Insufficient Weight,1764.9213000000002,2.06,High Protein Diet,Strength Training
0,16.611837,1.830068,43.534531,0,1,2.945967,3.0,2,0,2.953192,0,2.830911,1.466667,2,3,12.998684889724604,Insufficient Weight,1306.03593,1.52,High Protein Diet,Strength Training
1,17.080493,1.782756,56.029418,1,1,2.0,4.0,2,0,2.28525,0,2.0,1.162801,3,0,17.629187536750678,Insufficient Weight,1680.88254,1.96,High Protein Diet,Strength Training
0,22.970655,1.751691,55.967655,1,1,2.478891,3.371832,1,0,2.004126,0,2.0,0.327376,3,3,18.239885740290408,Insufficient Weight,1679.02965,1.96,High Protein Diet,Strength Training
0,17.764764,1.78656,50.0,0,1,2.784464,4.0,2,0,1.0,0,2.0,1.0,2,3,15.665158448270383,Insufficient Weight,1500.0,1.75,High Protein Diet,Strength Training
0,19.272573,1.71367,50.0,0,1,1.005578,4.0,1,0,1.0,0,1.683957,0.704978,2,3,17.026117119972472,Insufficient Weight,1500.0,1.75,High Protein Diet,Strength Training
0,19.0,1.540375,42.006282,0,0,2.938031,2.705445,1,0,1.333807,1,1.877369,0.370973,2,3,17.703589081229534,Insufficient Weight,1260.1884599999998,1.47,High Protein Diet,Strength Training
1,17.06713,1.896734,59.895052,1,1,2.842102,3.34175,2,0,2.0,0,2.511157,0.560351,3,0,16.648614136737812,Insufficient Weight,1796.85156,2.1,High Protein Diet,Strength Training
0,23.0,1.710129,50.079991,1,1,2.0,3.0,1,0,2.685842,0,0.373186,2.0,3,3,17.12405045192035,Insufficient Weight,1502.39973,1.75,High Protein Diet,Strength Training
0,18.0,1.704193,50.631889,0,1,2.0,3.0,2,0,2.0,0,0.0,1.525597,2,3,17.433579894188025,Insufficient Weight,1518.95667,1.77,High Protein Diet,Strength Training
0,19.054008,1.556611,39.695295,0,1,1.889199,2.217651,2,0,2.013605,0,2.075293,1.683261,2,3,16.382449713673054,Insufficient Weight,1190.85885,1.39,High Protein Diet,Strength Training
1,18.0,1.845399,60.0,1,1,3.0,4.0,2,0,2.0,0,2.0,0.0,3,0,17.6185713079027,Insufficient Weight,1800.0,2.1,High Protein Diet,Strength Training
1,17.491272,1.834637,59.990861,1,1,2.943749,4.0,2,0,2.0,0,2.0,0.128895,3,0,17.823163836260964,Insufficient Weight,1799.72583,2.1,High Protein Diet,Strength Training
1,18.0,1.721854,52.514302,1,1,2.33998,3.0,2,0,2.0,0,0.027433,1.884138,2,3,17.7127074495551,Insufficient Weight,1575.42906,1.84,High Protein Diet,Strength Training
0,20.172661,1.605521,44.661461,0,0,3.0,2.893778,1,0,1.0,1,0.769726,0.0,2,3,17.326105121463698,Insufficient Weight,1339.84383,1.56,High Protein Diet,Strength Training
0,19.220108,1.530266,42.0,0,1,3.0,1.0,1,0,1.954889,0,0.0,0.907868,2,3,17.935580283661157,Insufficient Weight,1260.0,1.47,High Protein Diet,Strength Training
1,18.0,1.71889,52.058335,1,1,1.950742,3.0,2,0,1.751723,0,0.201136,1.743319,2,3,17.61952125166821,Insufficient Weight,1561.75005,1.82,High Protein Diet,Strength Training
1,19.96247,1.756338,54.98234,1,1,2.277436,3.502604,2,0,2.891713,0,1.696294,1.894902,3,3,17.824075926933478,Insufficient Weight,1649.4702,1.92,High Protein Diet,Strength Training
1,17.580627,1.770324,55.695253,1,1,2.0,4.0,2,0,2.369627,0,2.0,1.612466,3,0,17.77103273987575,Insufficient Weight,1670.85759,1.95,High Protein Diet,Strength Training
0,21.125098,1.767479,56.265959,1,1,2.371338,3.998766,1,0,2.263466,0,2.0,0.844004,3,3,18.01097404591081,Insufficient Weight,1687.9787700000002,1.97,High Protein Diet,Strength Training
0,22.033129,1.704223,51.437985,1,1,2.984425,3.0,1,0,2.044694,0,2.008256,1.250871,3,3,17.71051144984057,Insufficient Weight,1543.1395499999999,1.8,High Protein Diet,Strength Training
0,20.744839,1.667852,49.803921,1,1,2.977018,3.193671,1,0,2.482933,0,2.0,1.0,3,3,17.90393594560278,Insufficient Weight,1494.1176300000002,1.74,High Protein Diet,Strength Training
0,22.547298,1.722461,51.881263,1,1,2.663421,3.0,1,0,1.04111,0,0.794402,1.391948,3,3,17.486856463481544,Insufficient Weight,1556.43789,1.82,High Protein Diet,Strength Training
0,21.837996,1.588046,44.236067,0,0,3.0,1.69608,1,0,2.550307,0,1.098862,0.0,3,3,17.540838529421617,Insufficient Weight,1327.0820099999999,1.55,High Protein Diet,Strength Training
0,23.035829,1.598612,42.993937,0,0,2.753752,2.812377,1,0,2.346647,0,1.612248,0.0,3,3,16.82368306998358,Insufficient Weight,1289.8181100000002,1.5,High Protein Diet,Strength Training
0,21.529439,1.592379,44.00945,0,0,3.0,1.612747,1,0,2.566629,0,1.190465,0.0,3,3,17.35613653702205,Insufficient Weight,1320.2835,1.54,High Protein Diet,Strength Training
0,21.287999,1.555778,42.3601,0,0,2.318355,1.082304,1,0,1.220365,0,0.033328,0.0,3,3,17.50095406313848,Insufficient Weight,1270.803,1.48,High Protein Diet,Strength Training
0,23.444286,1.596466,44.594588,0,0,2.594653,1.882158,1,0,1.916812,0,0.417119,0.0,3,3,17.49696843526265,Insufficient Weight,1337.83764,1.56,High Protein Diet,Strength Training
0,22.329041,1.598393,44.918255,0,0,2.886157,2.326233,1,0,2.306821,0,1.42237,0.0,3,3,17.581492446660203,Insufficient Weight,1347.54765,1.57,High Protein Diet,Strength Training
0,18.91505,1.633316,45.0,0,1,3.0,3.0,2,0,2.924594,1,1.352558,0.220087,2,3,16.868329698259153,Insufficient Weight,1350.0,1.58,High Protein Diet,Strength Training
0,19.0,1.559567,42.12617,0,1,3.0,1.989398,2,0,2.241607,0,0.206025,0.284453,3,3,17.31984104420505,Insufficient Weight,1263.7851,1.47,High Protein Diet,Strength Training
0,19.052833,1.546551,42.069992,0,1,3.0,1.735493,2,0,2.318736,0,1.193486,0.74568,3,3,17.58911292546032,Insufficient Weight,1262.09976,1.47,High Protein Diet,Strength Training
0,19.59904,1.566501,41.706283,0,1,2.967853,1.0,1,0,1.131185,0,0.0,0.504176,2,3,16.99574212358315,Insufficient Weight,1251.18849,1.46,High Protein Diet,Strength Training
0,21.0,1.52,42.0,0,1,3.0,1.0,1,0,1.0,0,0.0,0.0,2,3,18.178670360110804,Insufficient Weight,1260.0,1.47,High Protein Diet,Strength Training
0,19.673262,1.599486,44.810751,0,0,3.0,2.974568,1,0,1.145761,1,0.87967,0.0,2,3,17.515451479328508,Insufficient Weight,1344.3225300000001,1.57,High Protein Diet,Strength Training
0,20.244359,1.559186,41.952805,0,1,2.619835,1.0,1,0,1.198883,0,0.0,0.751212,2,3,17.2569940862614,Insufficient Weight,1258.58415,1.47,High Protein Diet,Strength Training
0,20.552695,1.523426,42.0,0,1,3.0,1.0,1,0,1.185062,0,0.0,0.076654,2,3,18.096999055516253,Insufficient Weight,1260.0,1.47,High Protein Diet,Strength Training
0,21.0,1.52,42.0,0,1,3.0,1.0,1,0,1.0,0,0.0,0.0,2,3,18.178670360110804,Insufficient Weight,1260.0,1.47,High Protein Diet,Strength Training
0,21.997683,1.689441,51.107925,1,1,3.0,3.715118,1,0,1.774576,0,0.10297,0.646423,3,3,17.906148818447978,Insufficient Weight,1533.23775,1.79,High Protein Diet,Strength Training
0,21.274628,1.737453,50.479039,1,1,3.0,3.489918,1,0,1.326694,0,0.791929,0.128394,3,3,16.721874043998426,Insufficient Weight,1514.37117,1.77,High Protein Diet,Strength Training
0,18.909439,1.732096,50.0,0,1,1.053534,3.378859,2,0,1.0,0,1.853425,0.861809,2,3,16.665796971962276,Insufficient Weight,1500.0,1.75,High Protein Diet,Strength Training
1,22.396504,1.869098,61.411141,1,1,3.0,3.263201,2,0,2.233274,0,1.557737,0.000355,2,0,17.578548880751683,Insufficient Weight,1842.33423,2.15,High Protein Diet,Strength Training
1,19.084317,1.851123,61.264785,1,1,3.0,3.994588,2,0,2.548527,0,1.285976,0.267076,2,0,17.878882077283855,Insufficient Weight,1837.9435500000002,2.14,High Protein Diet,Strength Training
1,21.084625,1.787264,58.585146,1,1,2.530233,3.24934,2,0,2.387945,0,1.976341,1.672508,3,0,18.340454811946948,Insufficient Weight,1757.55438,2.05,High Protein Diet,Strength Training
1,18.068767,1.787787,52.0,1,1,3.0,3.0,2,0,2.0,0,0.854337,1.0,2,3,16.269409622423677,Insufficient Weight,1560.0,1.82,High Protein Diet,Strength Training
0,21.813083,1.712515,51.710723,1,1,2.8813,3.087544,1,0,1.24818,0,1.952427,0.427461,3,3,17.632416731631306,Insufficient Weight,1551.32169,1.81,High Protein Diet,Strength Training
1,18.038422,1.698914,51.692272,1,1,2.824559,3.0,2,0,2.0,0,0.533309,1.099764,2,3,17.909473985945926,Insufficient Weight,1550.76816,1.81,High Protein Diet,Strength Training
0,18.874591,1.533609,41.669346,0,1,2.762325,1.163666,2,0,1.30491,0,0.25289,1.001405,2,3,17.71688585673703,Insufficient Weight,1250.0803799999999,1.46,High Protein Diet,Strength Training
0,19.21164,1.567981,41.934368,0,1,2.070964,1.0,2,0,1.676975,0,0.0,1.718513,2,3,17.056444696319325,Insufficient Weight,1258.03104,1.47,High Protein Diet,Strength Training
0,18.988581,1.544263,41.535047,0,1,2.68601,1.0,2,0,1.310074,0,0.0,1.0647,2,3,17.416952771213392,Insufficient Weight,1246.05141,1.45,High Protein Diet,Strength Training
0,19.408999,1.670552,49.804245,0,1,2.794197,3.409363,2,0,1.543021,0,2.0,1.0,2,3,17.846224975481757,Insufficient Weight,1494.12735,1.74,High Protein Diet,Strength Training
0,19.665881,1.676346,49.105025,0,0,2.720701,3.0,2,0,2.0,0,1.862235,1.0,2,3,17.474252684815582,Insufficient Weight,1473.15075,1.72,High Protein Diet,Strength Training
0,19.758286,1.667404,49.125955,0,0,2.880792,3.281391,2,0,1.960131,0,1.513029,1.0,2,3,17.669706185691584,Insufficient Weight,1473.77865,1.72,High Protein Diet,Strength Training
0,22.422674,1.70011,50.173425,1,1,2.674431,3.0,1,0,2.453384,0,1.321624,1.990617,3,3,17.35880020715607,Insufficient Weight,1505.2027500000002,1.76,High Protein Diet,Strength Training
1,20.242237,1.75633,54.567343,1,1,2.0,3.98525,2,0,2.654078,0,2.113151,2.0,3,3,17.689704097545913,Insufficient Weight,1637.02029,1.91,High Protein Diet,Strength Training
0,22.637018,1.703584,51.607091,1,1,2.55996,3.0,1,0,1.990788,0,0.486006,1.561272,3,3,17.782068310288892,Insufficient Weight,1548.21273,1.81,High Protein Diet,Strength Training
0,19.007177,1.690727,49.895716,0,1,1.212908,3.207071,2,0,1.029703,0,2.0,1.0,2,3,17.454856501493396,Insufficient Weight,1496.87148,1.75,High Protein Diet,Strength Training
0,18.288205,1.713564,50.0,0,1,1.140615,3.471536,2,0,1.0,0,2.0,1.0,2,3,17.02822363509025,Insufficient Weight,1500.0,1.75,High Protein Diet,Strength Training
0,19.314429,1.67231,49.713944,0,1,2.562409,3.488342,2,0,1.67062,0,2.0,1.0,2,3,17.776434022057668,Insufficient Weight,1491.41832,1.74,High Protein Diet,Strength Training
0,27.14823,1.660446,49.558304,1,1,2.004146,3.443456,1,0,2.020764,0,1.078719,1.26729,3,3,17.974918204245093,Insufficient Weight,1486.74912,1.73,High Protein Diet,Strength Training
0,25.380557,1.630379,46.062954,1,1,2.690754,3.03779,1,0,2.212296,0,1.616882,0.0,3,3,17.3290454221302,Insufficient Weight,1381.88862,1.61,High Protein Diet,Strength Training
0,22.867719,1.655413,50.424661,1,1,3.0,3.642802,1,0,1.995177,0,0.118271,0.065515,3,3,18.40052711780821,Insufficient Weight,1512.73983,1.76,High Protein Diet,Strength Training
1,17.729923,1.732862,51.216463,0,1,2.051283,2.645858,2,0,2.35752,0,0.291309,0.897942,2,3,17.05617434080397,Insufficient Weight,1536.49389,1.79,High Protein Diet,Strength Training
0,16.834813,1.74402,50.0,0,1,2.19005,3.420618,2,0,1.356405,0,1.351996,0.98468,2,3,16.43868533225836,Insufficient Weight,1500.0,1.75,High Protein Diet,Strength Training
1,17.521754,1.757958,52.09432,0,1,2.21498,2.64155,2,0,2.121251,0,0.998391,0.85882,2,3,16.85673205201391,Insufficient Weight,1562.8296,1.82,High Protein Diet,Strength Training
1,18.0,1.786758,51.524444,0,1,2.91548,3.0,2,0,1.777486,0,1.077469,1.0,2,3,16.139194052699192,Insufficient Weight,1545.73332,1.8,High Protein Diet,Strength Training
1,18.0,1.767058,51.132809,1,1,2.708965,3.0,2,0,1.873004,0,1.21718,1.0,2,3,16.375630955073106,Insufficient Weight,1533.9842700000002,1.79,High Protein Diet,Strength Training
1,18.128249,1.699437,52.08657,1,1,2.853513,3.0,2,0,2.0,0,0.680464,1.258881,2,3,18.034978144856712,Insufficient Weight,1562.5971,1.82,High Protein Diet,Strength Training
1,17.405104,1.82525,58.913579,1,1,2.580872,3.887906,2,0,2.0,0,2.0,0.453649,3,0,17.683600408152383,Insufficient Weight,1767.40737,2.06,High Protein Diet,Strength Training
1,19.72925,1.793315,58.19515,1,1,2.508835,3.435905,2,0,2.076933,0,2.026668,1.443328,3,0,18.095626751190977,Insufficient Weight,1745.8545,2.04,High Protein Diet,Strength Training
1,18.525834,1.776989,57.275946,1,1,2.0,3.747163,2,0,2.575535,0,2.0,1.84383,3,0,18.13855942249867,Insufficient Weight,1718.27838,2.0,High Protein Diet,Strength Training
0,18.595614,1.609495,42.656563,0,1,2.896562,2.625475,2,0,2.839558,1,1.949667,1.253311,3,3,16.466700861405943,Insufficient Weight,1279.69689,1.49,High Protein Diet,Strength Training
0,16.613108,1.777929,44.762023,0,1,2.911877,3.098399,2,0,2.196405,0,2.328147,1.55011,2,3,14.160574669617416,Insufficient Weight,1342.86069,1.57,High Protein Diet,Strength Training
0,16.928791,1.710948,45.248627,0,1,2.910733,3.12544,2,0,2.204263,0,2.407906,1.403037,2,3,15.457234117286061,Insufficient Weight,1357.45881,1.58,High Protein Diet,Strength Training
1,17.758315,1.854162,59.881316,1,1,2.966126,3.96981,2,0,2.0,0,2.000088,0.378619,3,0,17.41790765685395,Insufficient Weight,1796.43948,2.1,High Protein Diet,Strength Training
1,17.282945,1.821514,59.605028,1,1,2.613249,3.712183,2,0,2.0,0,2.002997,0.174848,3,0,17.96461313765503,Insufficient Weight,1788.15084,2.09,High Protein Diet,Strength Training
1,19.993154,1.762073,55.511075,1,1,2.0,4.0,2,0,2.542415,0,2.0,1.807465,3,0,17.87853152140289,Insufficient Weight,1665.33225,1.94,High Protein Diet,Strength Training
0,22.935612,1.732307,54.835576,1,1,3.0,3.0,1,0,2.00357,0,1.25955,0.417116,3,3,18.273119278206526,Insufficient Weight,1645.0672800000002,1.92,High Protein Diet,Strength Training
1,20.738469,1.759933,55.003417,1,1,2.627031,3.832911,2,0,2.993448,0,2.0,1.425903,3,3,17.758136944505654,Insufficient Weight,1650.10251,1.93,High Protein Diet,Strength Training
0,22.99368,1.741377,54.877111,1,1,3.0,3.0,1,0,2.009796,0,2.0,0.071317,3,3,18.09696022470291,Insufficient Weight,1646.31333,1.92,High Protein Diet,Strength Training
0,19.317148,1.731195,49.650897,0,1,2.919751,3.576103,2,0,1.949308,0,1.940182,1.0,2,3,16.566666159182795,Insufficient Weight,1489.52691,1.74,High Protein Diet,Strength Training
0,16.910997,1.74823,49.928447,0,1,2.494451,3.56544,2,0,1.491268,0,1.951027,0.956204,2,3,16.336195445262593,Insufficient Weight,1497.85341,1.75,High Protein Diet,Strength Training
0,19.071027,1.756865,49.699672,0,1,1.69427,3.266644,2,0,1.095417,0,2.0,1.0,2,3,16.101885742701402,Insufficient Weight,1490.99016,1.74,High Protein Diet,Strength Training
0,18.019572,1.701378,50.088468,0,1,1.601236,3.433908,2,0,1.055019,0,0.819269,1.030848,2,3,17.303586290660153,Insufficient Weight,1502.65404,1.75,High Protein Diet,Strength Training
0,19.735968,1.699956,49.98297,0,1,1.204855,3.531038,2,0,1.134658,0,2.0,1.0,2,3,17.29604064158991,Insufficient Weight,1499.4891,1.75,High Protein Diet,Strength Training
0,18.094079,1.723328,50.0,0,1,1.052699,3.998618,1,0,1.0,0,2.0,1.0,2,3,16.835813868611744,Insufficient Weight,1500.0,1.75,High Protein Diet,Strength Training
0,19.054938,1.585886,42.541794,0,0,2.910345,3.0,1,0,1.0,1,1.461005,0.0,2,3,16.914994846787263,Insufficient Weight,1276.2538200000001,1.49,High Protein Diet,Strength Training
0,20.850119,1.524926,42.0,0,1,2.866383,1.226342,1,0,1.0,0,0.14495,0.0,2,3,18.061414184263192,Insufficient Weight,1260.0,1.47,High Protein Diet,Strength Training
0,19.349258,1.52337,42.0,0,1,2.913486,1.060796,1,0,1.596212,0,0.108948,0.773087,2,3,18.09832959317197,Insufficient Weight,1260.0,1.47,High Protein Diet,Strength Training
1,17.0,1.844749,59.313525,1,1,2.432886,3.0,2,0,2.0,0,2.697949,1.0,3,0,17.4292687969112,Insufficient Weight,1779.40575,2.08,High Protein Diet,Strength Training
1,17.203917,1.853325,59.619485,1,1,2.883745,3.595761,2,0,2.0,0,2.077653,0.714701,3,0,17.357415194302046,Insufficient Weight,1788.58455,2.09,High Protein Diet,Strength Training
1,17.671064,1.854706,59.20945,1,1,2.707666,3.737914,2,0,2.026547,0,2.009397,0.613971,3,0,17.212377922661492,Insufficient Weight,1776.2835,2.07,High Protein Diet,Strength Training
0,21.310907,1.72064,50.0,1,1,2.919584,3.697831,1,0,1.147121,0,0.993058,0.08922,3,3,16.88845709010222,Insufficient Weight,1500.0,1.75,High Protein Diet,Strength Training
0,21.708354,1.704167,50.165754,1,1,2.969205,3.21043,1,0,2.765876,0,0.611037,1.300692,3,3,17.273607283642665,Insufficient Weight,1504.97262,1.76,High Protein Diet,Strength Training
0,22.176922,1.71746,51.491957,1,1,2.486189,3.0,1,0,1.064378,0,2.206055,1.958089,3,3,17.456860275033595,Insufficient Weight,1544.75871,1.8,High Protein Diet,Strength Training
0,17.823438,1.708406,50.0,0,1,1.642241,3.45259,2,0,1.099231,0,0.418875,1.0,2,3,17.13120169482621,Insufficient Weight,1500.0,1.75,High Protein Diet,Strength Training
0,18.0,1.763465,50.279053,0,1,1.567101,3.0,2,0,1.994139,0,0.107981,1.0,2,3,16.167892025823217,Insufficient Weight,1508.37159,1.76,High Protein Diet,Strength Training
0,18.281092,1.7,50.0,0,1,1.036414,3.205587,2,0,1.745959,0,0.115974,1.0,2,3,17.301038062283737,Insufficient Weight,1500.0,1.75,High Protein Diet,Strength Training
0,18.656912,1.574017,41.220175,0,1,1.649974,1.513835,2,0,1.549974,0,0.227802,1.972926,2,3,16.637612076461625,Insufficient Weight,1236.6052499999998,1.44,High Protein Diet,Strength Training
0,19.994543,1.537739,39.101805,0,1,1.118436,3.0,2,0,1.997744,0,2.432443,1.626194,2,3,16.536041268690497,Insufficient Weight,1173.05415,1.37,High Protein Diet,Strength Training
0,20.255616,1.534223,41.268597,0,1,2.673638,2.779379,1,0,1.249074,0,0.043412,0.403694,2,3,17.532454734733875,Insufficient Weight,1238.05791,1.44,High Protein Diet,Strength Training
1,19.865895,1.76033,55.3707,1,1,2.120185,4.0,2,0,2.582165,0,2.0,1.510609,3,0,17.8686537402889,Insufficient Weight,1661.121,1.94,High Protein Diet,Strength Training
1,17.888073,1.841879,60.0,1,1,3.0,3.732126,2,0,2.0,0,2.000934,0.384662,3,0,17.685977072831747,Insufficient Weight,1800.0,2.1,High Protein Diet,Strength Training
1,18.470562,1.856406,58.673963,1,1,2.34222,3.937099,2,0,2.311791,0,2.013377,1.128355,3,0,17.025485134899714,Insufficient Weight,1760.21889,2.05,High Protein Diet,Strength Training
1,17.925497,1.829142,59.933015,1,1,2.86099,4.0,2,0,2.0,0,2.0,0.007872,3,0,17.913121930048373,Insufficient Weight,1797.99045,2.1,High Protein Diet,Strength Training
1,17.000752,1.822084,58.443049,1,1,2.559571,3.047959,2,0,2.0,0,2.011646,0.588994,3,0,17.603380487852682,Insufficient Weight,1753.2914700000001,2.05,High Protein Diet,Strength Training
1,17.362129,1.80671,59.243506,1,1,2.424977,4.0,2,0,2.0,0,2.0,0.03921,3,0,18.149466151930554,Insufficient Weight,1777.3051799999998,2.07,High Protein Diet,Strength Training
1,18.0,1.707259,50.664459,1,1,1.786841,3.0,2,0,1.546856,0,0.512094,1.608265,2,3,17.38219380835543,Insufficient Weight,1519.93377,1.77,High Protein Diet,Strength Training
1,18.0,1.708107,51.314659,1,1,1.303878,3.0,2,0,1.755497,0,0.062932,1.672532,2,3,17.58779124888334,Insufficient Weight,1539.43977,1.8,High Protein Diet,Strength Training
1,18.0,1.739344,50.951444,1,1,1.889883,3.0,2,0,1.959531,0,0.520407,1.151166,2,3,16.841684600792135,Insufficient Weight,1528.54332,1.78,High Protein Diet,Strength Training
0,19.029494,1.573987,44.316254,0,0,2.984004,3.0,1,0,1.015249,1,1.327833,0.0,2,3,17.887957761754453,Insufficient Weight,1329.48762,1.55,High Protein Diet,Strength Training
0,19.269079,1.58092,44.753943,0,0,3.0,2.975362,1,0,1.246822,1,0.979701,0.0,2,3,17.906533396098776,Insufficient Weight,1342.61829,1.57,High Protein Diet,Strength Training
0,19.946244,1.603435,45.0,0,0,3.0,3.0,1,0,2.487919,1,1.230441,0.0,2,3,17.50289128843946,Insufficient Weight,1350.0,1.58,High Protein Diet,Strength Training
0,19.639431,1.53535,42.0,0,1,3.0,1.0,1,0,1.49681,0,0.0,0.513427,2,3,17.816996871809412,Insufficient Weight,1260.0,1.47,High Protein Diet,Strength Training
0,19.0,1.53161,42.0,0,1,2.749268,1.394539,1,0,1.322048,0,0.463949,0.800993,2,3,17.90411686470717,Insufficient Weight,1260.0,1.47,High Protein Diet,Strength Training
0,19.434709,1.525691,42.0,0,1,3.0,1.0,1,0,1.764055,0,0.0,0.560887,2,3,18.04330630022941,Insufficient Weight,1260.0,1.47,High Protein Diet,Strength Training
1,18.0,1.719827,52.289828,1,1,1.202075,3.0,2,0,1.927976,0,0.023574,1.747256,2,3,17.678592602395533,Insufficient Weight,1568.69484,1.83,High Protein Diet,Strength Training
1,18.381382,1.722547,53.783977,1,1,2.0,3.131032,2,0,2.072194,0,1.487987,2.0,2,3,18.126366275555824,Insufficient Weight,1613.51931,1.88,High Protein Diet,Strength Training
1,18.0,1.738702,50.248677,1,1,1.871213,3.0,2,0,1.283738,0,0.684879,1.487223,2,3,16.621657314943572,Insufficient Weight,1507.46031,1.76,High Protein Diet,Strength Training
1,26.69858,1.816298,86.963765,0,1,2.341133,1.578521,2,0,2.0,0,2.0,0.554072,3,0,26.361136160086645,Obesity Type II,2608.91295,3.04,Medical Weight Loss Diet,Cardio + Walking
1,21.125836,1.638085,70.0,0,1,2.0,1.0,3,0,2.115967,0,0.770536,0.0,2,3,26.087062160811257,Obesity Type II,2100.0,2.45,Medical Weight Loss Diet,Cardio + Walking
1,25.191627,1.813678,85.637789,0,1,1.450218,3.985442,2,0,2.147746,0,0.046836,1.0,3,0,26.0342503085834,Obesity Type II,2569.13367,3.0,Medical Weight Loss Diet,Cardio + Walking
1,21.963457,1.697228,75.5771,1,1,2.204914,3.623364,2,0,1.815293,0,0.989316,0.0,2,3,26.236738550453666,Obesity Type II,2267.313,2.65,Medical Weight Loss Diet,Cardio + Walking
1,21.0,1.617469,68.869791,0,1,1.206276,3.0,3,0,2.406541,0,0.94984,0.479221,2,3,26.32430011094419,Obesity Type II,2066.09373,2.41,Medical Weight Loss Diet,Cardio + Walking
1,19.114981,1.855543,88.965521,1,1,2.0,3.0,2,0,1.015677,0,0.0,0.37465,2,3,25.839236699477247,Obesity Type II,2668.9656299999997,3.11,Medical Weight Loss Diet,Cardio + Walking
0,41.823567,1.721854,82.919584,0,1,2.81646,3.36313,2,0,2.722063,0,3.0,0.26579,2,0,27.96819680152675,Obesity Type II,2487.58752,2.9,Medical Weight Loss Diet,Cardio + Walking
1,21.142432,1.855353,86.413388,1,1,2.0,3.0,2,0,1.345298,0,1.097905,1.0,2,3,25.10313323952578,Obesity Type II,2592.40164,3.02,Medical Weight Loss Diet,Cardio + Walking
1,21.962426,1.696336,75.0,1,1,2.0,3.0,2,0,1.825629,0,0.699592,0.142056,2,3,26.063786269971196,Obesity Type II,2250.0,2.63,Medical Weight Loss Diet,Cardio + Walking
0,18.836315,1.751631,80.0,1,1,2.0,1.73762,2,0,2.207978,0,2.641072,0.707044,1,3,26.07382472196018,Obesity Type II,2400.0,2.8,Medical Weight Loss Diet,Cardio + Walking
1,23.572648,1.698346,75.0,1,1,2.0,3.0,2,0,2.0,0,0.345684,1.415536,2,3,26.002129564490307,Obesity Type II,2250.0,2.63,Medical Weight Loss Diet,Cardio + Walking
0,33.700749,1.642971,74.803157,1,0,3.0,1.146052,2,0,1.074048,0,0.679935,0.0,2,0,27.71150620625433,Obesity Type III,2244.09471,2.62,Doctor Supervised Diet,Cardio + Walking
0,21.845025,1.613668,68.126955,1,1,1.758394,3.981997,2,0,2.174248,0,0.920476,1.358163,2,3,26.163184548620098,Obesity Type II,2043.80865,2.38,Medical Weight Loss Diet,Cardio + Walking
1,21.0,1.605404,68.226511,0,1,2.0,1.9154,3,0,3.0,0,1.0,0.0,2,3,26.471861457305877,Obesity Type II,2046.7953300000001,2.39,Medical Weight Loss Diet,Cardio + Walking
0,35.125401,1.529834,62.903938,0,1,2.0,2.105616,2,0,1.456581,0,0.0,0.9974,2,0,26.87752145121935,Obesity Type II,1887.1181399999998,2.2,Medical Weight Loss Diet,Cardio + Walking
0,36.769646,1.55,62.337721,1,1,2.392665,3.0,2,0,2.951056,0,0.0,0.369134,2,0,25.94702226847034,Obesity Type II,1870.13163,2.18,Medical Weight Loss Diet,Cardio + Walking
0,21.868932,1.731261,78.175706,1,1,2.577427,1.0,2,0,2.0,0,2.287423,0.0,2,3,26.08235011774621,Obesity Type II,2345.27118,2.74,Medical Weight Loss Diet,Cardio + Walking
1,22.549208,1.629194,70.0,0,1,2.0,1.0,3,0,2.803311,0,0.245354,0.0,2,3,26.372568924171855,Obesity Type II,2100.0,2.45,Medical Weight Loss Diet,Cardio + Walking
1,21.0,1.62,70.0,0,1,2.0,1.0,3,0,3.0,0,1.0,0.0,2,3,26.672763298277697,Obesity Type II,2100.0,2.45,Medical Weight Loss Diet,Cardio + Walking
1,21.0,1.62,70.0,0,1,2.0,1.0,3,0,3.0,0,1.0,0.0,2,3,26.672763298277697,Obesity Type II,2100.0,2.45,Medical Weight Loss Diet,Cardio + Walking
0,30.958957,1.633491,68.803694,1,1,2.052152,3.0,2,0,1.972074,0,0.228307,0.0,2,0,25.78566069885033,Obesity Type II,2064.11082,2.41,Medical Weight Loss Diet,Cardio + Walking
1,21.017383,1.752391,79.109637,1,1,3.0,1.0,2,0,2.0,0,2.57223,0.0,2,0,25.761275588926406,Obesity Type II,2373.28911,2.77,Medical Weight Loss Diet,Cardio + Walking
1,19.623574,1.818226,85.833029,1,1,2.954996,3.714833,2,0,2.430918,0,2.545931,0.469735,2,3,25.963229444217983,Obesity Type II,2574.99087,3.0,Medical Weight Loss Diet,Cardio + Walking
1,19.637947,1.809101,85.0,1,1,3.0,3.0,2,0,2.229171,0,1.607953,0.628059,2,3,25.97127664395861,Obesity Type II,2550.0,2.98,Medical Weight Loss Diet,Cardio + Walking
1,21.413642,1.709484,75.0,1,1,2.0,3.0,2,0,2.843777,0,2.022315,0.009254,2,3,25.664403971709387,Obesity Type II,2250.0,2.63,Medical Weight Loss Diet,Cardio + Walking
1,21.029633,1.607082,67.722222,1,1,2.0,3.691226,3,0,3.0,0,1.228136,0.3352,2,3,26.221354705590574,Obesity Type II,2031.66666,2.37,Medical Weight Loss Diet,Cardio + Walking
0,22.667596,1.718939,75.951472,1,1,2.0,3.0,1,0,2.0,0,0.0,2.0,2,3,25.704861308306967,Obesity Type II,2278.54416,2.66,Medical Weight Loss Diet,Cardio + Walking
1,20.0,1.831357,89.652557,1,1,2.555401,3.292386,2,0,3.0,0,2.0,0.315918,2,3,26.731089197596813,Obesity Type II,2689.5767100000003,3.14,Medical Weight Loss Diet,Cardio + Walking
0,21.81119,1.6,66.401407,1,1,2.108711,3.0,2,0,2.746197,0,1.910432,0.0,2,3,25.938049609374996,Obesity Type II,1992.04221,2.32,Medical Weight Loss Diet,Cardio + Walking
0,21.0,1.754813,77.929204,1,1,2.915279,1.104642,2,0,1.530046,0,1.360635,0.0,2,3,25.306876986352822,Obesity Type II,2337.87612,2.73,Medical Weight Loss Diet,Cardio + Walking
1,18.128206,1.778447,80.273807,1,1,1.570089,3.0,2,0,2.0,0,2.707882,0.0,3,3,25.380022665048838,Obesity Type II,2408.21421,2.81,Medical Weight Loss Diet,Cardio + Walking
1,21.0,1.709561,75.0,1,1,2.0,3.0,2,0,1.636326,0,1.0,0.0,2,3,25.66209213305381,Obesity Type II,2250.0,2.63,Medical Weight Loss Diet,Cardio + Walking
0,29.08107,1.674568,71.602622,1,1,2.0,3.0,2,0,1.701835,0,1.682271,0.0,2,0,25.534264351815867,Obesity Type II,2148.07866,2.51,Medical Weight Loss Diet,Cardio + Walking
1,26.358919,1.755317,82.228794,1,1,1.94313,3.559841,2,0,2.367996,0,0.23553,0.879977,2,3,26.687801755437132,Obesity Type II,2466.8638199999996,2.88,Medical Weight Loss Diet,Cardio + Walking
1,22.717249,1.708071,75.0,1,1,2.714447,3.0,2,0,3.0,0,1.096818,1.89388,2,3,25.706883239150905,Obesity Type II,2250.0,2.63,Medical Weight Loss Diet,Cardio + Walking
1,19.816949,1.806947,85.079589,1,1,2.0,3.0,2,0,2.292073,0,1.067817,0.19668,2,3,26.05760848659594,Obesity Type II,2552.38767,2.98,Medical Weight Loss Diet,Cardio + Walking
0,24.023972,1.599697,64.808022,0,1,2.903545,3.0,2,0,1.549931,0,0.0,0.273882,2,3,25.32522461433692,Obesity Type II,1944.24066,2.27,Medical Weight Loss Diet,Cardio + Walking
0,32.593129,1.721903,72.748903,1,1,2.0,3.0,2,0,1.0,0,0.0,1.339232,2,0,24.536300591108244,Obesity Type II,2182.46709,2.55,Medical Weight Loss Diet,Cardio + Walking
1,23.0,1.712556,75.480764,1,1,3.0,3.654061,2,0,1.229915,0,0.793489,1.597608,2,3,25.73633636399637,Obesity Type II,2264.42292,2.64,Medical Weight Loss Diet,Cardio + Walking
0,16.941489,1.551288,54.93242,0,1,1.75375,1.296156,2,0,2.0,1,0.110174,1.944675,2,3,22.826738618008303,Obesity Type II,1647.9726,1.92,Medical Weight Loss Diet,Cardio + Walking
0,16.172992,1.603842,65.0,1,1,2.543563,1.0,2,0,2.0,1,0.694281,1.056911,2,3,25.269124328601528,Obesity Type II,1950.0,2.28,Medical Weight Loss Diet,Cardio + Walking
0,23.71259,1.588597,62.339003,0,1,2.39728,2.656588,2,0,2.061062,0,1.912981,1.887386,2,3,24.702014715821026,Obesity Type II,1870.1700899999998,2.18,Medical Weight Loss Diet,Cardio + Walking
0,35.194089,1.673482,73.193589,1,0,3.0,2.809716,2,0,1.591425,0,0.178023,0.0,2,0,26.13550837194731,Obesity Type II,2195.80767,2.56,Medical Weight Loss Diet,Cardio + Walking
1,23.172982,1.858624,88.675503,1,1,2.0,2.77684,2,0,1.278231,0,0.55713,1.0,2,0,25.66968734525319,Obesity Type II,2660.2650900000003,3.1,Medical Weight Loss Diet,Cardio + Walking
0,37.218161,1.593894,63.320629,1,1,2.37464,3.0,2,0,2.0,0,2.892922,0.480813,2,0,24.924493908432453,Obesity Type II,1899.6188699999998,2.22,Medical Weight Loss Diet,Cardio + Walking
1,19.076443,1.62,69.529625,0,1,2.278644,1.0,2,0,2.628985,0,1.0,1.285373,2,3,26.493531854900162,Obesity Type II,2085.88875,2.43,Medical Weight Loss Diet,Cardio + Walking
0,16.30687,1.616366,67.183128,1,1,1.620845,1.0,2,0,2.0,1,0.926592,1.657098,3,3,25.71466123649575,Obesity Type II,2015.4938399999999,2.35,Medical Weight Loss Diet,Cardio + Walking
0,18.297229,1.637396,70.0,1,1,2.0,1.999014,2,0,2.326165,0,0.00705,0.0,3,3,26.109021134042287,Obesity Type II,2100.0,2.45,Medical Weight Loss Diet,Cardio + Walking
0,18.610761,1.550723,60.628321,0,1,2.823179,2.644692,2,0,1.226764,1,0.747528,0.008899,2,3,25.211987593410957,Obesity Type II,1818.84963,2.12,Medical Weight Loss Diet,Cardio + Walking
0,17.451085,1.6,65.0,1,1,3.0,2.449723,2,0,2.0,1,0.479592,1.720642,2,3,25.390624999999996,Obesity Type II,1950.0,2.28,Medical Weight Loss Diet,Cardio + Walking
1,29.740496,1.820471,87.668828,0,1,3.0,3.0,2,0,1.174611,0,2.0,0.0,3,0,26.453166816895745,Obesity Type II,2630.06484,3.07,Medical Weight Loss Diet,Cardio + Walking
0,31.539393,1.657496,73.641633,1,1,2.0,3.0,2,0,1.0,0,0.0,1.112489,2,0,26.805161760184564,Obesity Type II,2209.24899,2.58,Medical Weight Loss Diet,Cardio + Walking
1,18.026457,1.752123,80.0,1,1,2.0,2.794156,2,0,2.377362,0,0.101236,0.105895,3,3,26.05918360298315,Obesity Type II,2400.0,2.8,Medical Weight Loss Diet,Cardio + Walking
1,19.47554,1.857231,88.138777,1,1,2.061952,4.0,2,0,2.426465,0,2.0,0.160138,2,3,25.552604428356002,Obesity Type II,2644.16331,3.08,Medical Weight Loss Diet,Cardio + Walking
0,19.0,1.76,79.544998,1,1,2.0,1.146794,2,0,3.0,0,1.809745,1.690102,1,3,25.67955772210744,Obesity Type II,2386.34994,2.78,Medical Weight Loss Diet,Cardio + Walking
0,18.0,1.644682,68.392133,1,1,2.0,1.131695,2,0,1.344539,0,0.0,1.59257,3,3,25.28379555095861,Obesity Type II,2051.76399,2.39,Medical Weight Loss Diet,Cardio + Walking
0,18.270434,1.737165,76.699774,1,1,2.838969,3.0,2,0,2.425927,0,1.0,1.453335,1,3,25.416277458650733,Obesity Type II,2300.9932200000003,2.68,Medical Weight Loss Diet,Cardio + Walking
0,19.816228,1.507853,64.259379,0,1,2.568063,3.0,2,0,1.817983,1,0.0,0.0,2,3,28.263016719957434,Obesity Type II,1927.78137,2.25,Medical Weight Loss Diet,Cardio + Walking
1,28.39124,1.81006,87.286783,0,1,3.0,3.0,2,0,1.205633,0,2.0,0.0,3,0,26.64173752898216,Obesity Type II,2618.60349,3.06,Medical Weight Loss Diet,Cardio + Walking
1,26.758516,1.80179,86.981202,0,1,2.652958,2.488189,2,0,2.0,0,2.0,0.096614,3,0,26.792735729738585,Obesity Type II,2609.43606,3.04,Medical Weight Loss Diet,Cardio + Walking
1,21.033794,1.625891,70.0,0,1,2.0,1.0,3,0,2.00876,0,0.63119,0.0,2,3,26.479829590203295,Obesity Type II,2100.0,2.45,Medical Weight Loss Diet,Cardio + Walking
1,22.429812,1.64037,70.0,0,1,2.0,1.0,3,0,2.069184,0,0.729898,0.0,2,3,26.014435350937646,Obesity Type II,2100.0,2.45,Medical Weight Loss Diet,Cardio + Walking
1,26.650419,1.791047,83.26312,0,1,1.27785,3.999591,2,0,2.495944,0,0.00342,1.0,3,0,25.95605677019678,Obesity Type II,2497.8936,2.91,Medical Weight Loss Diet,Cardio + Walking
1,21.618246,1.679306,75.0,1,1,2.0,3.0,2,0,1.957871,0,0.994592,0.117303,2,3,26.595097329436076,Obesity Type II,2250.0,2.63,Medical Weight Loss Diet,Cardio + Walking
0,21.012542,1.615145,68.653347,1,1,1.729824,3.612941,3,0,2.043703,0,0.562118,0.426643,2,3,26.317139362770305,Obesity Type II,2059.60041,2.4,Medical Weight Loss Diet,Cardio + Walking
0,21.071195,1.616467,68.77185,1,1,1.452524,3.950553,3,0,2.109858,0,0.508847,1.194633,2,3,26.319462834794745,Obesity Type II,2063.1555,2.41,Medical Weight Loss Diet,Cardio + Walking
1,19.741202,1.816783,86.522799,1,1,2.0,3.0,2,0,2.177386,0,0.336814,0.004813,2,3,26.213465841655264,Obesity Type II,2595.68397,3.03,Medical Weight Loss Diet,Cardio + Walking
1,19.21638,1.812472,86.748295,1,1,2.0,3.0,2,0,2.168651,0,0.977998,0.142638,2,3,26.40695561597472,Obesity Type II,2602.4488499999998,3.04,Medical Weight Loss Diet,Cardio + Walking
0,42.24475,1.768231,75.62931,1,1,3.0,2.951837,2,0,2.112032,0,0.378683,0.0,2,0,24.188678252471178,Obesity Type II,2268.8793,2.65,Medical Weight Loss Diet,Cardio + Walking
1,22.283082,1.870931,89.251639,1,1,2.0,2.799979,2,0,1.081333,0,0.444347,1.0,2,3,25.497679518825827,Obesity Type II,2677.54917,3.12,Medical Weight Loss Diet,Cardio + Walking
1,21.086512,1.863685,89.558854,1,1,2.0,3.0,2,0,1.005727,0,0.0,0.798219,2,3,25.784784621937103,Obesity Type II,2686.76562,3.13,Medical Weight Loss Diet,Cardio + Walking
1,23.451595,1.670227,75.0,1,1,2.0,3.0,2,0,2.0,0,0.129163,1.983678,2,3,26.885013781380962,Obesity Type II,2250.0,2.63,Medical Weight Loss Diet,Cardio + Walking
1,22.740275,1.717288,75.948164,1,1,2.0,3.0,2,0,2.0,0,0.0,2.0,2,3,25.753188647418973,Obesity Type II,2278.4449200000004,2.66,Medical Weight Loss Diet,Cardio + Walking
1,18.900253,1.750359,79.828725,1,1,2.0,2.228113,2,0,2.045004,0,1.293665,0.961806,1,3,26.05583101721643,Obesity Type II,2394.86175,2.79,Medical Weight Loss Diet,Cardio + Walking
1,23.170309,1.707557,75.306702,1,1,2.303367,3.042774,2,0,1.277636,0,0.944982,0.366126,2,3,25.82754987298419,Obesity Type II,2259.20106,2.64,Medical Weight Loss Diet,Cardio + Walking
0,32.997118,1.672446,74.812707,1,1,2.948425,1.198643,2,0,1.0,0,0.0,0.173796,2,0,26.746758788740376,Obesity Type II,2244.38121,2.62,Medical Weight Loss Diet,Cardio + Walking
0,32.501143,1.675979,74.959747,1,1,2.291846,1.555557,2,0,1.0,0,0.0,0.388271,2,0,26.68645994181491,Obesity Type II,2248.79241,2.62,Medical Weight Loss Diet,Cardio + Walking
0,21.938831,1.611239,67.939653,1,1,1.906194,3.987707,2,0,2.597746,0,1.922234,1.376124,2,3,26.16998016914111,Obesity Type II,2038.1895900000002,2.38,Medical Weight Loss Diet,Cardio + Walking
0,21.909534,1.611356,68.06609,1,1,1.834155,3.995957,2,0,2.632871,0,1.236114,1.980875,2,3,26.21487568448966,Obesity Type II,2041.9827,2.38,Medical Weight Loss Diet,Cardio + Walking
1,21.0,1.62,70.0,0,1,2.0,1.0,3,0,3.0,0,1.0,0.0,2,3,26.672763298277697,Obesity Type II,2100.0,2.45,Medical Weight Loss Diet,Cardio + Walking
0,37.455752,1.508908,63.183846,1,1,2.048582,1.047197,2,0,2.0,0,0.15136,0.22596,2,0,27.7511212953992,Obesity Type III,1895.51538,2.21,Doctor Supervised Diet,Cardio + Walking
0,40.0,1.561109,62.871794,1,1,2.948248,3.0,2,0,2.429911,0,0.11964,0.360193,2,0,25.79819955496728,Obesity Type II,1886.15382,2.2,Medical Weight Loss Diet,Cardio + Walking
0,38.943282,1.554728,63.011645,1,1,2.869436,3.0,2,0,2.972426,0,2.16079,0.305954,2,0,26.068256006653073,Obesity Type II,1890.34935,2.21,Medical Weight Loss Diet,Cardio + Walking
0,21.987341,1.730182,78.55444,1,1,2.293705,1.0,2,0,2.0,0,2.063943,0.0,2,3,26.2414094658728,Obesity Type II,2356.6332,2.75,Medical Weight Loss Diet,Cardio + Walking
0,21.198217,1.743841,78.88036,1,1,2.510583,1.0,2,0,2.0,0,2.119682,0.0,2,3,25.93911266169546,Obesity Type II,2366.4107999999997,2.76,Medical Weight Loss Diet,Cardio + Walking
1,21.0,1.62,70.0,0,1,2.0,1.0,3,0,3.0,0,1.0,0.0,2,3,26.672763298277697,Obesity Type II,2100.0,2.45,Medical Weight Loss Diet,Cardio + Walking
1,21.0,1.62,70.0,0,1,2.0,1.0,3,0,3.0,0,1.0,0.0,2,3,26.672763298277697,Obesity Type II,2100.0,2.45,Medical Weight Loss Diet,Cardio + Walking
1,21.0,1.62,70.0,0,1,2.0,1.0,3,0,3.0,0,1.0,0.0,2,3,26.672763298277697,Obesity Type II,2100.0,2.45,Medical Weight Loss Diet,Cardio + Walking
1,21.0,1.62,70.0,0,1,2.0,1.0,3,0,3.0,0,1.0,0.0,2,3,26.672763298277697,Obesity Type II,2100.0,2.45,Medical Weight Loss Diet,Cardio + Walking
1,21.0,1.62,70.0,0,1,2.0,1.0,3,0,3.0,0,1.0,0.0,2,3,26.672763298277697,Obesity Type II,2100.0,2.45,Medical Weight Loss Diet,Cardio + Walking
0,29.32038,1.642506,69.906708,1,1,2.366949,3.0,2,0,1.926577,0,1.581242,0.0,2,0,25.91223786691828,Obesity Type II,2097.20124,2.45,Medical Weight Loss Diet,Cardio + Walking
0,31.255587,1.69308,71.927379,1,1,2.615788,3.0,2,0,1.771781,0,0.759422,0.686529,2,0,25.092230945703307,Obesity Type II,2157.82137,2.52,Medical Weight Loss Diet,Cardio + Walking
1,22.851773,1.752115,79.414603,1,1,3.0,1.0,2,0,2.0,0,2.315983,0.0,2,3,25.868732731198474,Obesity Type II,2382.43809,2.78,Medical Weight Loss Diet,Cardio + Walking
1,26.0,1.745033,80.0,1,1,2.217267,1.193589,2,0,2.0,0,2.0,0.0,2,3,26.27136864159211,Obesity Type II,2400.0,2.8,Medical Weight Loss Diet,Cardio + Walking
1,19.789291,1.820643,85.0,1,1,3.0,3.0,2,0,2.759246,0,1.763277,0.453314,2,3,25.6430296383848,Obesity Type II,2550.0,2.98,Medical Weight Loss Diet,Cardio + Walking
1,19.895877,1.80733,85.073801,1,1,2.801514,3.0,2,0,2.734782,0,2.207881,0.143675,2,3,26.044793711550234,Obesity Type II,2552.21403,2.98,Medical Weight Loss Diet,Cardio + Walking
1,19.693804,1.8,85.0,1,1,2.188722,3.0,2,0,2.721356,0,1.528968,1.0,2,3,26.234567901234566,Obesity Type II,2550.0,2.98,Medical Weight Loss Diet,Cardio + Walking
1,19.226314,1.814255,85.255631,1,1,2.971351,3.390143,2,0,2.133767,0,2.318492,0.678618,2,3,25.901589474752434,Obesity Type II,2557.66893,2.98,Medical Weight Loss Diet,Cardio + Walking
1,21.652229,1.700181,75.057177,1,1,2.086093,3.546352,2,0,2.081121,0,1.993666,0.673835,2,3,25.965812037579965,Obesity Type II,2251.71531,2.63,Medical Weight Loss Diet,Cardio + Walking
0,21.687409,1.604697,68.016472,1,1,1.901611,3.266501,3,0,2.926995,0,0.985872,0.307982,2,3,26.41362574501404,Obesity Type II,2040.4941599999997,2.38,Medical Weight Loss Diet,Cardio + Walking
0,21.455463,1.611,68.107866,1,1,1.977298,3.554974,3,0,2.217957,0,0.97812,0.459759,2,3,26.24255959089454,Obesity Type II,2043.23598,2.38,Medical Weight Loss Diet,Cardio + Walking
0,21.0,1.754497,77.956921,1,1,2.446872,2.372311,2,0,1.81031,0,0.094893,1.650778,2,3,25.324997893224253,Obesity Type II,2338.70763,2.73,Medical Weight Loss Diet,Cardio + Walking
0,21.0,1.752944,77.965532,1,1,2.839048,2.10601,2,0,1.639202,0,1.117311,0.967919,2,3,25.372692853634774,Obesity Type II,2338.96596,2.73,Medical Weight Loss Diet,Cardio + Walking
1,19.337404,1.859927,87.105828,1,1,2.21232,4.0,2,0,2.374044,0,2.0,0.622638,2,3,25.179982004199598,Obesity Type II,2613.17484,3.05,Medical Weight Loss Diet,Cardio + Walking
1,21.701643,1.896073,90.52446,1,1,2.427689,3.715306,2,0,2.876096,0,1.815768,0.426465,2,3,25.180006330555823,Obesity Type II,2715.7338,3.17,Medical Weight Loss Diet,Cardio + Walking
1,21.620245,1.605314,66.621646,1,1,2.357496,3.376717,2,0,2.184843,0,1.358185,0.014885,2,3,25.852072907957872,Obesity Type II,1998.6493799999998,2.33,Medical Weight Loss Diet,Cardio + Walking
0,21.012569,1.758628,78.370039,1,1,3.0,1.0,2,0,2.0,0,2.971832,0.0,2,3,25.33973658262102,Obesity Type II,2351.1011700000004,2.74,Medical Weight Loss Diet,Cardio + Walking
0,21.016623,1.755427,78.300084,1,1,3.0,1.0,2,0,2.0,0,2.877473,0.0,2,3,25.409532819247175,Obesity Type II,2349.00252,2.74,Medical Weight Loss Diet,Cardio + Walking
0,19.0,1.779882,80.091886,1,1,1.078529,1.211606,2,0,2.568063,0,3.0,0.817983,3,3,25.281689805653112,Obesity Type II,2402.75658,2.8,Medical Weight Loss Diet,Cardio + Walking
1,21.0,1.712061,75.0,1,1,2.0,3.0,2,0,1.333707,0,1.0,0.0,2,3,25.58720182284905,Obesity Type II,2250.0,2.63,Medical Weight Loss Diet,Cardio + Walking
1,21.0,1.676014,75.0,1,1,2.0,3.0,2,0,1.164062,0,1.0,0.0,2,3,26.69967526686093,Obesity Type II,2250.0,2.63,Medical Weight Loss Diet,Cardio + Walking
0,27.899784,1.7,74.244004,1,1,2.0,3.0,2,0,2.0,0,1.722053,0.0,2,0,25.689966782006923,Obesity Type II,2227.3201200000003,2.6,Medical Weight Loss Diet,Cardio + Walking
1,28.825223,1.765874,82.045045,1,1,1.064162,3.98955,2,0,2.028426,0,0.81517,0.894678,2,3,26.310732131668153,Obesity Type II,2461.35135,2.87,Medical Weight Loss Diet,Cardio + Walking
1,26.047077,1.74595,80.018571,1,1,1.993101,3.171082,2,0,2.364498,0,1.224743,0.022245,2,3,26.249871794010776,Obesity Type II,2400.5571299999997,2.8,Medical Weight Loss Diet,Cardio + Walking
1,23.0,1.690196,75.0,1,1,2.620963,3.0,2,0,2.824559,0,0.754599,2.0,2,3,26.253494827279354,Obesity Type II,2250.0,2.63,Medical Weight Loss Diet,Cardio + Walking
1,20.0,1.81748,85.0,1,1,2.95118,3.0,2,0,3.0,0,2.433918,0.561602,2,3,25.73236154909696,Obesity Type II,2550.0,2.98,Medical Weight Loss Diet,Cardio + Walking
0,21.832995,1.580964,65.363941,0,1,2.021446,3.0,2,0,1.077917,0,0.523847,0.808599,2,3,26.1513593097511,Obesity Type II,1960.91823,2.29,Medical Weight Loss Diet,Cardio + Walking
0,30.255744,1.652084,73.575981,1,1,2.0,3.0,2,0,1.0,0,0.0,0.018877,2,0,26.957015660631804,Obesity Type II,2207.27943,2.58,Medical Weight Loss Diet,Cardio + Walking
0,30.613586,1.645511,69.168978,1,1,2.000466,3.0,2,0,1.131448,0,0.061366,0.0,2,0,25.545227759591075,Obesity Type II,2075.06934,2.42,Medical Weight Loss Diet,Cardio + Walking
1,23.245408,1.707968,75.383716,1,1,2.5621,3.105007,2,0,1.172427,0,0.184917,0.923082,2,3,25.84152163189582,Obesity Type II,2261.51148,2.64,Medical Weight Loss Diet,Cardio + Walking
0,18.0,1.456346,55.523481,0,1,2.0,3.0,2,0,1.040342,1,0.497373,1.783319,2,3,26.178668363727645,Obesity Type II,1665.70443,1.94,Medical Weight Loss Diet,Cardio + Walking
0,18.0,1.498561,55.376512,0,1,2.0,3.0,2,0,1.274718,1,0.129902,0.978574,2,3,24.659072958177884,Obesity Type II,1661.2953599999998,1.94,Medical Weight Loss Diet,Cardio + Walking
0,16.950499,1.603501,65.0,1,1,2.96008,1.0,2,0,2.0,1,0.736032,1.344072,3,3,25.279872918862402,Obesity Type II,1950.0,2.28,Medical Weight Loss Diet,Cardio + Walking
0,21.837058,1.558045,63.597633,0,1,2.53915,1.590982,2,0,1.977801,0,1.264616,0.0,2,3,26.198773383367175,Obesity Type II,1907.92899,2.23,Medical Weight Loss Diet,Cardio + Walking
0,27.0,1.55,62.877347,0,1,2.244142,1.704828,2,0,1.0,0,0.792929,0.395468,2,3,26.17163246618106,Obesity Type II,1886.32041,2.2,Medical Weight Loss Diet,Cardio + Walking
0,35.483601,1.647514,73.91692,1,0,3.0,2.725012,2,0,1.62244,0,0.902661,0.0,2,0,27.232382264890646,Obesity Type III,2217.5076,2.59,Doctor Supervised Diet,Cardio + Walking
1,23.801436,1.855779,86.098523,1,1,2.0,2.372339,2,0,1.675733,0,1.066241,1.0,2,0,25.000183099422433,Obesity Type II,2582.95569,3.01,Medical Weight Loss Diet,Cardio + Walking
1,23.367212,1.853223,87.083266,1,1,2.0,1.097312,2,0,1.328835,0,1.264257,1.0,2,0,25.355918406719958,Obesity Type II,2612.4979799999996,3.05,Medical Weight Loss Diet,Cardio + Walking
0,40.0,1.570811,62.211572,1,1,2.253371,3.0,2,0,2.756916,0,1.016042,0.213437,2,0,25.212929402282757,Obesity Type II,1866.3471599999998,2.18,Medical Weight Loss Diet,Cardio + Walking
0,16.38009,1.617124,67.913561,1,1,2.851664,1.0,2,0,2.0,0,0.977929,1.765321,3,3,25.969874912591617,Obesity Type II,2037.4068300000001,2.38,Medical Weight Loss Diet,Cardio + Walking
0,16.865984,1.644053,67.439589,1,1,1.31415,1.068196,2,0,1.364957,1,0.0,0.057926,3,3,24.95073174575558,Obesity Type II,2023.18767,2.36,Medical Weight Loss Diet,Cardio + Walking
0,16.093234,1.608914,65.0,1,1,1.321028,1.0,2,0,2.0,1,0.371452,0.965604,3,3,25.11005680534825,Obesity Type II,1950.0,2.28,Medical Weight Loss Diet,Cardio + Walking
0,18.0,1.647971,68.818893,1,1,2.0,1.411685,2,0,1.859089,0,0.0,1.306,3,3,25.340113305948663,Obesity Type II,2064.56679,2.41,Medical Weight Loss Diet,Cardio + Walking
0,18.83919,1.624831,69.975607,1,1,2.253998,2.752318,2,0,2.328331,0,0.815509,0.024088,3,3,26.505150938561666,Obesity Type II,2099.2682099999997,2.45,Medical Weight Loss Diet,Cardio + Walking
0,19.726522,1.508267,61.10403,0,1,2.778079,3.0,2,0,1.696691,1,0.94224,0.879925,2,3,26.860456922618667,Obesity Type II,1833.1209000000001,2.14,Medical Weight Loss Diet,Cardio + Walking
0,18.947102,1.518917,60.267427,0,1,2.838037,2.737571,2,0,1.144467,1,0.753782,1.286844,2,3,26.12248959321192,Obesity Type II,1808.02281,2.11,Medical Weight Loss Diet,Cardio + Walking
0,17.781183,1.6,65.0,1,1,3.0,2.973504,2,0,2.0,1,0.178976,0.166076,2,3,25.390624999999996,Obesity Type II,1950.0,2.28,Medical Weight Loss Diet,Cardio + Walking
1,33.100581,1.838791,87.85785,0,1,2.814453,2.608055,2,0,1.85916,0,2.0,0.516084,3,0,25.984587833247378,Obesity Type II,2635.7355,3.08,Medical Weight Loss Diet,Cardio + Walking
0,33.251015,1.730379,75.920519,1,1,2.013782,2.625942,2,0,1.045586,0,0.553305,0.480214,2,0,25.355763751089377,Obesity Type II,2277.61557,2.66,Medical Weight Loss Diet,Cardio + Walking
0,18.985119,1.759117,80.0,1,1,2.0,1.411808,2,0,2.651194,0,2.878414,0.953841,3,3,25.852380287156763,Obesity Type II,2400.0,2.8,Medical Weight Loss Diet,Cardio + Walking
0,18.871917,1.755254,80.0,1,1,2.0,1.095223,2,0,2.474132,0,2.876696,0.7939,3,3,25.966298432984583,Obesity Type II,2400.0,2.8,Medical Weight Loss Diet,Cardio + Walking
1,19.478533,1.804099,85.196279,1,1,2.459976,3.30846,2,0,2.078011,0,1.779646,0.871772,2,3,26.175795890434827,Obesity Type II,2555.88837,2.98,Medical Weight Loss Diet,Cardio + Walking
1,19.429723,1.813567,86.144904,1,1,2.643183,3.821461,2,0,2.397124,0,2.044165,0.471663,2,3,26.191621255173164,Obesity Type II,2584.34712,3.02,Medical Weight Loss Diet,Cardio + Walking
0,20.979254,1.75655,78.721696,1,1,2.0,3.0,2,0,2.813234,0,0.228753,2.0,1,3,25.513697917977286,Obesity Type II,2361.6508799999997,2.76,Medical Weight Loss Diet,Cardio + Walking
0,18.869151,1.756774,79.989789,1,1,2.0,2.658639,2,0,2.781628,0,1.955992,1.409198,1,3,25.918076091176143,Obesity Type II,2399.69367,2.8,Medical Weight Loss Diet,Cardio + Walking
0,18.236087,1.62,69.3899,1,1,2.22399,1.0,2,0,2.20312,0,0.104451,1.899073,3,3,26.44029111415942,Obesity Type II,2081.697,2.43,Medical Weight Loss Diet,Cardio + Walking
0,20.901393,1.709585,75.0,1,1,2.104105,3.0,2,0,1.871033,0,1.0,0.0,2,3,25.66137162382134,Obesity Type II,2250.0,2.63,Medical Weight Loss Diet,Cardio + Walking
0,17.08525,1.535618,57.259124,0,1,1.972545,2.339614,2,0,1.711074,1,0.095517,1.191053,2,3,24.281656510147457,Obesity Type II,1717.77372,2.0,Medical Weight Loss Diet,Cardio + Walking
1,25.785925,1.818848,87.032398,0,1,2.286481,1.713762,2,0,1.797161,0,1.658698,0.926581,3,0,26.30801834733097,Obesity Type II,2610.97194,3.05,Medical Weight Loss Diet,Cardio + Walking
1,26.787842,1.817641,87.107317,0,1,2.971588,2.743277,2,0,1.394883,0,2.0,0.470243,3,0,26.365645982554877,Obesity Type II,2613.21951,3.05,Medical Weight Loss Diet,Cardio + Walking
1,21.037514,1.636592,70.0,0,1,2.0,1.0,3,0,2.881677,0,0.915699,0.0,2,3,26.134680319986746,Obesity Type II,2100.0,2.45,Medical Weight Loss Diet,Cardio + Walking
1,21.00829,1.621412,70.0,0,1,2.0,1.0,3,0,2.795651,0,0.80873,0.0,2,3,26.626327792800634,Obesity Type II,2100.0,2.45,Medical Weight Loss Diet,Cardio + Walking
1,26.70371,1.802871,85.770013,1,1,2.872121,3.051804,2,0,2.111913,0,0.843709,0.153559,2,0,26.387981442083174,Obesity Type II,2573.10039,3.0,Medical Weight Loss Diet,Cardio + Walking
1,21.731497,1.696201,75.399191,1,1,2.109162,3.245148,2,0,1.971774,0,0.989335,0.0,2,3,26.20668305084285,Obesity Type II,2261.97573,2.64,Medical Weight Loss Diet,Cardio + Walking
1,21.052894,1.694633,75.0522,1,1,2.178889,3.563744,2,0,1.853991,0,0.997731,0.0,2,3,26.134374409976218,Obesity Type II,2251.566,2.63,Medical Weight Loss Diet,Cardio + Walking
0,21.0,1.618148,68.981403,1,1,1.142468,3.0,3,0,2.197732,0,0.827506,0.572877,2,3,26.344838559905043,Obesity Type II,2069.44209,2.41,Medical Weight Loss Diet,Cardio + Walking
1,19.241058,1.856811,88.633616,1,1,2.047069,3.829101,2,0,1.641022,0,1.554817,0.248218,2,3,25.707690759641086,Obesity Type II,2659.00848,3.1,Medical Weight Loss Diet,Cardio + Walking
0,38.939448,1.738321,86.934846,0,1,2.843709,3.058539,2,0,1.130079,0,2.834373,0.044954,2,0,28.769607415728178,Obesity Type II,2608.0453799999996,3.04,Medical Weight Loss Diet,Cardio + Walking
0,39.965474,1.739293,80.914382,0,1,2.416044,3.196043,2,0,1.352649,0,0.148628,1.08266,2,0,26.747316904148068,Obesity Type II,2427.4314600000002,2.83,Medical Weight Loss Diet,Cardio + Walking
1,20.261925,1.807538,85.316125,1,1,2.0,3.0,2,0,1.968011,0,1.072662,0.776758,2,3,26.112968769292852,Obesity Type II,2559.48375,2.99,Medical Weight Loss Diet,Cardio + Walking
1,20.31094,1.849425,85.228116,1,1,2.146598,3.0,2,0,2.100112,0,1.17116,0.833761,2,3,24.91778534693435,Obesity Type II,2556.84348,2.98,Medical Weight Loss Diet,Cardio + Walking
1,21.420537,1.712473,75.0,1,1,2.0,3.0,2,0,1.362642,0,0.921268,0.139013,2,3,25.574891370045624,Obesity Type II,2250.0,2.63,Medical Weight Loss Diet,Cardio + Walking
0,18.845518,1.753471,80.0,1,1,2.0,1.391778,2,0,2.64548,0,2.685087,0.97554,3,3,26.019132439246118,Obesity Type II,2400.0,2.8,Medical Weight Loss Diet,Cardio + Walking
1,23.562135,1.717432,75.371244,1,1,2.0,3.0,2,0,2.0,0,0.121585,1.967259,2,3,25.553275784129657,Obesity Type II,2261.1373200000003,2.64,Medical Weight Loss Diet,Cardio + Walking
1,23.118327,1.677573,75.0,1,1,2.0,3.0,2,0,2.0,0,0.334579,1.905826,2,3,26.65007330928182,Obesity Type II,2250.0,2.63,Medical Weight Loss Diet,Cardio + Walking
0,33.732714,1.679725,74.885222,1,1,3.0,1.13715,2,0,1.000695,0,0.261274,0.0,2,0,26.54115079937787,Obesity Type II,2246.55666,2.62,Medical Weight Loss Diet,Cardio + Walking
0,21.571288,1.600914,68.058902,1,1,1.766849,3.322522,2,0,2.616285,0,0.943058,0.256977,2,3,26.555160657045036,Obesity Type II,2041.7670600000001,2.38,Medical Weight Loss Diet,Cardio + Walking
0,21.165574,1.617749,68.908136,1,1,1.188089,3.269088,2,0,2.039535,0,0.779686,1.043108,2,3,26.329840127222678,Obesity Type II,2067.24408,2.41,Medical Weight Loss Diet,Cardio + Walking
1,21.0,1.610209,68.865008,0,1,1.910176,2.938135,3,0,2.943097,0,0.997202,0.207922,2,3,26.56036890658145,Obesity Type II,2065.95024,2.41,Medical Weight Loss Diet,Cardio + Walking
1,21.0,1.612556,69.463458,0,1,2.0,1.259628,3,0,3.0,0,1.0,0.0,2,3,26.71325367566407,Obesity Type II,2083.90374,2.43,Medical Weight Loss Diet,Cardio + Walking
0,38.692265,1.548178,62.341438,1,1,2.956671,2.965494,2,0,2.868132,0,0.0,0.54925,2,0,26.009681389594817,Obesity Type II,1870.2431399999998,2.18,Medical Weight Loss Diet,Cardio + Walking
0,38.952866,1.568441,62.855073,1,1,2.002796,3.0,2,0,2.526775,0,0.271174,0.806069,2,0,25.550768206789446,Obesity Type II,1885.65219,2.2,Medical Weight Loss Diet,Cardio + Walking
0,36.631456,1.532322,62.417228,1,1,2.288604,2.845307,2,0,2.638164,0,0.0,0.990741,2,0,26.583025234682253,Obesity Type II,1872.51684,2.18,Medical Weight Loss Diet,Cardio + Walking
0,21.996118,1.730199,78.997062,1,1,2.277077,1.0,2,0,2.0,0,1.061743,0.0,2,3,26.388750457662795,Obesity Type II,2369.91186,2.76,Medical Weight Loss Diet,Cardio + Walking
0,21.951309,1.730167,78.429312,1,1,2.138334,1.0,2,0,2.0,0,2.269058,0.0,2,3,26.2000642681583,Obesity Type II,2352.87936,2.75,Medical Weight Loss Diet,Cardio + Walking
1,22.018228,1.627396,70.0,0,1,2.0,1.0,3,0,2.976177,0,0.780117,0.0,2,3,26.430875658774433,Obesity Type II,2100.0,2.45,Medical Weight Loss Diet,Cardio + Walking
1,21.0,1.62,70.0,0,1,2.0,1.0,3,0,3.0,0,1.0,0.0,2,3,26.672763298277697,Obesity Type II,2100.0,2.45,Medical Weight Loss Diet,Cardio + Walking
1,21.0,1.62,70.0,0,1,2.0,1.0,3,0,3.0,0,1.0,0.0,2,3,26.672763298277697,Obesity Type II,2100.0,2.45,Medical Weight Loss Diet,Cardio + Walking
1,21.0,1.62,70.0,0,1,2.0,1.0,3,0,3.0,0,1.0,0.0,2,3,26.672763298277697,Obesity Type II,2100.0,2.45,Medical Weight Loss Diet,Cardio + Walking
0,29.934465,1.638744,69.242354,1,1,2.029634,3.0,2,0,1.827515,0,0.480206,0.0,2,0,25.78395857500722,Obesity Type II,2077.2706200000002,2.42,Medical Weight Loss Diet,Cardio + Walking
0,31.166572,1.680858,71.81338,1,1,2.048216,3.0,2,0,1.305816,0,0.170452,0.276806,2,0,25.41811363260722,Obesity Type II,2154.4013999999997,2.51,Medical Weight Loss Diet,Cardio + Walking
0,20.534606,1.758372,79.469513,1,1,2.8557,1.0,2,0,2.663861,0,2.762711,0.783336,2,3,25.70271689024825,Obesity Type II,2384.08539,2.78,Medical Weight Loss Diet,Cardio + Walking
1,19.97166,1.822573,85.084364,1,1,2.995599,3.095663,2,0,2.568157,0,2.7243,0.330457,2,3,25.614146691212724,Obesity Type II,2552.5309199999997,2.98,Medical Weight Loss Diet,Cardio + Walking
1,19.627,1.815409,85.302146,1,1,2.987148,3.483449,2,0,2.359246,0,2.060415,0.598999,2,3,25.88278404702499,Obesity Type II,2559.06438,2.99,Medical Weight Loss Diet,Cardio + Walking
1,21.929387,1.698049,75.0,1,1,2.0,3.0,2,0,2.763573,0,1.502711,0.127879,2,3,26.011226248803187,Obesity Type II,2250.0,2.63,Medical Weight Loss Diet,Cardio + Walking
0,21.009437,1.60681,67.773914,1,1,2.0,3.156309,3,0,3.0,0,1.179592,0.086868,2,3,26.250254325515133,Obesity Type II,2033.2174200000002,2.37,Medical Weight Loss Diet,Cardio + Walking
0,21.538225,1.610327,67.999778,1,1,1.887951,3.728377,3,0,2.682107,0,1.123931,0.492528,2,3,26.222817076119078,Obesity Type II,2039.9933400000002,2.38,Medical Weight Loss Diet,Cardio + Walking
1,22.828435,1.710415,75.142858,1,1,2.786008,3.0,2,0,2.526193,0,0.925118,2.0,2,3,25.685304341129612,Obesity Type II,2254.2857400000003,2.63,Medical Weight Loss Diet,Cardio + Walking
1,22.814657,1.716289,75.688433,1,1,2.0,3.0,2,0,2.0,0,0.092344,1.466496,2,3,25.69500319100182,Obesity Type II,2270.65299,2.65,Medical Weight Loss Diet,Cardio + Walking
1,19.576682,1.834715,89.429199,1,1,2.342323,3.60885,2,0,2.878866,0,2.0,0.208323,2,3,26.566975646199623,Obesity Type II,2682.87597,3.13,Medical Weight Loss Diet,Cardio + Walking
0,21.814653,1.611822,67.140367,1,1,1.874935,3.370362,2,0,2.558773,0,1.206121,0.271024,2,3,25.843394216724377,Obesity Type II,2014.21101,2.35,Medical Weight Loss Diet,Cardio + Walking
0,21.979769,1.6,66.126964,1,1,2.213135,3.0,2,0,2.046766,0,2.172546,0.0,2,3,25.830845312499996,Obesity Type II,1983.80892,2.31,Medical Weight Loss Diet,Cardio + Walking
0,21.0,1.753578,77.97917,1,1,2.273548,2.39007,2,0,1.648404,0,0.874643,1.102696,2,3,25.358784423632493,Obesity Type II,2339.3750999999997,2.73,Medical Weight Loss Diet,Cardio + Walking
0,21.0285,1.742364,78.664618,1,1,2.780699,1.101404,2,0,1.579207,0,1.153775,0.0,2,3,25.912043224473003,Obesity Type II,2359.93854,2.75,Medical Weight Loss Diet,Cardio + Walking
1,18.721041,1.775626,80.113493,1,1,1.687569,2.756405,2,0,2.079131,0,2.931527,0.68173,3,3,25.409883644690453,Obesity Type II,2403.40479,2.8,Medical Weight Loss Diet,Cardio + Walking
1,21.0,1.714253,75.0,1,1,2.0,3.0,2,0,1.081597,0,1.0,0.0,2,3,25.52180740635497,Obesity Type II,2250.0,2.63,Medical Weight Loss Diet,Cardio + Walking
1,21.0,1.693628,75.0,1,1,2.0,3.0,2,0,1.833055,0,1.0,0.0,2,3,26.14720147118278,Obesity Type II,2250.0,2.63,Medical Weight Loss Diet,Cardio + Walking
0,29.463168,1.659172,71.170001,1,1,2.0,3.0,2,0,1.281683,0,1.609801,0.0,2,0,25.853190834279943,Obesity Type II,2135.10003,2.49,Medical Weight Loss Diet,Cardio + Walking
1,24.284861,1.776347,82.329047,1,1,1.989905,3.054899,2,0,2.080968,0,1.107543,0.939726,3,3,26.091405505923596,Obesity Type II,2469.87141,2.88,Medical Weight Loss Diet,Cardio + Walking
1,26.288417,1.767806,82.694689,1,1,1.947405,3.118013,2,0,2.136159,0,0.783963,0.88868,3,3,26.4611315022667,Obesity Type II,2480.84067,2.89,Medical Weight Loss Diet,Cardio + Walking
1,23.455324,1.702516,75.0,1,1,2.162519,3.0,2,0,2.152666,0,1.078074,1.502839,2,3,25.874910681404295,Obesity Type II,2250.0,2.63,Medical Weight Loss Diet,Cardio + Walking
1,19.637203,1.814182,85.301029,1,1,2.923916,3.335876,2,0,2.372444,0,1.305633,0.311436,2,3,25.917467516941684,Obesity Type II,2559.03087,2.99,Medical Weight Loss Diet,Cardio + Walking
0,22.239836,1.59994,65.423942,0,1,2.99448,3.0,2,0,1.706568,0,0.784216,0.150969,2,3,25.558144168621507,Obesity Type II,1962.7182599999999,2.29,Medical Weight Loss Diet,Cardio + Walking
0,31.62638,1.666023,72.906186,1,1,2.0,3.0,2,0,1.0,0,0.0,1.301385,2,0,26.266511295663054,Obesity Type II,2187.1855800000003,2.55,Medical Weight Loss Diet,Cardio + Walking
1,23.0,1.701584,75.093569,1,1,3.0,3.205009,2,0,2.643468,0,0.998039,1.898139,2,3,25.93557967760087,Obesity Type II,2252.80707,2.63,Medical Weight Loss Diet,Cardio + Walking
1,22.874658,1.713343,75.828119,1,1,2.507841,3.648194,2,0,1.279756,0,0.132629,1.82753,2,3,25.831025838122198,Obesity Type II,2274.84357,2.65,Medical Weight Loss Diet,Cardio + Walking
0,17.420269,1.489409,53.620604,0,1,1.836554,1.865238,2,0,2.0,1,0.320209,1.969507,2,3,24.171508461160748,Obesity Type II,1608.61812,1.88,Medical Weight Loss Diet,Cardio + Walking
0,17.807828,1.518067,55.822119,0,1,1.773265,2.118153,2,0,1.075239,1,0.085388,1.915191,2,3,24.222805335527866,Obesity Type II,1674.66357,1.95,Medical Weight Loss Diet,Cardio + Walking
0,16.240576,1.616533,65.062945,1,1,2.388168,1.0,2,0,1.438018,1,0.110887,1.165817,3,3,24.898006027013242,Obesity Type II,1951.88835,2.28,Medical Weight Loss Diet,Cardio + Walking
0,23.252457,1.589616,65.127324,0,1,2.286146,2.961113,2,0,2.657303,0,1.91108,1.618227,2,3,25.773819519001115,Obesity Type II,1953.81972,2.28,Medical Weight Loss Diet,Cardio + Walking
0,34.772902,1.675612,73.501233,1,1,3.0,2.400943,2,0,1.509734,0,0.167125,0.0,2,0,26.17867736087616,Obesity Type II,2205.03699,2.57,Medical Weight Loss Diet,Cardio + Walking
1,22.766227,1.874061,89.754302,1,1,2.0,2.870005,2,0,1.15031,0,0.417724,1.0,2,0,25.555702751378064,Obesity Type II,2692.6290599999998,3.14,Medical Weight Loss Diet,Cardio + Walking
0,39.214514,1.580765,62.631382,1,1,2.487167,3.0,2,0,2.396977,0,0.577063,0.435072,2,0,25.064403398057227,Obesity Type II,1878.94146,2.19,Medical Weight Loss Diet,Cardio + Walking
1,19.858973,1.62,69.575315,0,1,2.185938,1.0,3,0,2.81353,0,1.0,1.110222,2,3,26.510941548544427,Obesity Type II,2087.25945,2.44,Medical Weight Loss Diet,Cardio + Walking
0,16.370009,1.613921,66.738769,1,1,2.206399,1.0,2,0,2.0,1,0.94893,1.772463,3,3,25.622036566229546,Obesity Type II,2002.16307,2.34,Medical Weight Loss Diet,Cardio + Walking
0,17.992717,1.618683,67.193585,1,1,1.952987,1.0,2,0,1.334856,1,0.732276,1.890214,3,3,25.645088463250996,Obesity Type II,2015.80755,2.35,Medical Weight Loss Diet,Cardio + Walking
1,19.179932,1.637537,70.0,1,1,2.0,1.030416,2,0,2.118716,0,0.529259,0.0,3,3,26.104525097021114,Obesity Type II,2100.0,2.45,Medical Weight Loss Diet,Cardio + Walking
0,19.621545,1.566524,61.616,0,1,2.908757,2.696051,2,0,1.622827,1,0.539952,0.001096,2,3,25.10842062464446,Obesity Type II,1848.48,2.16,Medical Weight Loss Diet,Cardio + Walking
0,19.755797,1.542328,63.856193,0,1,2.628791,2.762883,2,0,1.512035,1,0.303722,0.003229,2,3,26.84414259189417,Obesity Type II,1915.68579,2.23,Medical Weight Loss Diet,Cardio + Walking
0,17.099015,1.6,65.0,1,1,3.0,2.401341,2,0,2.0,1,0.663896,1.753745,2,3,25.390624999999996,Obesity Type II,1950.0,2.28,Medical Weight Loss Diet,Cardio + Walking
0,17.25813,1.600184,65.0,1,1,2.749629,2.298612,2,0,2.0,1,0.547515,1.619473,2,3,25.3847861634686,Obesity Type II,1950.0,2.28,Medical Weight Loss Diet,Cardio + Walking
1,29.153907,1.773656,87.070234,0,1,1.595746,3.618722,2,0,1.274389,0,1.504003,0.370067,3,0,27.677759215850124,Obesity Type II,2612.10702,3.05,Medical Weight Loss Diet,Cardio + Walking
0,32.278869,1.64602,74.147443,1,1,2.885178,2.562895,2,0,1.017006,0,0.588673,0.916291,2,0,27.366922555682745,Obesity Type II,2224.4232899999997,2.6,Medical Weight Loss Diet,Cardio + Walking
0,31.793937,1.65015,73.810728,1,1,2.372494,2.849848,2,0,1.028538,0,0.675983,0.303025,2,0,27.106449842950454,Obesity Type II,2214.32184,2.58,Medical Weight Loss Diet,Cardio + Walking
1,18.014333,1.751029,80.0,1,1,2.0,2.805436,2,0,2.122884,0,0.045651,0.017225,1,3,26.09175605340493,Obesity Type II,2400.0,2.8,Medical Weight Loss Diet,Cardio + Walking
1,19.685,1.838266,89.496905,1,1,2.153639,3.715148,2,0,2.703337,0,2.0,0.226097,2,3,26.48447127747377,Obesity Type II,2684.90715,3.13,Medical Weight Loss Diet,Cardio + Walking
1,19.506389,1.824449,87.656029,1,1,2.793561,3.788602,2,0,2.429059,0,2.094542,0.393358,2,3,26.334091292969763,Obesity Type II,2629.68087,3.07,Medical Weight Loss Diet,Cardio + Walking
0,19.0,1.76,79.349221,1,1,2.0,1.893811,2,0,3.0,0,1.376229,1.801322,3,3,25.61635491993802,Obesity Type II,2380.47663,2.78,Medical Weight Loss Diet,Cardio + Walking
0,18.0,1.622241,68.250249,1,1,2.0,1.010319,2,0,1.319437,0,0.0,1.626456,3,3,25.934238074597676,Obesity Type II,2047.50747,2.39,Medical Weight Loss Diet,Cardio + Walking
0,18.003153,1.729996,75.816864,1,1,2.992329,3.0,2,0,2.004908,0,1.0,1.405086,1,3,25.332358114013488,Obesity Type II,2274.50592,2.65,Medical Weight Loss Diet,Cardio + Walking
0,18.052394,1.725233,75.970712,1,1,2.927409,3.0,2,0,2.209991,0,1.0,0.797215,1,3,25.524114448199008,Obesity Type II,2279.12136,2.66,Medical Weight Loss Diet,Cardio + Walking
0,19.774317,1.541039,64.726948,0,1,2.706134,2.669766,2,0,1.979848,1,0.445238,0.908836,2,3,27.25573324329442,Obesity Type II,1941.8084399999998,2.27,Medical Weight Loss Diet,Cardio + Walking
1,21.180346,1.773766,89.28282,1,1,2.010684,1.322087,2,0,2.0,0,0.540397,0.973834,2,3,28.377572837519548,Obesity Type III,2678.4846000000002,3.12,Doctor Supervised Diet,Cardio + Walking
1,21.793724,1.75463,89.068227,1,1,2.0,2.041558,2,0,2.38725,0,0.813917,0.0,2,3,28.93021800588547,Obesity Type III,2672.04681,3.12,Doctor Supervised Diet,Cardio + Walking
1,20.880161,1.674327,80.0,1,1,2.0,3.0,2,0,2.0,0,1.66639,1.443212,3,3,28.53707296327251,Obesity Type III,2400.0,2.8,Doctor Supervised Diet,Cardio + Walking
1,21.18354,1.72,80.555875,1,1,2.0,2.468421,2,0,2.0,0,2.0,1.0,3,3,27.229541306111415,Obesity Type III,2416.67625,2.82,Doctor Supervised Diet,Cardio + Walking
1,32.774488,1.913241,101.482054,1,1,2.0,2.110937,2,0,2.175632,0,1.0,0.0,2,4,27.723617012041796,Obesity Type III,3044.46162,3.55,Doctor Supervised Diet,Cardio + Walking
1,31.327609,1.737984,82.523113,1,1,2.300408,3.071028,2,0,1.738959,0,0.090147,0.0,2,0,27.32021133039159,Obesity Type III,2475.69339,2.89,Doctor Supervised Diet,Cardio + Walking
1,29.956198,1.703688,82.207978,1,1,2.119643,3.292956,2,0,1.723372,0,0.0,0.987102,2,0,28.322646865178246,Obesity Type III,2466.23934,2.88,Doctor Supervised Diet,Cardio + Walking
1,21.403421,1.716308,80.0,1,1,2.0,3.0,2,0,2.0,0,2.936551,1.40913,3,3,27.158109395864088,Obesity Type III,2400.0,2.8,Doctor Supervised Diet,Cardio + Walking
1,22.591439,1.65,80.0,1,1,2.0,3.0,2,0,2.0,0,0.451078,2.0,3,3,29.384756657483933,Obesity Type III,2400.0,2.8,Doctor Supervised Diet,Cardio + Walking
0,28.583944,1.57856,65.522744,1,0,2.0,2.283673,2,0,1.970622,0,1.863258,1.581703,2,3,26.294801048626912,Obesity Type III,1965.6823200000001,2.29,Doctor Supervised Diet,Cardio + Walking
1,38.825189,1.780846,85.687751,1,1,2.901924,1.124977,2,0,2.76382,0,0.8554,0.999183,2,0,27.018797351692502,Obesity Type III,2570.6325300000003,3.0,Doctor Supervised Diet,Cardio + Walking
1,35.217173,1.823168,91.630257,1,1,2.0,2.9948,2,0,1.290979,0,0.87599,0.85405,2,0,27.566747323948753,Obesity Type III,2748.90771,3.21,Doctor Supervised Diet,Cardio + Walking
0,20.392665,1.525234,65.220249,1,0,2.451009,3.0,2,0,2.0,0,2.177243,1.323877,3,3,28.035576876610424,Obesity Type III,1956.60747,2.28,Doctor Supervised Diet,Cardio + Walking
0,22.154854,1.481682,61.373868,1,0,2.0,2.983297,2,0,1.453626,0,0.32896,0.509396,3,3,27.955900433111218,Obesity Type III,1841.21604,2.15,Doctor Supervised Diet,Cardio + Walking
1,19.108796,1.768578,87.803311,1,1,2.754646,3.0,2,0,2.957821,0,2.242754,0.786609,2,3,28.071295531498784,Obesity Type III,2634.09933,3.07,Doctor Supervised Diet,Cardio + Walking
0,20.70768,1.569878,69.743323,1,0,2.417635,3.0,2,0,1.937674,0,1.417035,1.0,3,3,28.298983063503552,Obesity Type III,2092.2996900000003,2.44,Doctor Supervised Diet,Cardio + Walking
0,20.634694,1.568188,67.904023,1,0,2.512719,3.0,2,0,1.131169,0,0.095389,1.0,3,3,27.6120882332731,Obesity Type III,2037.1206899999997,2.38,Doctor Supervised Diet,Cardio + Walking
1,22.052152,1.792527,89.994415,1,1,1.771693,1.890213,2,0,2.0,0,0.0,1.36595,2,3,28.00813211173453,Obesity Type III,2699.83245,3.15,Doctor Supervised Diet,Cardio + Walking
1,22.869778,1.795311,89.868784,1,1,1.57223,1.888067,2,0,2.0,0,0.0,0.552498,2,3,27.882356881326533,Obesity Type III,2696.06352,3.15,Doctor Supervised Diet,Cardio + Walking
0,22.909992,1.700038,80.0,1,1,2.0,3.0,2,0,2.0,0,0.973114,1.540298,3,3,27.68042340807099,Obesity Type III,2400.0,2.8,Doctor Supervised Diet,Cardio + Walking
0,23.0,1.668649,80.458343,1,1,2.0,2.256119,2,0,1.142873,0,0.807076,1.611271,3,3,28.89622426303332,Obesity Type III,2413.75029,2.82,Doctor Supervised Diet,Cardio + Walking
1,24.679807,1.7,84.687554,1,1,2.0,3.0,2,0,2.020424,0,0.0,1.0,2,3,29.303651903114194,Obesity Type III,2540.62662,2.96,Doctor Supervised Diet,Cardio + Walking
1,23.884212,1.713825,83.952968,1,1,2.0,2.6648,2,0,1.810738,0,0.80989,1.0,2,3,28.582690520614236,Obesity Type III,2518.58904,2.94,Doctor Supervised Diet,Cardio + Walking
0,25.461411,1.7,78.055968,1,1,2.661556,3.0,2,0,3.0,0,0.55181,0.658783,2,3,27.008985467128028,Obesity Type III,2341.67904,2.73,Doctor Supervised Diet,Cardio + Walking
1,31.333798,1.835381,91.059595,1,1,2.0,3.0,2,0,1.18423,0,0.155579,0.453404,2,3,27.03169329945654,Obesity Type III,2731.78785,3.19,Doctor Supervised Diet,Cardio + Walking
1,24.108711,1.7,80.761409,1,1,2.0,3.0,2,0,2.879402,0,0.0,0.322405,2,3,27.94512422145329,Obesity Type III,2422.84227,2.83,Doctor Supervised Diet,Cardio + Walking
0,28.830558,1.7,78.0,1,1,3.0,3.0,2,0,1.699971,0,1.727114,1.0,1,0,26.989619377162633,Obesity Type III,2340.0,2.73,Doctor Supervised Diet,Cardio + Walking
1,17.570089,1.7,83.199034,1,0,2.097373,2.547086,2,0,1.538626,0,1.0,0.761898,3,3,28.78859307958478,Obesity Type III,2495.97102,2.91,Doctor Supervised Diet,Cardio + Walking
0,19.027574,1.659877,77.272652,1,1,2.061461,2.812283,2,0,3.0,0,0.362441,0.78519,2,3,28.046198476302376,Obesity Type III,2318.1795599999996,2.7,Doctor Supervised Diet,Cardio + Walking
1,25.632447,1.836943,96.192662,1,1,1.317729,2.278652,2,0,2.0,0,1.80674,1.93977,2,3,28.506938744912027,Obesity Type III,2885.77986,3.37,Doctor Supervised Diet,Cardio + Walking
1,22.94313,1.819614,93.086419,1,1,1.882235,1.240046,2,0,2.0,0,0.0,1.541493,2,3,28.11433298318184,Obesity Type III,2792.5925700000003,3.26,Doctor Supervised Diet,Cardio + Walking
1,23.285553,1.717775,85.312639,1,1,2.951591,3.0,2,0,2.971557,0,0.0,0.947192,2,3,28.912178773315276,Obesity Type III,2559.37917,2.99,Doctor Supervised Diet,Cardio + Walking
1,23.0,1.791867,90.0,1,1,2.067817,3.0,2,0,1.082084,0,0.0,1.922364,2,3,28.030507881762865,Obesity Type III,2700.0,3.15,Doctor Supervised Diet,Cardio + Walking
0,25.19291,1.7,80.749657,1,1,2.54527,3.0,2,0,2.269564,0,0.503122,1.0,1,3,27.94105778546713,Obesity Type III,2422.48971,2.83,Doctor Supervised Diet,Cardio + Walking
1,34.389906,1.68108,83.568035,1,1,2.0,1.660768,2,0,2.482294,0,0.891205,0.0,3,0,29.570824086644407,Obesity Type III,2507.04105,2.92,Doctor Supervised Diet,Cardio + Walking
0,26.595893,1.660756,78.574786,1,1,2.0,2.597608,2,0,2.0,0,0.0,0.434198,1,3,28.488628806252603,Obesity Type III,2357.2435800000003,2.75,Doctor Supervised Diet,Cardio + Walking
1,55.24625,1.769269,80.491339,0,1,2.0,3.0,2,0,2.0,0,1.0,0.0,3,0,25.713513085656647,Obesity Type III,2414.74017,2.82,Doctor Supervised Diet,Cardio + Walking
1,34.543563,1.765188,85.0,1,1,2.694281,3.0,2,0,2.653831,0,1.96582,0.891189,3,0,27.279536869402385,Obesity Type III,2550.0,2.98,Doctor Supervised Diet,Cardio + Walking
1,21.808159,1.65,80.0,1,1,2.0,3.0,2,0,2.0,0,0.826609,2.0,3,3,29.384756657483933,Obesity Type III,2400.0,2.8,Doctor Supervised Diet,Cardio + Walking
1,18.118277,1.654757,80.0,1,1,2.821977,2.044035,2,0,1.954968,0,1.0,0.854536,3,3,29.21605228946772,Obesity Type III,2400.0,2.8,Doctor Supervised Diet,Cardio + Walking
0,42.189023,1.647768,79.165306,1,1,2.0,3.0,2,0,1.0,0,0.0,1.48189,3,0,29.156995228295663,Obesity Type III,2374.95918,2.77,Doctor Supervised Diet,Cardio + Walking
1,22.0,1.691303,80.539,1,1,2.0,2.038373,2,0,2.0,0,2.70825,1.506576,2,3,28.155509747775493,Obesity Type III,2416.17,2.82,Doctor Supervised Diet,Cardio + Walking
0,28.770852,1.532897,65.031879,1,0,2.0,1.0,2,0,1.0,0,0.262171,0.0,3,3,27.675810861676226,Obesity Type III,1950.95637,2.28,Doctor Supervised Diet,Cardio + Walking
0,25.483381,1.565288,64.848627,1,0,2.0,1.0,2,0,1.0,0,0.740633,0.0,3,3,26.46746051386758,Obesity Type III,1945.4588099999999,2.27,Doctor Supervised Diet,Cardio + Walking
0,21.67315,1.5,63.65233,1,0,2.0,1.474836,2,0,2.0,0,0.274838,0.613902,3,3,28.289924444444445,Obesity Type III,1909.5699,2.23,Doctor Supervised Diet,Cardio + Walking
0,23.469538,1.507106,64.814109,1,0,2.252472,3.986652,2,0,2.0,0,0.934286,0.890626,3,3,28.53526811520985,Obesity Type III,1944.42327,2.27,Doctor Supervised Diet,Cardio + Walking
1,23.0,1.70074,81.32297,1,1,2.0,2.720642,2,0,1.5197,0,0.279375,1.043435,2,3,28.114954110625884,Obesity Type III,2439.6891,2.85,Doctor Supervised Diet,Cardio + Walking
1,23.0,1.715118,81.650778,1,1,2.0,1.976744,2,0,1.628997,0,0.880584,1.127675,2,3,27.756986714960163,Obesity Type III,2449.52334,2.86,Doctor Supervised Diet,Cardio + Walking
0,38.464538,1.696423,78.967919,1,1,3.0,3.0,2,0,2.981604,0,0.0,0.0,3,0,27.43989148122946,Obesity Type III,2369.03757,2.76,Doctor Supervised Diet,Cardio + Walking
0,37.496175,1.653088,80.0,1,1,2.033745,3.0,2,0,1.517225,0,0.0,1.517897,3,0,29.27507662059477,Obesity Type III,2400.0,2.8,Doctor Supervised Diet,Cardio + Walking
0,33.690239,1.681842,77.426465,1,1,3.0,2.679724,2,0,1.999737,0,1.747347,0.681773,3,0,27.372788637861113,Obesity Type III,2322.7939499999998,2.71,Doctor Supervised Diet,Cardio + Walking
0,34.369686,1.652202,77.13322,1,1,2.595128,1.619796,2,0,1.642251,0,0.662831,0.999268,3,0,28.256292311136352,Obesity Type III,2313.9966,2.7,Doctor Supervised Diet,Cardio + Walking
1,31.426573,1.848683,99.0,1,1,2.759286,2.59257,2,0,2.549617,0,1.427233,0.519395,2,0,28.967452229142477,Obesity Type III,2970.0,3.47,Doctor Supervised Diet,Cardio + Walking
1,34.288249,1.835678,96.01851,1,1,2.0,1.546665,2,0,3.0,0,1.0,0.0,2,0,28.494560068742068,Obesity Type III,2880.5553,3.36,Doctor Supervised Diet,Cardio + Walking
0,18.863875,1.560029,71.728069,1,0,3.0,3.339914,2,0,2.0,0,1.0,1.0,2,3,29.472962796490553,Obesity Type III,2151.84207,2.51,Doctor Supervised Diet,Cardio + Walking
0,18.951144,1.621048,72.105856,1,0,3.0,3.884861,2,0,2.0,0,1.0,1.0,2,3,27.43966389854694,Obesity Type III,2163.1756800000003,2.52,Doctor Supervised Diet,Cardio + Walking
1,19.671876,1.699474,78.0,1,0,1.925064,2.358298,2,0,2.774043,0,0.0,0.133566,3,3,27.006328943487706,Obesity Type III,2340.0,2.73,Doctor Supervised Diet,Cardio + Walking
1,50.832559,1.745528,82.130728,1,1,2.0,3.0,2,0,1.774778,0,0.943266,0.0,3,0,26.95578805277362,Obesity Type III,2463.92184,2.87,Doctor Supervised Diet,Cardio + Walking
1,17.971574,1.720379,85.0,1,1,2.0,3.0,2,0,2.802498,0,1.0,0.41758,2,3,28.71908906003529,Obesity Type III,2550.0,2.98,Doctor Supervised Diet,Cardio + Walking
1,18.0,1.758787,85.050558,1,1,2.846981,3.0,2,0,2.87781,0,1.0,0.429081,2,3,27.494806873576323,Obesity Type III,2551.51674,2.98,Doctor Supervised Diet,Cardio + Walking
1,18.701766,1.704908,81.384224,1,1,2.650629,1.0,2,0,1.708083,0,1.876051,0.938791,2,3,27.99872980952506,Obesity Type III,2441.5267200000003,2.85,Doctor Supervised Diet,Cardio + Walking
0,34.389679,1.691322,77.561602,1,1,3.0,1.802305,2,0,2.0,0,0.390877,0.0,3,0,27.114036391436706,Obesity Type III,2326.84806,2.71,Doctor Supervised Diet,Cardio + Walking
1,17.178483,1.78629,95.277392,1,1,2.0,3.0,2,0,3.0,0,1.072318,0.651904,2,3,29.859733471384406,Obesity Type III,2858.3217600000003,3.33,Doctor Supervised Diet,Cardio + Walking
1,33.0816,1.705617,83.016968,1,1,2.0,2.7976,2,0,2.991671,0,2.148738,0.0,3,0,28.536705657429163,Obesity Type III,2490.5090400000004,2.91,Doctor Supervised Diet,Cardio + Walking
1,33.270448,1.733439,84.75383,1,1,2.631565,2.627173,2,0,2.253422,0,2.690756,0.845774,3,0,28.20604576456827,Obesity Type III,2542.6148999999996,2.97,Doctor Supervised Diet,Cardio + Walking
0,36.310292,1.701397,83.0,1,1,2.0,1.0,2,0,2.0,0,1.472172,0.0,3,0,28.672579593005104,Obesity Type III,2490.0,2.9,Doctor Supervised Diet,Cardio + Walking
0,20.0,1.625236,74.433362,1,0,2.522399,1.032887,2,0,2.397653,0,2.358699,0.440087,2,3,28.179596375891656,Obesity Type III,2233.00086,2.61,Doctor Supervised Diet,Cardio + Walking
0,18.549437,1.545196,72.467862,1,0,3.0,3.014808,2,0,2.0,0,1.997529,1.0,2,3,30.351369939708,Obesity Type III,2174.03586,2.54,Doctor Supervised Diet,Cardio + Walking
1,34.243146,1.843172,92.69551,1,1,2.0,2.271734,2,0,2.629043,0,1.0,0.075823,2,0,27.285189197095583,Obesity Type III,2780.8653,3.24,Doctor Supervised Diet,Cardio + Walking
1,23.32012,1.705813,82.011962,1,1,2.784471,2.122545,2,0,2.984153,0,2.164472,0.203978,2,3,28.184761366437318,Obesity Type III,2460.35886,2.87,Doctor Supervised Diet,Cardio + Walking
1,19.703095,1.704141,78.790936,1,0,1.650505,3.0,2,0,2.0,0,1.73234,1.0,2,3,27.130963003792186,Obesity Type III,2363.72808,2.76,Doctor Supervised Diet,Cardio + Walking
1,19.223259,1.706082,78.073528,1,0,1.961347,3.0,2,0,2.0,0,1.655488,1.0,2,3,26.8227932966895,Obesity Type III,2342.20584,2.73,Doctor Supervised Diet,Cardio + Walking
1,29.695603,1.842943,93.798055,1,1,2.133955,2.902766,2,0,1.753464,0,1.729987,1.0,2,3,27.616588352437866,Obesity Type III,2813.94165,3.28,Doctor Supervised Diet,Cardio + Walking
1,27.0,1.880992,99.623778,1,1,2.684528,1.0,2,0,1.05668,0,1.516147,0.084006,2,3,28.15717696752521,Obesity Type III,2988.7133400000002,3.49,Doctor Supervised Diet,Cardio + Walking
1,21.027662,1.726774,82.853749,1,1,2.265973,2.687502,2,0,2.0,0,2.21722,0.648522,2,3,27.786968106330058,Obesity Type III,2485.61247,2.9,Doctor Supervised Diet,Cardio + Walking
1,33.015258,1.73196,84.315608,1,1,2.0,3.0,2,0,2.205911,0,1.293396,0.0,3,0,28.10814988488492,Obesity Type III,2529.46824,2.95,Doctor Supervised Diet,Cardio + Walking
1,18.0,1.751278,86.963628,1,0,3.0,3.0,2,0,2.0,0,1.271667,0.155278,2,3,28.354857277343264,Obesity Type III,2608.90884,3.04,Doctor Supervised Diet,Cardio + Walking
1,30.553097,1.780448,88.431954,1,1,2.0,1.178708,2,0,1.791286,0,0.893362,0.276364,2,3,27.89655874808513,Obesity Type III,2652.9586200000003,3.1,Doctor Supervised Diet,Cardio + Walking
1,33.0,1.85,97.92035,1,1,2.0,3.0,2,0,1.117464,0,1.0,0.663649,2,3,28.61076698319941,Obesity Type III,2937.6105,3.43,Doctor Supervised Diet,Cardio + Walking
1,24.911994,1.785241,88.03748,1,1,1.306844,2.279546,2,0,2.0,0,0.0,0.739609,2,3,27.62319429040498,Obesity Type III,2641.1244,3.08,Doctor Supervised Diet,Cardio + Walking
1,24.444846,1.718845,86.319887,1,1,2.0,2.677693,2,0,2.693978,0,0.0,0.688013,2,3,29.217121921460002,Obesity Type III,2589.5966099999996,3.02,Doctor Supervised Diet,Cardio + Walking
0,19.911246,1.530248,68.85097,1,0,2.258795,3.53009,2,0,1.172186,0,0.678943,1.0,3,3,29.40264646557727,Obesity Type III,2065.5291,2.41,Doctor Supervised Diet,Cardio + Walking
0,34.204408,1.664927,80.386078,1,1,2.0,3.0,2,0,2.641642,0,0.285889,1.50301,3,0,28.99949583201345,Obesity Type III,2411.58234,2.81,Doctor Supervised Diet,Cardio + Walking
0,34.281681,1.673333,77.205685,1,1,2.689929,1.835543,2,0,1.718569,0,0.674348,0.707246,3,0,27.573032246837997,Obesity Type III,2316.1705500000003,2.7,Doctor Supervised Diet,Cardio + Walking
1,23.384374,1.725587,82.480214,1,1,2.712747,2.853676,2,0,1.526313,0,1.0,0.173665,2,3,27.699763337046242,Obesity Type III,2474.4064200000003,2.89,Doctor Supervised Diet,Cardio + Walking
0,43.238402,1.733875,86.94538,1,1,2.353603,2.337035,2,0,1.830614,0,0.706287,0.0,3,0,28.92084250712019,Obesity Type III,2608.3614,3.04,Doctor Supervised Diet,Cardio + Walking
0,45.0,1.675953,79.66832,1,1,2.598051,3.0,2,0,1.0,0,0.0,0.0,3,0,28.36364157575327,Obesity Type III,2390.0496,2.79,Doctor Supervised Diet,Cardio + Walking
1,22.087389,1.786238,89.802492,1,1,1.718156,1.631184,2,0,2.0,0,0.0,0.306124,2,3,28.145550016494674,Obesity Type III,2694.07476,3.14,Doctor Supervised Diet,Cardio + Walking
1,21.378039,1.718534,80.0,1,1,2.0,3.0,2,0,2.0,0,2.721646,1.269982,3,3,27.087799703051385,Obesity Type III,2400.0,2.8,Doctor Supervised Diet,Cardio + Walking
1,31.398281,1.919543,101.544589,1,1,2.0,1.005391,2,0,2.001936,0,1.0,0.0,2,3,27.558850292850366,Obesity Type III,3046.33767,3.55,Doctor Supervised Diet,Cardio + Walking
1,31.484494,1.707613,82.586893,1,1,2.795086,3.250467,2,0,1.367876,0,0.022958,0.0,3,0,28.32254157715789,Obesity Type III,2477.6067900000003,2.89,Doctor Supervised Diet,Cardio + Walking
1,21.709159,1.658393,80.0,1,1,2.0,3.0,2,0,2.0,0,2.939733,1.692287,3,3,29.088081280405014,Obesity Type III,2400.0,2.8,Doctor Supervised Diet,Cardio + Walking
0,30.711381,1.536819,65.912688,1,0,2.030256,2.948721,2,0,1.984323,0,0.986414,0.333673,3,3,27.907670116702235,Obesity Type III,1977.38064,2.31,Doctor Supervised Diet,Cardio + Walking
1,34.821442,1.805459,90.13868,1,1,2.0,1.80993,2,0,2.174835,0,0.340915,0.020153,2,0,27.652597538854735,Obesity Type III,2704.1603999999998,3.15,Doctor Supervised Diet,Cardio + Walking
0,20.843363,1.521008,67.083121,1,0,2.493448,3.0,2,0,1.849997,0,0.954459,1.444532,3,3,28.99681268366505,Obesity Type III,2012.4936300000002,2.35,Doctor Supervised Diet,Cardio + Walking
1,19.443639,1.744733,87.27989,1,1,2.442536,3.0,2,0,2.825629,0,3.0,0.0,2,3,28.671884558648383,Obesity Type III,2618.3967,3.05,Doctor Supervised Diet,Cardio + Walking
0,20.492077,1.529223,65.140408,1,0,2.003951,3.0,2,0,1.207978,0,1.916751,1.228995,3,3,27.855363600543857,Obesity Type III,1954.2122399999998,2.28,Doctor Supervised Diet,Cardio + Walking
1,22.944349,1.799742,89.98168,1,1,1.34138,1.94671,2,0,2.0,0,0.0,0.975504,2,3,27.780086510863462,Obesity Type III,2699.4503999999997,3.15,Doctor Supervised Diet,Cardio + Walking
0,23.0,1.681314,80.037202,1,1,2.0,2.9796,2,0,1.964435,0,0.189957,1.73216,3,3,28.313544388792945,Obesity Type III,2401.11606,2.8,Doctor Supervised Diet,Cardio + Walking
1,24.06894,1.706912,85.743727,1,1,2.0,2.994198,2,0,2.747302,0,0.0,0.799756,2,3,29.429310948798786,Obesity Type III,2572.31181,3.0,Doctor Supervised Diet,Cardio + Walking
0,23.728707,1.663509,80.0,1,1,2.0,3.0,2,0,2.13755,0,0.0,0.124977,3,3,28.909439878889835,Obesity Type III,2400.0,2.8,Doctor Supervised Diet,Cardio + Walking
1,29.216019,1.752265,88.096062,1,1,2.0,1.894384,2,0,2.0,0,0.0,0.0,2,3,28.6917423729777,Obesity Type III,2642.88186,3.08,Doctor Supervised Diet,Cardio + Walking
1,24.751511,1.735343,83.337721,1,1,2.607335,3.0,2,0,2.0,0,0.451009,0.630866,2,3,27.67393797688525,Obesity Type III,2500.13163,2.92,Doctor Supervised Diet,Cardio + Walking
0,28.977792,1.7,78.0,1,1,3.0,3.0,2,0,1.507638,0,1.82434,1.0,1,0,26.989619377162633,Obesity Type III,2340.0,2.73,Doctor Supervised Diet,Cardio + Walking
1,17.441593,1.7,83.414072,1,0,2.061384,2.579291,2,0,1.909253,0,1.0,0.962468,2,3,28.863000692041528,Obesity Type III,2502.42216,2.92,Doctor Supervised Diet,Cardio + Walking
0,19.126145,1.633794,77.858532,1,0,2.696381,3.0,2,0,2.472964,0,1.856119,1.0,2,3,29.168333529725388,Obesity Type III,2335.75596,2.73,Doctor Supervised Diet,Cardio + Walking
1,24.122589,1.856759,95.887056,1,1,1.116068,2.449067,2,0,2.0,0,0.92635,1.97117,2,3,27.813068756212733,Obesity Type III,2876.61168,3.36,Doctor Supervised Diet,Cardio + Walking
1,23.0,1.77433,90.0,1,1,2.116432,3.0,2,0,1.002292,0,0.0,1.066708,2,3,28.58733811572376,Obesity Type III,2700.0,3.15,Doctor Supervised Diet,Cardio + Walking
0,28.824194,1.7,78.0,1,1,3.0,3.0,2,0,2.147074,0,1.416076,1.0,1,0,26.989619377162633,Obesity Type III,2340.0,2.73,Doctor Supervised Diet,Cardio + Walking
1,34.204611,1.719509,84.416515,1,1,2.031246,3.0,2,0,2.803002,0,1.98448,0.418623,3,0,28.55081516555847,Obesity Type III,2532.4954500000003,2.95,Doctor Supervised Diet,Cardio + Walking
0,28.167799,1.658202,78.0,1,1,2.938031,1.532833,2,0,1.931242,0,0.525002,0.371941,1,0,28.367413120517668,Obesity Type III,2340.0,2.73,Doctor Supervised Diet,Cardio + Walking
1,55.137881,1.657221,80.993213,1,1,2.0,3.0,2,0,2.0,0,1.0,0.0,3,0,29.490882707180102,Obesity Type III,2429.79639,2.83,Doctor Supervised Diet,Cardio + Walking
1,34.970367,1.713348,84.722222,1,1,2.884212,3.0,2,0,3.0,0,2.0,0.8324,3,0,28.860654351048073,Obesity Type III,2541.66666,2.97,Doctor Supervised Diet,Cardio + Walking
1,20.986834,1.677178,80.379575,1,1,2.0,2.961706,2,0,2.0,0,1.661556,1.114716,3,3,28.57507582912824,Obesity Type III,2411.38725,2.81,Doctor Supervised Diet,Cardio + Walking
0,38.378056,1.67805,77.224574,1,1,2.444599,3.0,2,0,1.029798,0,0.0,0.0,3,0,27.42494258094039,Obesity Type III,2316.73722,2.7,Doctor Supervised Diet,Cardio + Walking
1,22.18881,1.717722,81.92991,1,1,2.0,1.152521,2,0,1.723159,0,1.39016,1.094941,2,3,27.76749624552283,Obesity Type III,2457.8973,2.87,Doctor Supervised Diet,Cardio + Walking
0,21.082384,1.486484,60.117993,1,0,2.0,1.104642,2,0,1.0,0,0.0,0.969097,3,3,27.207209174785646,Obesity Type III,1803.53979,2.1,Doctor Supervised Diet,Cardio + Walking
0,25.293202,1.503379,64.342459,1,0,2.0,1.0,2,0,1.639807,0,0.072117,0.0,3,3,28.46824504877277,Obesity Type III,1930.2737700000002,2.25,Doctor Supervised Diet,Cardio + Walking
1,23.0,1.718981,81.66995,1,1,2.0,1.729553,2,0,1.400247,0,0.887923,1.011983,2,3,27.63886068739323,Obesity Type III,2450.0985,2.86,Doctor Supervised Diet,Cardio + Walking
0,39.170029,1.688354,79.278896,1,1,3.0,3.0,2,0,2.994515,0,0.0,0.0,3,0,27.811894389898765,Obesity Type III,2378.36688,2.77,Doctor Supervised Diet,Cardio + Walking
0,34.044229,1.665807,77.098973,1,1,2.976975,1.346987,2,0,1.868349,0,0.702538,0.879333,3,0,27.78428515656845,Obesity Type III,2312.96919,2.7,Doctor Supervised Diet,Cardio + Walking
1,33.182127,1.838441,97.029249,1,1,2.0,1.977221,2,0,3.0,0,1.0,0.0,2,0,28.708022387493138,Obesity Type III,2910.87747,3.4,Doctor Supervised Diet,Cardio + Walking
0,19.821996,1.653431,75.090439,1,0,2.766036,2.443812,2,0,2.707927,0,0.702839,0.827439,2,3,27.46707994301588,Obesity Type III,2252.71317,2.63,Doctor Supervised Diet,Cardio + Walking
1,19.149706,1.699818,78.0,1,0,1.096455,2.491315,2,0,2.450069,0,0.0,0.726118,2,3,26.99539925912316,Obesity Type III,2340.0,2.73,Doctor Supervised Diet,Cardio + Walking
1,46.491859,1.718097,88.600878,1,1,2.129969,3.0,2,0,1.568035,0,0.870127,0.0,3,0,30.01529848943187,Obesity Type III,2658.02634,3.1,Doctor Supervised Diet,Cardio + Walking
1,17.894784,1.731389,84.064875,1,0,2.019674,2.843319,2,0,2.832004,0,1.0,0.608607,2,3,28.04305111259598,Obesity Type III,2521.94625,2.94,Doctor Supervised Diet,Cardio + Walking
1,18.88485,1.699667,79.67793,1,0,2.735297,2.157164,2,0,1.087166,0,0.110174,0.003695,3,3,27.581022205851035,Obesity Type III,2390.3379,2.79,Doctor Supervised Diet,Cardio + Walking
0,38.384177,1.698626,78.637307,1,1,3.0,3.0,2,0,2.503198,0,0.0,0.0,3,0,27.254178604934648,Obesity Type III,2359.1192100000003,2.75,Doctor Supervised Diet,Cardio + Walking
1,22.675679,1.823765,96.945262,1,1,1.588782,2.601675,2,0,2.469469,0,1.736538,1.886855,2,3,29.146662687486856,Obesity Type III,2908.35786,3.39,Doctor Supervised Diet,Cardio + Walking
1,33.049121,1.708742,83.001642,1,1,2.0,1.171027,2,0,2.405172,0,2.300282,0.0,3,0,28.42717449835908,Obesity Type III,2490.0492600000002,2.91,Doctor Supervised Diet,Cardio + Walking
0,37.205173,1.667469,80.993373,1,1,2.01054,2.77684,2,0,1.651548,0,0.0,0.790967,3,0,29.129561587445394,Obesity Type III,2429.80119,2.83,Doctor Supervised Diet,Cardio + Walking
0,19.027417,1.588147,73.939268,1,0,3.0,3.362758,2,0,2.0,0,2.892922,1.0,2,3,29.315259952034076,Obesity Type III,2218.17804,2.59,Doctor Supervised Diet,Cardio + Walking
1,37.492444,1.835024,92.368359,1,1,2.0,1.672706,2,0,2.766674,0,1.0,0.027093,2,0,27.430879395449566,Obesity Type III,2771.05077,3.23,Doctor Supervised Diet,Cardio + Walking
1,24.657598,1.7088,83.520113,1,1,2.689577,2.714115,2,0,2.279214,0,0.970661,0.828549,2,3,28.602803501087994,Obesity Type III,2505.6033899999998,2.92,Doctor Supervised Diet,Cardio + Walking
1,18.011718,1.680991,79.752916,1,1,2.413156,2.521546,2,0,1.985312,0,0.00705,0.965464,2,3,28.223820059113713,Obesity Type III,2392.58748,2.79,Doctor Supervised Diet,Cardio + Walking
1,27.349745,1.835271,97.58826,1,1,2.923433,1.338033,2,0,1.944095,0,1.931829,1.0,2,3,28.97324709510424,Obesity Type III,2927.6478,3.42,Doctor Supervised Diet,Cardio + Walking
1,18.0,1.742819,86.565148,1,1,3.0,3.0,2,0,2.0,0,2.040816,0.860321,2,3,28.49958290144437,Obesity Type III,2596.95444,3.03,Doctor Supervised Diet,Cardio + Walking
1,33.009285,1.741192,84.773349,1,1,2.0,3.0,2,0,2.035954,0,1.210736,0.0,3,0,27.96185725070372,Obesity Type III,2543.2004699999998,2.97,Doctor Supervised Diet,Cardio + Walking
1,18.0,1.759721,86.0805,1,1,2.882522,3.0,2,0,2.452986,0,1.0,0.746651,2,3,27.79823021761689,Obesity Type III,2582.415,3.01,Doctor Supervised Diet,Cardio + Walking
1,30.079371,1.810616,92.860254,1,1,2.0,3.0,2,0,1.622638,0,0.033745,0.105895,2,3,28.325472273312137,Obesity Type III,2785.80762,3.25,Doctor Supervised Diet,Cardio + Walking
1,25.035915,1.763101,88.532032,1,1,1.973499,1.081805,2,0,2.0,0,0.0,0.464022,2,3,28.48039765513913,Obesity Type III,2655.96096,3.1,Doctor Supervised Diet,Cardio + Walking
0,18.198322,1.543338,71.799982,1,0,3.0,3.087119,2,0,2.0,0,1.403872,1.0,3,3,30.144094067413512,Obesity Type III,2153.99946,2.51,Doctor Supervised Diet,Cardio + Walking
0,35.456326,1.651812,79.437921,1,1,2.156065,2.909117,2,0,1.221281,0,0.503279,1.796136,3,0,29.114318981045507,Obesity Type III,2383.13763,2.78,Doctor Supervised Diet,Cardio + Walking
1,23.806789,1.732492,84.557797,1,1,2.992205,3.0,2,0,2.413813,0,0.458237,0.688293,2,3,28.1715786317037,Obesity Type III,2536.73391,2.96,Doctor Supervised Diet,Cardio + Walking
0,39.392569,1.706349,85.720788,1,1,2.944287,1.466393,2,0,2.442775,0,0.675262,0.779334,3,0,29.440855801768485,Obesity Type III,2571.62364,3.0,Doctor Supervised Diet,Cardio + Walking
1,21.384259,1.780679,89.667406,1,1,1.780746,1.471053,2,0,2.0,0,0.467562,0.568668,2,3,28.27895339759256,Obesity Type III,2690.02218,3.14,Doctor Supervised Diet,Cardio + Walking
1,22.730414,1.758687,89.673648,1,1,2.164062,2.983201,2,0,2.168904,0,0.752926,0.0,2,3,28.992637858839615,Obesity Type III,2690.20944,3.14,Doctor Supervised Diet,Cardio + Walking
1,21.20563,1.704573,80.0,1,1,2.0,3.0,2,0,2.0,0,2.847761,1.413375,3,3,27.53333233773086,Obesity Type III,2400.0,2.8,Doctor Supervised Diet,Cardio + Walking
1,21.333429,1.716545,80.005809,1,1,2.0,2.783336,2,0,2.0,0,2.536615,1.206535,3,3,27.152582053532942,Obesity Type III,2400.17427,2.8,Doctor Supervised Diet,Cardio + Walking
1,32.787101,1.903832,99.812443,1,1,2.0,1.863012,2,0,2.196471,0,1.0,0.0,2,0,27.537685835013196,Obesity Type III,2994.37329,3.49,Doctor Supervised Diet,Cardio + Walking
1,32.610018,1.742538,83.390983,1,1,2.247704,3.053598,2,0,1.919629,0,0.408023,0.0,3,0,27.463417427004597,Obesity Type III,2501.72949,2.92,Doctor Supervised Diet,Cardio + Walking
1,30.022598,1.747739,83.314157,1,1,2.011656,3.165837,2,0,1.844645,0,0.889963,0.395979,3,0,27.27505590907768,Obesity Type III,2499.42471,2.92,Doctor Supervised Diet,Cardio + Walking
1,21.123048,1.717037,80.0,1,1,2.0,3.0,2,0,2.0,0,2.270555,1.343044,3,3,27.135053330223776,Obesity Type III,2400.0,2.8,Doctor Supervised Diet,Cardio + Walking
0,22.989846,1.65,80.0,1,1,2.0,3.0,2,0,2.0,0,0.146919,2.0,3,3,29.384756657483933,Obesity Type III,2400.0,2.8,Doctor Supervised Diet,Cardio + Walking
0,24.320154,1.577921,65.293179,1,0,2.03414,2.741413,2,0,1.996384,0,1.276552,1.019452,3,3,26.223901315902722,Obesity Type III,1958.7953699999998,2.29,Doctor Supervised Diet,Cardio + Walking
1,37.275298,1.746055,83.282232,1,1,2.746408,1.058123,2,0,2.265727,0,0.885633,0.673408,3,0,27.317221025540046,Obesity Type III,2498.4669599999997,2.91,Doctor Supervised Diet,Cardio + Walking
1,34.098174,1.841151,91.798103,1,1,2.0,2.997414,2,0,1.259454,0,0.935217,0.9976,2,0,27.080388487702226,Obesity Type III,2753.9430899999998,3.21,Doctor Supervised Diet,Cardio + Walking
0,21.001282,1.517998,64.696248,1,0,2.1239,1.672958,2,0,2.0,0,1.582428,1.313363,3,3,28.076094541363865,Obesity Type III,1940.88744,2.26,Doctor Supervised Diet,Cardio + Walking
0,21.95994,1.483284,62.894283,1,0,2.0,1.680838,2,0,1.833635,0,0.281876,0.575848,3,3,28.586602734349743,Obesity Type III,1886.82849,2.2,Doctor Supervised Diet,Cardio + Walking
1,19.795269,1.758972,87.861431,1,1,2.332074,3.0,2,0,2.999495,0,2.405963,0.441502,2,3,28.397520377483204,Obesity Type III,2635.84293,3.08,Doctor Supervised Diet,Cardio + Walking
0,19.090023,1.562434,70.442775,1,0,2.748243,3.070386,2,0,1.962322,0,1.145752,1.0,3,3,28.855798326357583,Obesity Type III,2113.28325,2.47,Doctor Supervised Diet,Cardio + Walking
0,20.820455,1.547066,67.473282,1,0,2.303656,3.0,2,0,1.163111,0,1.926381,1.119877,3,3,28.191238255239004,Obesity Type III,2024.1984599999998,2.36,Doctor Supervised Diet,Cardio + Walking
1,22.087056,1.792435,89.998729,1,1,1.904732,2.608416,2,0,1.204175,0,0.0,1.895312,2,3,28.01235006686302,Obesity Type III,2699.96187,3.15,Doctor Supervised Diet,Cardio + Walking
1,22.185756,1.784555,89.836692,1,1,1.979944,1.599464,2,0,2.0,0,0.17048,0.819475,2,3,28.209401809356734,Obesity Type III,2695.10076,3.14,Doctor Supervised Diet,Cardio + Walking
0,22.980957,1.700216,80.473587,1,1,2.0,2.815255,2,0,1.622214,0,0.463891,1.462664,3,3,27.83845714126104,Obesity Type III,2414.20761,2.82,Doctor Supervised Diet,Cardio + Walking
1,23.0,1.672101,80.939733,1,1,2.0,2.395785,2,0,1.40077,0,0.788659,1.544357,3,3,28.949212501524535,Obesity Type III,2428.1919900000003,2.83,Doctor Supervised Diet,Cardio + Walking
1,24.190896,1.7,84.849349,1,1,2.0,3.0,2,0,2.056053,0,0.0,1.0,2,3,29.359636332179935,Obesity Type III,2545.48047,2.97,Doctor Supervised Diet,Cardio + Walking
1,23.94003,1.721348,83.986714,1,1,2.407817,2.844138,2,0,1.983649,0,0.868721,0.089354,2,3,28.344789178533883,Obesity Type III,2519.60142,2.94,Doctor Supervised Diet,Cardio + Walking
0,26.591628,1.7,78.008388,1,1,2.734314,3.0,2,0,3.0,0,0.897702,0.908271,1,3,26.992521799307962,Obesity Type III,2340.25164,2.73,Doctor Supervised Diet,Cardio + Walking
1,31.264628,1.803129,91.052215,1,1,2.0,3.0,2,0,1.199517,0,0.047738,0.163329,2,3,28.00508651718751,Obesity Type III,2731.5664500000003,3.19,Doctor Supervised Diet,Cardio + Walking
0,23.629159,1.70002,80.420434,1,1,2.0,3.0,2,0,2.386904,0,0.926201,1.34403,2,3,27.826485047711472,Obesity Type III,2412.61302,2.81,Doctor Supervised Diet,Cardio + Walking
0,26.208134,1.7,78.041338,1,1,2.784383,3.0,2,0,2.165605,0,0.855973,0.839659,1,0,27.003923183391006,Obesity Type III,2341.24014,2.73,Doctor Supervised Diet,Cardio + Walking
1,17.689057,1.713599,83.285753,1,1,2.009952,2.716106,2,0,1.660614,0,1.0,0.60473,2,3,28.36300989815832,Obesity Type III,2498.5725899999998,2.92,Doctor Supervised Diet,Cardio + Walking
1,19.16097,1.662728,77.473204,1,0,2.008656,1.402771,2,0,3.0,0,0.112383,0.32803,2,3,28.02264316218745,Obesity Type III,2324.19612,2.71,Doctor Supervised Diet,Cardio + Walking
1,25.45763,1.837399,95.952027,1,1,1.122127,2.865657,2,0,2.0,0,1.28775,1.944177,2,3,28.42151357389915,Obesity Type III,2878.56081,3.36,Doctor Supervised Diet,Cardio + Walking
1,22.988004,1.80827,91.363293,1,1,1.963965,1.836226,2,0,1.85537,0,0.0,1.667745,2,3,27.94120875085603,Obesity Type III,2740.89879,3.2,Doctor Supervised Diet,Cardio + Walking
1,23.603191,1.714508,85.137113,1,1,2.319776,2.884848,2,0,2.154898,0,0.325534,0.954216,2,3,28.96275612300397,Obesity Type III,2554.11339,2.98,Doctor Supervised Diet,Cardio + Walking
1,22.882558,1.793451,89.909259,1,1,1.899116,2.375026,2,0,1.39854,0,0.0,1.365793,2,3,27.952804512738368,Obesity Type III,2697.27777,3.15,Doctor Supervised Diet,Cardio + Walking
0,23.586058,1.700499,81.108599,1,1,2.042762,2.9774,2,0,1.522426,0,0.501417,1.029135,2,3,28.048790462949373,Obesity Type III,2433.25797,2.84,Doctor Supervised Diet,Cardio + Walking
1,34.432669,1.694997,84.451423,1,1,2.129668,2.693646,2,0,2.60669,0,1.170823,0.290898,3,0,29.394704864692763,Obesity Type III,2533.54269,2.96,Doctor Supervised Diet,Cardio + Walking
0,25.472995,1.688911,78.434492,1,1,2.182401,2.832018,2,0,2.456939,0,0.038809,0.524015,1,3,27.49752208232982,Obesity Type III,2353.03476,2.75,Doctor Supervised Diet,Cardio + Walking
1,55.022494,1.673394,80.400306,1,1,2.0,3.0,2,0,2.0,0,1.0,0.0,3,0,28.7118572898192,Obesity Type III,2412.00918,2.81,Doctor Supervised Diet,Cardio + Walking
1,34.647036,1.769499,85.0,1,1,2.802696,3.0,2,0,2.978465,0,1.974656,0.936925,3,0,27.146777452780274,Obesity Type III,2550.0,2.98,Doctor Supervised Diet,Cardio + Walking
1,21.997335,1.65,80.0,1,1,2.0,3.0,2,0,2.0,0,0.527341,2.0,3,3,29.384756657483933,Obesity Type III,2400.0,2.8,Doctor Supervised Diet,Cardio + Walking
1,18.181821,1.662669,79.863546,1,0,2.492758,2.270163,2,0,1.992586,0,1.452467,0.864583,3,3,28.88929809253194,Obesity Type III,2395.90638,2.8,Doctor Supervised Diet,Cardio + Walking
0,41.743333,1.67861,79.849252,1,1,2.733129,3.0,2,0,1.302594,0,0.0,1.103349,3,0,28.338133385081555,Obesity Type III,2395.4775600000003,2.79,Doctor Supervised Diet,Cardio + Walking
1,21.473078,1.694423,80.311273,1,1,2.0,2.646717,2,0,2.0,0,2.627515,1.358812,3,3,27.972599936221762,Obesity Type III,2409.33819,2.81,Doctor Supervised Diet,Cardio + Walking
0,27.757187,1.505437,63.892071,1,0,2.0,1.0,2,0,1.278578,0,0.02112,0.0,3,3,28.191734331702655,Obesity Type III,1916.76213,2.24,Doctor Supervised Diet,Cardio + Walking
0,25.113537,1.505387,63.715219,1,0,2.0,1.193729,2,0,1.846441,0,0.546402,0.235711,3,3,28.1155677344721,Obesity Type III,1911.4565699999998,2.23,Doctor Supervised Diet,Cardio + Walking
0,21.82165,1.491441,62.269912,1,0,2.0,1.477581,2,0,1.995035,0,0.324676,0.51743,3,3,27.994073366456362,Obesity Type III,1868.09736,2.18,Doctor Supervised Diet,Cardio + Walking
0,20.670975,1.509408,64.852953,1,0,2.294067,3.209508,2,0,2.0,0,1.103088,1.261043,3,3,28.465345602123772,Obesity Type III,1945.58859,2.27,Doctor Supervised Diet,Cardio + Walking
1,22.649792,1.685045,81.022119,1,1,2.0,2.756622,2,0,1.606076,0,0.432973,1.749586,3,3,28.535178290705556,Obesity Type III,2430.66357,2.84,Doctor Supervised Diet,Cardio + Walking
1,23.154311,1.723072,82.338464,1,1,2.315932,2.658478,2,0,1.568476,0,0.949976,0.544899,2,3,27.732939915042515,Obesity Type III,2470.15392,2.88,Doctor Supervised Diet,Cardio + Walking
0,38.097395,1.696954,78.156035,1,1,3.0,3.0,2,0,2.166024,0,0.0,0.0,3,0,27.140783388841374,Obesity Type III,2344.68105,2.74,Doctor Supervised Diet,Cardio + Walking
0,37.642177,1.676095,79.079738,1,1,2.802128,3.0,2,0,1.744628,0,0.0,0.721167,3,0,28.14932341016998,Obesity Type III,2372.3921400000004,2.77,Doctor Supervised Diet,Cardio + Walking
0,34.176795,1.681021,77.392179,1,1,2.79606,1.971472,2,0,1.921601,0,0.935217,0.704637,3,0,27.38739949441692,Obesity Type III,2321.76537,2.71,Doctor Supervised Diet,Cardio + Walking
0,34.231083,1.654067,79.697278,1,1,2.086898,1.818026,2,0,2.088929,0,0.305422,1.040787,3,0,29.12978600848356,Obesity Type III,2390.9183399999997,2.79,Doctor Supervised Diet,Cardio + Walking
1,31.965402,1.840708,98.259423,1,1,2.333503,1.820779,2,0,2.559265,0,1.327193,0.481357,2,0,29.000428162682297,Obesity Type III,2947.78269,3.44,Doctor Supervised Diet,Cardio + Walking
1,33.185661,1.836007,97.416417,1,1,2.0,1.724887,2,0,3.0,0,1.0,0.0,2,0,28.899044698364776,Obesity Type III,2922.49251,3.41,Doctor Supervised Diet,Cardio + Walking
0,18.741188,1.556789,71.788181,1,0,3.0,3.129155,2,0,2.0,0,1.634134,1.0,3,3,29.620571977780664,Obesity Type III,2153.64543,2.51,Doctor Supervised Diet,Cardio + Walking
0,19.955257,1.5891,72.713611,1,0,3.0,3.856434,2,0,2.0,0,1.32417,1.0,2,3,28.79474634717815,Obesity Type III,2181.40833,2.54,Doctor Supervised Diet,Cardio + Walking
1,19.684891,1.700627,78.048207,1,0,1.653081,2.753418,2,0,2.192063,0,1.474937,0.518542,2,3,26.986389897883463,Obesity Type III,2341.44621,2.73,Doctor Supervised Diet,Cardio + Walking
1,47.7061,1.743935,84.729197,1,1,2.535315,3.0,2,0,1.146595,0,0.31381,0.0,3,0,27.859447718613424,Obesity Type III,2541.8759099999997,2.97,Doctor Supervised Diet,Cardio + Walking
1,17.997009,1.742654,85.0,1,0,2.0,3.0,2,0,2.976229,0,1.0,0.121992,2,3,27.989593474399044,Obesity Type III,2550.0,2.98,Doctor Supervised Diet,Cardio + Walking
1,17.971786,1.754441,85.002884,1,1,2.765769,3.0,2,0,2.845134,0,1.0,0.42683,2,3,27.61570437513153,Obesity Type III,2550.08652,2.98,Doctor Supervised Diet,Cardio + Walking
1,20.432717,1.719342,80.790813,1,1,2.215464,2.116195,2,0,1.80996,0,1.910577,0.971746,3,3,27.329861700821663,Obesity Type III,2423.72439,2.83,Doctor Supervised Diet,Cardio + Walking
0,33.954433,1.682253,77.431678,1,1,3.0,2.049908,2,0,1.999882,0,1.637368,0.10724,3,0,27.361257160009412,Obesity Type III,2322.9503400000003,2.71,Doctor Supervised Diet,Cardio + Walking
1,17.039058,1.799902,95.419668,1,1,2.0,3.0,2,0,3.0,0,1.04729,0.933802,2,3,29.453721910560652,Obesity Type III,2862.59004,3.34,Doctor Supervised Diet,Cardio + Walking
1,33.070142,1.709428,83.014033,1,1,2.0,1.044628,2,0,2.01051,0,2.805801,0.0,3,0,28.408603588058735,Obesity Type III,2490.42099,2.91,Doctor Supervised Diet,Cardio + Walking
1,34.993835,1.752456,84.783756,1,1,2.63165,2.98212,2,0,2.778587,0,2.667739,0.905181,3,0,27.606948619207206,Obesity Type III,2543.51268,2.97,Doctor Supervised Diet,Cardio + Walking
1,35.719457,1.685947,83.3258,1,1,2.0,1.009426,2,0,2.136398,0,1.060349,0.0,3,0,29.31511864450576,Obesity Type III,2499.774,2.92,Doctor Supervised Diet,Cardio + Walking
0,19.005725,1.599999,73.513873,1,0,2.942154,2.667711,2,0,2.184768,0,1.524405,0.805008,2,3,28.716392536104454,Obesity Type III,2205.41619,2.57,Doctor Supervised Diet,Cardio + Walking
0,18.850466,1.550053,72.9518,1,0,3.0,3.000974,2,0,2.0,0,2.274248,1.0,2,3,30.36287670928922,Obesity Type III,2188.554,2.55,Doctor Supervised Diet,Cardio + Walking
1,31.540751,1.828092,91.495718,1,1,2.0,2.698883,2,0,2.035104,0,0.598438,0.017016,2,0,27.378186231612208,Obesity Type III,2744.87154,3.2,Doctor Supervised Diet,Cardio + Walking
1,23.335391,1.71338,82.085549,1,1,2.716909,2.598079,2,0,2.90545,0,1.600431,0.176892,2,3,27.96142630347243,Obesity Type III,2462.56647,2.87,Doctor Supervised Diet,Cardio + Walking
1,19.749627,1.680764,79.621463,1,0,1.83746,3.0,2,0,2.0,0,1.194519,1.212762,3,3,28.184911689652775,Obesity Type III,2388.6438900000003,2.79,Doctor Supervised Diet,Cardio + Walking
1,19.565496,1.705584,78.025625,1,0,1.936479,2.837388,2,0,2.159987,0,1.475772,0.646514,2,3,26.821992058662506,Obesity Type III,2340.76875,2.73,Doctor Supervised Diet,Cardio + Walking
1,30.357745,1.841852,93.614246,1,1,2.045027,2.946063,2,0,1.307563,0,1.442485,0.934493,2,3,27.595132499147937,Obesity Type III,2808.4273799999996,3.28,Doctor Supervised Diet,Cardio + Walking
1,27.0,1.834986,99.083478,1,1,2.760607,1.0,2,0,1.336378,0,1.898889,0.487375,2,3,29.426305019054062,Obesity Type III,2972.50434,3.47,Doctor Supervised Diet,Cardio + Walking
1,21.380336,1.724839,82.27635,1,1,2.09449,1.873484,2,0,2.0,0,2.079709,0.880414,2,3,27.655269196361395,Obesity Type III,2468.2904999999996,2.88,Doctor Supervised Diet,Cardio + Walking
1,33.151905,1.685127,83.986895,1,1,2.0,2.473911,2,0,2.452789,0,0.932792,0.0,3,0,29.5764640323046,Obesity Type III,2519.60685,2.94,Doctor Supervised Diet,Cardio + Walking
1,18.0,1.750097,86.372141,1,1,2.907062,3.0,2,0,2.740848,0,1.219827,0.037634,2,3,28.200021821145373,Obesity Type III,2591.16423,3.02,Doctor Supervised Diet,Cardio + Walking
1,32.241587,1.757961,87.906019,1,1,2.0,1.79558,2,0,1.855054,0,1.083572,0.218574,2,3,28.444620268936507,Obesity Type III,2637.18057,3.08,Doctor Supervised Diet,Cardio + Walking
1,31.662814,1.848965,98.912261,1,1,2.399531,2.623079,2,0,2.535127,0,1.030752,0.606264,2,0,28.932952153855812,Obesity Type III,2967.36783,3.46,Doctor Supervised Diet,Cardio + Walking
1,24.347414,1.789193,89.393589,1,1,1.521604,2.174968,2,0,2.0,0,0.0,0.632467,2,3,27.92492356468126,Obesity Type III,2681.80767,3.13,Doctor Supervised Diet,Cardio + Walking
1,24.362124,1.716677,85.261339,1,1,2.0,2.676148,2,0,2.083939,0,0.632164,0.993786,2,3,28.93176785969343,Obesity Type III,2557.8401700000004,2.98,Doctor Supervised Diet,Cardio + Walking
0,19.462713,1.550122,69.936073,1,0,2.501683,3.394788,2,0,1.337378,0,0.932888,1.0,3,3,29.10512591391411,Obesity Type III,2098.0821899999996,2.45,Doctor Supervised Diet,Cardio + Walking
0,35.432059,1.663178,80.135167,1,1,2.0,3.0,2,0,1.992548,0,0.039207,1.528714,3,0,28.96981241184649,Obesity Type III,2404.05501,2.8,Doctor Supervised Diet,Cardio + Walking
0,33.864257,1.679299,77.355417,1,1,2.76802,2.137068,2,0,1.873591,0,0.966973,0.691944,3,0,27.430559936312005,Obesity Type III,2320.66251,2.71,Doctor Supervised Diet,Cardio + Walking
1,23.807181,1.729177,82.52724,1,1,2.742796,2.937607,2,0,1.99467,0,1.0,0.023564,2,3,27.600593472310305,Obesity Type III,2475.8172000000004,2.89,Doctor Supervised Diet,Cardio + Walking
1,39.585811,1.719153,86.464843,1,1,2.325623,1.313403,2,0,1.94609,0,0.604259,0.0,3,0,29.2557002976408,Obesity Type III,2593.94529,3.03,Doctor Supervised Diet,Cardio + Walking
0,45.821267,1.687326,80.413997,1,1,2.076689,3.0,2,0,1.026729,0,0.647798,0.0,3,0,28.244484466259856,Obesity Type III,2412.4199099999996,2.81,Doctor Supervised Diet,Cardio + Walking
1,25.929746,1.772449,105.0,1,1,3.0,3.0,2,0,2.045069,0,1.725931,1.619596,2,3,33.42272099368293,Overweight Level I,3150.0,3.68,Low Carb Diet,Cardio + Walking
1,26.042738,1.837117,105.712219,1,1,3.0,3.0,2,0,2.509147,0,2.0,1.564796,2,3,31.322149434407628,Overweight Level I,3171.36657,3.7,Low Carb Diet,Cardio + Walking
1,30.551762,1.784377,102.872505,1,1,2.271306,3.0,2,0,1.771198,0,2.0,0.413752,2,0,32.30919086202455,Overweight Level I,3086.17515,3.6,Low Carb Diet,Cardio + Walking
1,39.759575,1.792507,101.780099,1,1,2.33361,2.113575,2,0,2.504136,0,2.998981,1.0,2,0,31.67678874885374,Overweight Level I,3053.40297,3.56,Low Carb Diet,Cardio + Walking
0,31.386405,1.556579,78.233341,1,1,2.13683,2.092179,2,0,1.505381,0,0.0,0.0,2,3,32.28862442348924,Overweight Level I,2347.0002299999996,2.74,Low Carb Diet,Cardio + Walking
0,25.706285,1.585547,80.351263,1,1,2.0,1.0,2,0,2.0,0,0.0,0.0,2,3,31.962038265656233,Overweight Level I,2410.53789,2.81,Low Carb Diet,Cardio + Walking
0,43.604901,1.569234,81.827288,1,1,2.909853,1.0,2,0,2.0,0,1.308852,0.0,3,0,33.22941832470718,Overweight Level I,2454.81864,2.86,Low Carb Diet,Cardio + Walking
0,42.31607,1.583943,81.936398,1,1,2.490507,2.974204,2,0,1.846754,0,0.0,0.0,3,0,32.65861553351169,Overweight Level I,2458.09194,2.87,Low Carb Diet,Cardio + Walking
0,22.654316,1.621233,82.0,1,1,1.063449,1.0,2,0,2.0,0,0.0,1.482016,2,3,31.197729057563272,Overweight Level I,2460.0,2.87,Low Carb Diet,Cardio + Walking
0,22.679935,1.6084,82.603984,1,1,2.699282,1.0,2,0,2.598632,0,0.292093,2.0,2,3,31.931025384574802,Overweight Level I,2478.1195199999997,2.89,Low Carb Diet,Cardio + Walking
1,24.079524,1.733439,97.911865,1,1,2.0,3.0,2,0,2.843675,0,1.309304,1.338655,3,3,32.585035332140514,Overweight Level I,2937.35595,3.43,Low Carb Diet,Cardio + Walking
1,21.196152,1.65,88.472359,1,1,2.4277,1.001633,2,0,3.0,0,1.172641,1.0,3,3,32.49673425160698,Overweight Level I,2654.1707699999997,3.1,Low Carb Diet,Cardio + Walking
0,22.596576,1.650052,87.272552,1,1,2.87599,1.2919,2,0,2.777712,0,0.432813,1.0,3,3,32.05401338645687,Overweight Level I,2618.1765600000003,3.05,Low Carb Diet,Cardio + Walking
0,23.0,1.644161,84.340406,1,1,2.177243,3.0,2,0,2.715572,0,2.230109,0.070897,3,3,31.199454626120502,Overweight Level I,2530.21218,2.95,Low Carb Diet,Cardio + Walking
0,37.356288,1.559499,77.26813,1,1,2.0,3.0,2,0,1.630528,0,0.0,0.0,2,0,31.77094996415506,Overweight Level I,2318.0439,2.7,Low Carb Diet,Cardio + Walking
1,22.754646,1.734237,95.0,1,1,2.0,3.0,2,0,2.287248,0,2.669179,1.237867,3,3,31.586878504595532,Overweight Level I,2850.0,3.32,Low Carb Diet,Cardio + Walking
1,23.252906,1.775815,97.813023,1,1,2.0,3.0,2,0,3.0,0,3.0,2.0,3,3,31.017103642150904,Overweight Level I,2934.39069,3.42,Low Carb Diet,Cardio + Walking
0,22.025438,1.640426,87.344156,1,1,3.0,1.0,2,0,3.0,0,1.280924,1.77795,3,3,32.45791096067855,Overweight Level I,2620.3246799999997,3.06,Low Carb Diet,Cardio + Walking
0,18.086772,1.65,82.13682,1,1,3.0,3.0,2,0,1.0,0,1.02975,1.350099,2,3,30.169630853994494,Overweight Level I,2464.1046,2.87,Low Carb Diet,Cardio + Walking
1,25.994393,1.753321,107.998815,1,1,3.0,3.0,2,0,1.776991,0,1.757724,0.0,2,0,35.13145374080004,Overweight Level I,3239.96445,3.78,Low Carb Diet,Cardio + Walking
0,40.821515,1.553026,77.74518,1,1,2.0,3.0,2,0,1.406115,0,0.0,0.0,2,0,32.23413499095675,Overweight Level I,2332.3554000000004,2.72,Low Carb Diet,Cardio + Walking
1,23.0,1.706525,90.500055,1,1,2.0,3.0,2,0,1.530493,0,0.967627,1.0,3,3,31.075886979944404,Overweight Level I,2715.00165,3.17,Low Carb Diet,Cardio + Walking
0,37.955371,1.560648,80.0,1,1,2.846452,1.139317,2,0,1.459511,0,1.71807,0.0,2,0,32.845816834839795,Overweight Level I,2400.0,2.8,Low Carb Diet,Cardio + Walking
1,31.315593,1.673352,90.0,1,1,2.19011,2.029858,2,0,2.348981,0,1.946907,0.0,2,0,32.14162983878206,Overweight Level I,2700.0,3.15,Low Carb Diet,Cardio + Walking
1,22.661556,1.660324,94.189167,1,1,2.0,3.0,2,0,2.0,0,0.0,0.105936,3,3,34.16766219420324,Overweight Level I,2825.67501,3.3,Low Carb Diet,Cardio + Walking
1,40.317787,1.786318,98.447311,1,1,2.0,3.0,2,0,2.680292,0,1.549693,0.522259,2,0,30.852212171469326,Overweight Level I,2953.41933,3.45,Low Carb Diet,Cardio + Walking
1,23.365649,1.757691,95.361795,1,1,2.0,3.0,2,0,3.0,0,3.0,2.0,3,3,30.86664017598137,Overweight Level I,2860.85385,3.34,Low Carb Diet,Cardio + Walking
1,21.72127,1.712163,98.699971,1,1,2.0,2.977543,2,0,2.205977,0,2.698874,2.0,3,3,33.668735799790326,Overweight Level I,2960.99913,3.45,Low Carb Diet,Cardio + Walking
1,35.389491,1.78,100.84763,1,1,2.069267,1.476204,2,0,3.0,0,2.05252,0.092736,1,0,31.82919770231031,Overweight Level I,3025.4289,3.53,Low Carb Diet,Cardio + Walking
0,22.061461,1.6,82.040318,1,1,1.362441,2.57038,2,0,2.166228,0,2.232851,1.281141,3,3,32.046999218749995,Overweight Level I,2461.20954,2.87,Low Carb Diet,Cardio + Walking
0,23.0,1.61082,82.532994,1,1,2.09663,2.879541,2,0,2.432967,0,1.887012,0.0,3,3,31.80779572878973,Overweight Level I,2475.9898200000002,2.89,Low Carb Diet,Cardio + Walking
0,23.0,1.665199,83.15115,1,1,2.928234,1.458507,2,0,2.777379,0,0.354541,1.707018,3,3,29.98720421028693,Overweight Level I,2494.5345,2.91,Low Carb Diet,Cardio + Walking
0,40.951591,1.542122,80.0,1,1,2.0,1.105617,2,0,1.372811,0,1.629432,0.0,2,0,33.63973153668532,Overweight Level I,2400.0,2.8,Low Carb Diet,Cardio + Walking
0,39.135634,1.507867,79.58958,1,1,2.0,3.0,2,0,1.0,0,0.0,0.0,2,0,35.005004638522536,Overweight Level I,2387.6874,2.79,Low Carb Diet,Cardio + Walking
1,26.271621,1.660955,90.0,1,1,2.0,3.0,2,0,3.0,0,0.669278,0.505266,2,0,32.623216387332484,Overweight Level I,2700.0,3.15,Low Carb Diet,Cardio + Walking
0,23.779235,1.553127,78.0,1,1,2.0,1.0,2,0,2.0,0,0.827502,0.0,3,3,32.33558060388002,Overweight Level I,2340.0,2.73,Low Carb Diet,Cardio + Walking
1,20.586978,1.781952,102.910613,1,1,2.0,3.0,2,0,1.689793,0,1.464204,0.0,3,3,32.40918891814259,Overweight Level I,3087.31839,3.6,Low Carb Diet,Cardio + Walking
1,21.669478,1.75,96.940255,1,1,2.0,3.0,2,0,2.771469,0,2.359339,1.206251,3,3,31.653960816326528,Overweight Level I,2908.20765,3.39,Low Carb Diet,Cardio + Walking
0,23.0,1.615854,80.615325,1,1,2.0,1.0,2,0,2.0,0,0.026142,0.0,3,3,30.875455533163162,Overweight Level I,2418.45975,2.82,Low Carb Diet,Cardio + Walking
1,20.825962,1.793378,105.655037,1,1,2.0,3.0,2,0,1.155384,0,0.003938,0.526999,2,3,32.85084391969891,Overweight Level I,3169.65111,3.7,Low Carb Diet,Cardio + Walking
1,18.178023,1.85478,114.77484,1,1,2.0,1.854536,2,0,2.160169,0,1.0,2.0,2,3,33.36275355880804,Overweight Level I,3443.2452,4.02,Low Carb Diet,Cardio + Walking
0,18.0,1.685633,90.032671,1,1,2.496455,3.0,2,0,1.850344,0,1.066101,0.732265,2,3,31.686486408756412,Overweight Level I,2700.98013,3.15,Low Carb Diet,Cardio + Walking
0,18.267696,1.706343,93.348843,1,1,1.70825,3.0,2,0,1.0,0,0.899864,1.0,2,3,32.0609413144515,Overweight Level I,2800.46529,3.27,Low Carb Diet,Cardio + Walking
1,23.0,1.791415,105.138073,1,1,2.262171,3.0,2,0,2.03415,0,0.317363,0.508663,2,3,32.7617883375509,Overweight Level I,3154.14219,3.68,Low Carb Diet,Cardio + Walking
1,23.0,1.753716,106.49141,1,1,2.740633,3.0,2,0,2.081005,0,0.650235,0.76906,2,3,34.62549963108079,Overweight Level I,3194.7423,3.73,Low Carb Diet,Cardio + Walking
1,20.9859,1.780503,103.189532,1,1,2.0,3.0,2,0,1.608128,0,0.478134,0.0,3,3,32.54994231595295,Overweight Level I,3095.68596,3.61,Low Carb Diet,Cardio + Walking
1,21.504943,1.819867,106.038468,1,1,2.0,3.0,2,0,2.715252,0,0.0,0.621605,3,3,32.017258673142,Overweight Level I,3181.15404,3.71,Low Carb Diet,Cardio + Walking
1,18.0,1.791174,108.9606,1,1,2.0,1.08687,2,0,2.279124,0,1.0,1.609773,3,3,33.96205280731961,Overweight Level I,3268.818,3.81,Low Carb Diet,Cardio + Walking
1,18.0,1.82093,108.742005,1,1,2.0,1.25535,2,0,2.497065,0,1.0,1.441605,3,3,32.79524157216082,Overweight Level I,3262.26015,3.81,Low Carb Diet,Cardio + Walking
0,19.442663,1.627812,82.0,1,1,1.081585,2.870661,2,0,1.11756,0,0.0,1.616826,2,3,30.94605983735133,Overweight Level I,2460.0,2.87,Low Carb Diet,Cardio + Walking
0,22.865018,1.632118,82.0,1,1,2.587789,1.482103,2,0,1.911664,0,0.0,0.128681,2,3,30.78298590190357,Overweight Level I,2460.0,2.87,Low Carb Diet,Cardio + Walking
1,21.948577,1.773594,105.000789,1,1,2.252653,3.0,2,0,2.962371,0,1.0,0.0,2,3,33.37983154667606,Overweight Level I,3150.02367,3.68,Low Carb Diet,Cardio + Walking
1,21.214617,1.930416,118.560509,1,1,2.0,3.0,2,0,3.0,0,0.732186,1.0,2,3,31.815462293594674,Overweight Level I,3556.81527,4.15,Low Carb Diet,Cardio + Walking
1,22.277859,1.947406,116.893105,1,1,2.0,3.0,2,0,3.0,0,0.975187,1.0,2,3,30.82306962861916,Overweight Level I,3506.79315,4.09,Low Carb Diet,Cardio + Walking
0,37.832949,1.610867,80.0,1,1,2.036613,1.81698,2,0,1.93059,0,1.851404,0.0,2,0,30.829793625834757,Overweight Level I,2400.0,2.8,Low Carb Diet,Cardio + Walking
0,37.631769,1.513202,75.410647,1,1,2.0,2.582591,2,0,1.535134,0,1.88452,0.0,2,0,32.93357325023278,Overweight Level I,2262.31941,2.64,Low Carb Diet,Cardio + Walking
1,17.6739,1.738465,97.185474,1,1,2.0,3.0,2,0,2.0,0,0.0,0.233314,3,3,32.1565504336896,Overweight Level I,2915.56422,3.4,Low Carb Diet,Cardio + Walking
0,37.524551,1.567915,76.129784,1,1,2.0,3.0,2,0,2.102976,0,0.0,0.0,2,0,30.967743964953304,Overweight Level I,2283.89352,2.66,Low Carb Diet,Cardio + Walking
0,43.510672,1.587546,76.126112,1,1,2.0,3.0,2,0,2.091934,0,0.0,0.0,2,0,30.205151158289983,Overweight Level I,2283.7833600000004,2.66,Low Carb Diet,Cardio + Walking
1,18.0,1.820385,108.395005,1,1,2.0,2.164839,2,0,2.094479,0,1.0,0.676557,2,3,32.71016789103154,Overweight Level I,3251.8501499999998,3.79,Low Carb Diet,Cardio + Walking
1,18.0,1.792239,108.244379,1,1,2.0,2.141839,2,0,2.939847,0,1.0,0.103056,2,3,33.69872783850782,Overweight Level I,3247.33137,3.79,Low Carb Diet,Cardio + Walking
1,29.506287,1.82697,108.751502,1,1,2.0,2.877583,2,0,2.358038,0,0.877295,1.817146,2,0,32.581601815337464,Overweight Level I,3262.54506,3.81,Low Carb Diet,Cardio + Walking
0,18.0,1.670058,86.242679,1,1,2.609123,3.0,2,0,1.955053,0,1.186013,0.0,3,3,30.921398688596383,Overweight Level I,2587.28037,3.02,Low Carb Diet,Cardio + Walking
1,24.733308,1.639383,91.267087,1,1,1.036159,3.0,2,0,1.0,0,0.344013,0.329367,2,0,33.95887815715644,Overweight Level I,2738.01261,3.19,Low Carb Diet,Cardio + Walking
1,29.0,1.682916,89.991671,1,1,1.851262,3.0,2,0,2.11267,0,0.388269,0.0,2,0,31.77440576058094,Overweight Level I,2699.75013,3.15,Low Carb Diet,Cardio + Walking
0,18.0,1.609321,84.493156,1,1,2.0,3.0,2,0,1.051735,0,1.0,0.0,3,3,32.62392239901584,Overweight Level I,2534.79468,2.96,Low Carb Diet,Cardio + Walking
1,21.098035,1.690437,96.366777,1,1,2.0,2.95833,2,0,2.0,0,0.0,1.595306,3,3,33.72324474074049,Overweight Level I,2891.00331,3.37,Low Carb Diet,Cardio + Walking
1,19.089595,1.700164,99.204695,1,1,2.0,2.119826,2,0,2.0,0,0.0,1.882539,3,3,34.32026197191927,Overweight Level I,2976.1408500000002,3.47,Low Carb Diet,Cardio + Walking
0,18.312665,1.60074,82.249831,1,1,2.501236,3.0,2,0,1.220331,0,0.245003,0.537202,3,3,32.099141662130506,Overweight Level I,2467.49493,2.88,Low Carb Diet,Cardio + Walking
1,18.260079,1.801848,104.741914,1,1,2.0,3.0,2,0,3.0,0,1.783858,0.0,3,3,32.26147367027119,Overweight Level I,3142.25742,3.67,Low Carb Diet,Cardio + Walking
1,26.004294,1.844751,105.025808,1,1,3.0,3.0,2,0,2.925029,0,2.0,1.758865,2,3,30.861748127389685,Overweight Level I,3150.7742399999997,3.68,Low Carb Diet,Cardio + Walking
1,25.994746,1.811602,106.042142,1,1,3.0,3.0,2,0,2.858171,0,1.813318,0.680215,2,3,32.311186700674334,Overweight Level I,3181.26426,3.71,Low Carb Diet,Cardio + Walking
1,36.726617,1.787521,100.624553,1,1,2.031185,2.992606,2,0,2.852254,0,2.00123,0.36037,1,0,31.492102684024605,Overweight Level I,3018.73659,3.52,Low Carb Diet,Cardio + Walking
1,38.297259,1.789109,100.066268,1,1,2.014194,2.050121,2,0,2.184707,0,2.000561,0.853891,1,0,31.26180876820843,Overweight Level I,3001.9880399999997,3.5,Low Carb Diet,Cardio + Walking
0,30.163408,1.533364,78.030383,1,1,2.028225,1.923607,2,0,1.798917,0,0.0,0.0,3,3,33.18739871950972,Overweight Level I,2340.91149,2.73,Low Carb Diet,Cardio + Walking
0,28.770039,1.580858,79.713492,1,1,2.0,1.0,2,0,2.0,0,0.005405,0.0,3,3,31.896726310954175,Overweight Level I,2391.40476,2.79,Low Carb Diet,Cardio + Walking
0,42.337283,1.64639,86.639861,1,1,2.81646,2.27374,2,0,1.722063,0,0.0,0.0,3,0,31.963351277937143,Overweight Level I,2599.1958299999997,3.03,Low Carb Diet,Cardio + Walking
0,47.283374,1.643786,81.978743,1,1,2.037585,1.418985,2,0,1.827351,0,0.0,0.0,3,0,30.339659354726482,Overweight Level I,2459.36229,2.87,Low Carb Diet,Cardio + Walking
0,22.518787,1.634342,82.414477,1,1,1.853314,1.320768,2,0,2.135552,0,0.248034,1.727828,2,3,30.854436831427332,Overweight Level I,2472.43431,2.88,Low Carb Diet,Cardio + Walking
0,22.836315,1.604893,82.0,1,1,1.00876,1.0,2,0,2.0,0,0.0,0.585912,2,3,31.83623389787128,Overweight Level I,2460.0,2.87,Low Carb Diet,Cardio + Walking
1,23.0,1.654961,94.790579,1,1,2.0,3.0,2,0,1.490613,0,0.654316,1.0,3,3,34.60904760975733,Overweight Level I,2843.71737,3.32,Low Carb Diet,Cardio + Walking
1,22.975526,1.701986,95.0,1,1,2.0,3.0,2,0,2.02127,0,1.814869,1.066603,3,3,32.795302300914585,Overweight Level I,2850.0,3.32,Low Carb Diet,Cardio + Walking
1,22.720449,1.65,89.139209,1,1,2.103335,2.964024,2,0,3.0,0,0.632947,1.0,3,3,32.74167456382002,Overweight Level I,2674.17627,3.12,Low Carb Diet,Cardio + Walking
1,23.887569,1.657995,90.0,1,1,2.0,3.0,2,0,3.0,0,0.603638,0.969085,3,3,32.73980409533679,Overweight Level I,2700.0,3.15,Low Carb Diet,Cardio + Walking
0,23.0,1.634688,82.628,1,1,2.060922,2.933409,2,0,2.235282,0,0.380633,0.0026,3,3,30.92128201657673,Overweight Level I,2478.84,2.89,Low Carb Diet,Cardio + Walking
0,23.0,1.628168,84.49798,1,1,2.058687,2.962004,2,0,2.010596,0,0.851059,0.630866,3,3,31.874831463122238,Overweight Level I,2534.9393999999998,2.96,Low Carb Diet,Cardio + Walking
0,38.148845,1.557808,79.661693,1,1,2.0,3.0,2,0,1.274774,0,0.0,0.0,2,0,32.826280209398114,Overweight Level I,2389.85079,2.79,Low Carb Diet,Cardio + Walking
0,37.96543,1.560199,80.0,1,1,2.533605,1.271624,2,0,1.893691,0,1.296535,0.0,2,0,32.86472454320746,Overweight Level I,2400.0,2.8,Low Carb Diet,Cardio + Walking
1,22.771612,1.750384,95.324282,1,1,2.0,3.0,2,0,3.0,0,3.0,2.0,3,3,31.112640660638878,Overweight Level I,2859.72846,3.34,Low Carb Diet,Cardio + Walking
1,22.582371,1.753081,95.269089,1,1,2.0,3.0,2,0,3.0,0,3.0,2.0,3,3,30.999025875698074,Overweight Level I,2858.07267,3.33,Low Carb Diet,Cardio + Walking
0,21.008051,1.65,88.126544,1,1,2.457547,1.00061,2,0,3.0,0,1.361533,1.0,3,3,32.369713131313134,Overweight Level I,2643.79632,3.08,Low Carb Diet,Cardio + Walking
0,22.591026,1.650012,87.676154,1,1,2.983851,1.068443,2,0,2.854161,0,1.103209,1.0,3,3,32.20381220363613,Overweight Level I,2630.28462,3.07,Low Carb Diet,Cardio + Walking
0,16.129279,1.65,85.583485,1,1,2.954996,3.0,2,0,1.0,0,2.091862,1.06053,3,3,31.435623507805328,Overweight Level I,2567.5045499999997,3.0,Low Carb Diet,Cardio + Walking
0,16.913841,1.634832,85.803809,1,1,2.061969,3.0,2,0,1.229171,0,2.392047,1.256119,3,3,32.10408581188486,Overweight Level I,2574.11427,3.0,Low Carb Diet,Cardio + Walking
1,29.43879,1.770126,108.602715,1,1,3.0,3.0,2,0,1.163264,0,1.866023,1.604608,2,0,34.6603002232505,Overweight Level I,3258.08145,3.8,Low Carb Diet,Cardio + Walking
1,29.881301,1.758189,108.721893,1,1,3.0,3.0,2,0,1.271178,0,1.944728,0.0,2,0,35.17109488979771,Overweight Level I,3261.65679,3.81,Low Carb Diet,Cardio + Walking
0,43.591999,1.595165,77.354744,1,1,2.0,3.0,2,0,2.117346,0,0.0,0.0,3,0,30.400150176712256,Overweight Level I,2320.64232,2.71,Low Carb Diet,Cardio + Walking
0,40.993179,1.567756,79.493626,1,1,2.0,3.0,2,0,2.952506,0,0.0,0.0,3,0,32.3426323582815,Overweight Level I,2384.8087800000003,2.78,Low Carb Diet,Cardio + Walking
1,22.936098,1.702825,93.638318,1,1,2.0,3.0,2,0,1.746197,0,0.455216,0.335158,3,3,32.293384884701624,Overweight Level I,2809.14954,3.28,Low Carb Diet,Cardio + Walking
1,23.0,1.735659,93.429205,1,1,2.0,3.0,2,0,1.249307,0,0.973465,1.0,3,3,31.013718752003395,Overweight Level I,2802.87615,3.27,Low Carb Diet,Cardio + Walking
0,37.597953,1.62901,80.0,1,1,2.450784,2.952821,2,0,1.335192,0,0.180276,0.0,2,0,30.146887921680744,Overweight Level I,2400.0,2.8,Low Carb Diet,Cardio + Walking
0,37.532066,1.615385,80.0,1,1,2.972426,3.0,2,0,1.636326,0,0.0,0.0,2,0,30.657581773031882,Overweight Level I,2400.0,2.8,Low Carb Diet,Cardio + Walking
1,31.630054,1.671705,90.0,1,1,2.467002,1.851088,2,0,2.104054,0,1.991565,0.0,2,0,32.20499429819875,Overweight Level I,2700.0,3.15,Low Carb Diet,Cardio + Walking
1,31.641081,1.676595,89.993812,1,1,2.934671,2.119682,2,0,2.041462,0,0.578074,0.0,2,0,32.01520705632761,Overweight Level I,2699.8143600000003,3.15,Low Carb Diet,Cardio + Walking
1,21.872484,1.699998,95.564428,1,1,2.0,2.970675,2,0,2.0,0,0.0,0.169294,3,3,33.06735393006037,Overweight Level I,2866.9328400000004,3.34,Low Carb Diet,Cardio + Walking
1,21.834894,1.722785,94.094184,1,1,2.0,2.966803,2,0,2.0,0,0.0,1.281541,3,3,31.70301869387474,Overweight Level I,2822.82552,3.29,Low Carb Diet,Cardio + Walking
1,36.023972,1.670667,90.575934,1,1,2.903545,1.508685,2,0,2.450069,0,1.45473,0.0,2,0,32.45136973368614,Overweight Level I,2717.27802,3.17,Low Carb Diet,Cardio + Walking
1,39.656559,1.789992,98.021766,1,1,2.043359,2.209314,2,0,2.785804,0,1.259613,0.669616,2,0,30.59287855500261,Overweight Level I,2940.65298,3.43,Low Carb Diet,Cardio + Walking
1,24.184891,1.768834,97.449743,1,1,2.0,3.0,2,0,2.973729,0,2.491642,1.36595,3,3,31.146305784564362,Overweight Level I,2923.49229,3.41,Low Carb Diet,Cardio + Walking
1,23.237302,1.761008,97.829344,1,1,2.0,3.0,2,0,2.988771,0,2.429923,1.978043,3,3,31.546158680494596,Overweight Level I,2934.88032,3.42,Low Carb Diet,Cardio + Walking
1,35.322112,1.78,102.265955,1,1,2.787589,1.114564,2,0,3.0,0,2.710338,0.572185,2,0,32.27684477969953,Overweight Level I,3067.97865,3.58,Low Carb Diet,Cardio + Walking
1,31.387982,1.810215,105.254354,1,1,2.39728,2.036794,2,0,2.659419,0,1.062011,1.771135,2,0,32.1203117354827,Overweight Level I,3157.6306200000004,3.68,Low Carb Diet,Cardio + Walking
0,23.0,1.608469,82.954796,1,1,2.150054,2.988539,2,0,2.768325,0,2.08515,0.0,3,3,32.06388257130799,Overweight Level I,2488.64388,2.9,Low Carb Diet,Cardio + Walking
0,23.0,1.630357,83.1011,1,1,2.977585,1.630506,2,0,2.839319,0,1.091474,0.889517,3,3,31.26377003824678,Overweight Level I,2493.033,2.91,Low Carb Diet,Cardio + Walking
0,22.679454,1.62826,82.967937,1,1,2.274491,1.0,2,0,2.2695,0,0.946461,1.73107,2,3,31.294122863655172,Overweight Level I,2489.0381100000004,2.9,Low Carb Diet,Cardio + Walking
0,22.480889,1.605662,82.470375,1,1,1.557287,1.0,2,0,2.371015,0,0.288032,2.0,2,3,31.988193216687318,Overweight Level I,2474.11125,2.89,Low Carb Diet,Cardio + Walking
0,41.403862,1.567973,81.056851,1,1,2.152264,2.977999,2,0,1.513199,0,0.0,0.0,2,0,32.969515700976906,Overweight Level I,2431.7055299999997,2.84,Low Carb Diet,Cardio + Walking
0,40.702771,1.548403,80.0,1,1,2.0,3.0,2,0,1.326165,0,0.0,0.0,2,0,33.367370130640865,Overweight Level I,2400.0,2.8,Low Carb Diet,Cardio + Walking
1,29.389239,1.681855,90.0,1,1,2.08841,2.644692,2,0,2.773236,0,1.252472,0.0,2,0,31.817452769178654,Overweight Level I,2700.0,3.15,Low Carb Diet,Cardio + Walking
1,30.967417,1.688436,90.0,1,1,2.180047,2.733077,2,0,2.77962,0,1.454129,0.0,2,0,31.569907008786604,Overweight Level I,2700.0,3.15,Low Carb Diet,Cardio + Walking
0,23.474165,1.577115,78.0,1,1,2.0,1.0,2,0,2.0,0,0.876101,0.0,3,3,31.35940962279483,Overweight Level I,2340.0,2.73,Low Carb Diet,Cardio + Walking
0,24.317607,1.586751,79.109029,1,1,2.0,1.0,2,0,2.0,0,0.852446,0.0,3,3,31.4201672564958,Overweight Level I,2373.2708700000003,2.77,Low Carb Diet,Cardio + Walking
1,17.052914,1.710616,99.860254,1,1,2.0,3.0,2,0,2.0,0,0.067491,0.894105,3,3,34.12617446610824,Overweight Level I,2995.80762,3.5,Low Carb Diet,Cardio + Walking
1,18.04892,1.721384,99.430612,1,1,2.0,3.0,2,0,2.0,0,1.579431,0.839862,3,3,33.55556754020774,Overweight Level I,2982.9183599999997,3.48,Low Carb Diet,Cardio + Walking
0,22.875223,1.624367,82.0,1,1,1.826885,1.0,2,0,2.0,0,0.0,0.459274,3,3,31.077461455216778,Overweight Level I,2460.0,2.87,Low Carb Diet,Cardio + Walking
0,22.884722,1.622787,82.0,1,1,1.754401,1.0,2,0,2.0,0,0.0,0.301909,3,3,31.138007038793607,Overweight Level I,2460.0,2.87,Low Carb Diet,Cardio + Walking
1,18.729566,1.855433,112.875283,1,1,2.0,2.427137,2,0,2.574073,0,1.0,2.0,2,3,32.78749966350724,Overweight Level I,3386.2584899999997,3.95,Low Carb Diet,Cardio + Walking
1,21.011124,1.856315,118.183797,1,1,2.0,3.0,2,0,3.0,0,0.788585,1.220029,2,3,34.2968781767827,Overweight Level I,3545.51391,4.14,Low Carb Diet,Cardio + Walking
0,18.603496,1.681719,90.671871,1,1,1.524428,3.0,2,0,1.383831,0,0.130417,1.0,2,3,32.060162236401446,Overweight Level I,2720.15613,3.17,Low Carb Diet,Cardio + Walking
0,21.106056,1.722884,92.949254,1,1,1.164062,3.0,2,0,1.157395,0,0.0,0.320851,2,3,31.313660080077753,Overweight Level I,2788.4776199999997,3.25,Low Carb Diet,Cardio + Walking
1,23.0,1.799406,106.528811,1,1,2.123159,3.0,2,0,2.415343,0,0.295178,0.569852,2,3,32.90097371405623,Overweight Level I,3195.8643300000003,3.73,Low Carb Diet,Cardio + Walking
1,21.980847,1.819875,106.048516,1,1,2.0,3.0,2,0,2.745242,0,0.0,0.80898,2,3,32.02001105081375,Overweight Level I,3181.45548,3.71,Low Carb Diet,Cardio + Walking
1,21.016665,1.790172,105.042194,1,1,2.259679,3.0,2,0,1.026143,0,0.268801,0.077818,2,3,32.777382113387155,Overweight Level I,3151.2658199999996,3.68,Low Carb Diet,Cardio + Walking
1,21.72738,1.783782,105.000276,1,1,2.044326,3.0,2,0,2.35818,0,0.349371,0.0,2,3,32.99946403470774,Overweight Level I,3150.00828,3.68,Low Carb Diet,Cardio + Walking
1,18.0,1.783906,109.207614,1,1,2.0,1.867836,2,0,2.438398,0,1.0,0.802305,3,3,34.316974041597014,Overweight Level I,3276.2284200000004,3.82,Low Carb Diet,Cardio + Walking
1,18.0,1.844218,109.195529,1,1,2.0,1.548407,2,0,2.191401,0,1.0,1.676944,3,3,32.10556695340507,Overweight Level I,3275.8658699999996,3.82,Low Carb Diet,Cardio + Walking
0,19.431662,1.631662,82.0,1,1,2.843456,2.937989,2,0,1.001995,0,0.0,1.554404,3,3,30.800194126443678,Overweight Level I,2460.0,2.87,Low Carb Diet,Cardio + Walking
0,18.166318,1.649553,82.323954,1,1,2.864776,3.0,2,0,1.876915,0,0.631565,0.186414,3,3,30.254757299290866,Overweight Level I,2469.71862,2.88,Low Carb Diet,Cardio + Walking
1,22.352025,1.754711,105.000706,1,1,2.871137,3.0,2,0,2.627569,0,1.0,0.0,2,3,34.10209201966965,Overweight Level I,3150.0211799999997,3.68,Low Carb Diet,Cardio + Walking
1,22.469351,1.762515,105.000097,1,1,2.282803,3.0,2,0,2.104264,0,1.0,0.0,2,3,33.800572538482974,Overweight Level I,3150.0029099999997,3.68,Low Carb Diet,Cardio + Walking
1,19.524698,1.942725,121.657979,1,1,2.0,3.0,2,0,3.0,0,1.0,1.014808,2,3,32.23427745372125,Overweight Level I,3649.73937,4.26,Low Carb Diet,Cardio + Walking
1,20.491475,1.975663,120.702935,1,1,2.0,3.0,2,0,3.0,0,0.767013,1.0,2,3,30.9237460034376,Overweight Level I,3621.08805,4.22,Low Carb Diet,Cardio + Walking
0,39.213399,1.586301,80.0,1,1,2.020502,1.237454,2,0,1.93142,0,1.967973,0.0,2,0,31.792068899846832,Overweight Level I,2400.0,2.8,Low Carb Diet,Cardio + Walking
0,38.098745,1.598448,80.0,1,1,2.020785,1.169173,2,0,1.972551,0,1.903338,0.0,2,0,31.310713323597607,Overweight Level I,2400.0,2.8,Low Carb Diet,Cardio + Walking
1,19.034033,1.703098,98.296651,1,1,2.0,2.391753,2,0,2.0,0,0.0,1.119877,3,3,33.88905382854484,Overweight Level I,2948.8995299999997,3.44,Low Carb Diet,Cardio + Walking
1,17.073648,1.706996,99.544696,1,1,2.0,3.0,2,0,2.0,0,1.73209,0.048617,3,3,34.16277320008148,Overweight Level I,2986.34088,3.48,Low Carb Diet,Cardio + Walking
0,38.547267,1.526472,75.150345,1,1,2.0,3.0,2,0,1.084442,0,0.0,0.0,2,0,32.251750672444466,Overweight Level I,2254.51035,2.63,Low Carb Diet,Cardio + Walking
0,38.683794,1.501993,76.642944,1,1,2.0,3.0,2,0,1.0,0,0.0,0.0,2,0,33.97319259479558,Overweight Level I,2299.28832,2.68,Low Carb Diet,Cardio + Walking
1,18.0,1.784402,108.413119,1,1,2.0,2.475444,2,0,2.655795,0,1.0,0.169879,3,3,34.04837867566261,Overweight Level I,3252.3935699999997,3.79,Low Carb Diet,Cardio + Walking
1,18.0,1.792687,108.204547,1,1,2.0,2.478794,2,0,2.967064,0,1.0,0.4346,3,3,33.66949270279692,Overweight Level I,3246.13641,3.79,Low Carb Diet,Cardio + Walking
1,29.622804,1.814052,109.411622,1,1,2.407817,2.070033,2,0,1.796257,0,1.234483,0.178708,2,0,33.24788260167994,Overweight Level I,3282.3486599999997,3.83,Low Carb Diet,Cardio + Walking
1,30.79626,1.789421,109.599453,1,1,2.21498,2.282392,2,0,1.179942,0,1.771754,0.537659,2,0,34.22814216252949,Overweight Level I,3287.98359,3.84,Low Carb Diet,Cardio + Walking
0,18.0,1.686904,90.004046,1,1,2.737149,3.0,2,0,1.997195,0,1.352663,0.468483,2,3,31.62869671802177,Overweight Level I,2700.12138,3.15,Low Carb Diet,Cardio + Walking
0,18.107092,1.703259,91.499683,1,1,1.899793,3.0,2,0,1.439962,0,0.9529,0.838847,2,3,31.53974695283988,Overweight Level I,2744.99049,3.2,Low Carb Diet,Cardio + Walking
1,31.335093,1.665798,89.738596,1,1,2.274164,1.049534,2,0,1.358172,0,1.482411,0.0,2,0,32.33959657043172,Overweight Level I,2692.15788,3.14,Low Carb Diet,Cardio + Walking
1,29.0,1.66671,89.048151,1,1,1.897796,3.0,2,0,1.193039,0,0.011519,0.0,2,0,32.05566744362331,Overweight Level I,2671.44453,3.12,Low Carb Diet,Cardio + Walking
0,18.011903,1.65,84.210535,1,1,2.85916,3.0,2,0,1.0,0,1.020525,0.786066,3,3,30.93132598714417,Overweight Level I,2526.31605,2.95,Low Carb Diet,Cardio + Walking
0,18.0,1.649439,84.897738,1,1,2.0,3.0,2,0,1.039313,0,1.0,0.0,3,3,31.20495791284793,Overweight Level I,2546.93214,2.97,Low Carb Diet,Cardio + Walking
1,21.077356,1.702002,97.971598,1,1,2.0,1.66338,2,0,2.0,0,0.0,1.865851,3,3,33.82050278509756,Overweight Level I,2939.14794,3.43,Low Carb Diet,Cardio + Walking
1,21.052016,1.69382,99.530971,1,1,2.0,1.672751,2,0,2.0,0,0.0,1.946173,3,3,34.69155188044493,Overweight Level I,2985.92913,3.48,Low Carb Diet,Cardio + Walking
0,18.078256,1.622999,82.403076,1,1,2.340405,3.0,2,0,1.655245,0,1.006884,0.548539,3,3,31.282893717142066,Overweight Level I,2472.09228,2.88,Low Carb Diet,Cardio + Walking
0,18.063582,1.633675,82.459577,1,1,2.921576,3.0,2,0,1.003636,0,1.000227,0.905596,3,3,30.896534978986423,Overweight Level I,2473.7873099999997,2.89,Low Carb Diet,Cardio + Walking
1,20.418832,1.836669,105.257543,1,1,2.0,3.0,2,0,2.793505,0,2.21939,0.202902,3,3,31.202646895968375,Overweight Level I,3157.72629,3.68,Low Carb Diet,Cardio + Walking
1,20.580984,1.798354,103.705418,1,1,2.0,3.0,2,0,2.401315,0,2.891986,0.0,3,3,32.06646424764234,Overweight Level I,3111.16254,3.63,Low Carb Diet,Cardio + Walking
1,26.032416,1.824432,105.131956,1,1,3.0,3.0,2,0,2.110611,0,1.890907,1.58483,2,3,31.58489100573893,Overweight Level I,3153.95868,3.68,Low Carb Diet,Cardio + Walking
1,25.955361,1.830384,105.479313,1,1,3.0,3.0,2,0,2.480277,0,1.796779,1.596562,2,3,31.483490161294213,Overweight Level I,3164.37939,3.69,Low Carb Diet,Cardio + Walking
1,26.015448,1.829907,105.436173,1,1,3.0,3.0,2,0,2.224914,0,1.781589,1.59405,2,3,31.487022688181597,Overweight Level I,3163.08519,3.69,Low Carb Diet,Cardio + Walking
1,25.920738,1.823755,105.800158,1,1,2.92711,3.0,2,0,2.151496,0,1.166064,1.509831,2,3,31.809242362765577,Overweight Level I,3174.00474,3.7,Low Carb Diet,Cardio + Walking
1,29.633715,1.834842,105.19936,1,1,2.805533,3.0,2,0,1.882847,0,2.0,0.70778,2,0,31.247534220353423,Overweight Level I,3155.9808,3.68,Low Carb Diet,Cardio + Walking
1,32.895637,1.783901,103.771371,1,1,2.902469,1.734762,2,0,2.600238,0,2.113992,0.584755,2,0,32.60889307073005,Overweight Level I,3113.14113,3.63,Low Carb Diet,Cardio + Walking
1,38.748307,1.782067,103.586342,1,1,2.845961,1.92822,2,0,2.642273,0,2.999918,1.0,1,0,32.617783118119576,Overweight Level I,3107.59026,3.63,Low Carb Diet,Cardio + Walking
1,39.685846,1.781032,96.303855,1,1,2.252698,2.475228,2,0,2.923856,0,2.165429,0.616045,1,0,30.35989232747326,Overweight Level I,2889.1156499999997,3.37,Low Carb Diet,Cardio + Walking
0,33.226808,1.557943,77.647716,1,1,2.02091,2.093831,2,0,1.506518,0,0.0,0.0,2,0,31.990833617043908,Overweight Level I,2329.43148,2.72,Low Carb Diet,Cardio + Walking
0,26.220065,1.560258,78.435904,1,1,2.108163,1.231915,2,0,1.808127,0,0.0,0.0,2,0,32.219742871097765,Overweight Level I,2353.07712,2.75,Low Carb Diet,Cardio + Walking
0,23.090215,1.596586,80.726195,1,1,1.518966,1.0,2,0,2.0,0,0.0,1.094046,3,3,31.66867179480991,Overweight Level I,2421.78585,2.83,Low Carb Diet,Cardio + Walking
0,24.565628,1.62093,81.718232,1,1,2.260543,1.374791,2,0,1.947935,0,0.0,0.078607,3,3,31.102152147118925,Overweight Level I,2451.54696,2.86,Low Carb Diet,Cardio + Walking
0,42.586285,1.571417,81.918809,1,1,2.522183,1.326982,2,0,1.872673,0,1.048507,0.0,3,0,33.174221134251276,Overweight Level I,2457.56427,2.87,Low Carb Diet,Cardio + Walking
0,43.719395,1.584322,80.986496,1,1,2.186322,2.900915,2,0,2.471033,0,0.256113,0.0,3,0,32.2645567533749,Overweight Level I,2429.59488,2.83,Low Carb Diet,Cardio + Walking
0,43.37634,1.582523,81.919454,1,1,2.76632,1.317884,2,0,1.889341,0,0.990642,0.0,3,0,32.71048531820636,Overweight Level I,2457.58362,2.87,Low Carb Diet,Cardio + Walking
0,39.648946,1.572791,80.086524,1,1,2.071622,2.977909,2,0,1.468297,0,0.0,0.0,3,0,32.37556928600289,Overweight Level I,2402.59572,2.8,Low Carb Diet,Cardio + Walking
0,22.693989,1.627908,82.0,1,1,1.918251,1.355752,2,0,1.998108,0,0.0,1.382906,2,3,30.942410080549802,Overweight Level I,2460.0,2.87,Low Carb Diet,Cardio + Walking
0,22.676243,1.620938,82.283185,1,1,1.967061,1.0,2,0,2.548651,0,0.249264,1.516731,2,3,31.31686546786432,Overweight Level I,2468.49555,2.88,Low Carb Diet,Cardio + Walking
0,22.804818,1.613119,82.636162,1,1,2.964419,1.0,2,0,2.977516,0,0.742113,2.0,2,3,31.756843243466747,Overweight Level I,2479.08486,2.89,Low Carb Diet,Cardio + Walking
0,22.857123,1.62686,82.410189,1,1,2.640801,1.015488,2,0,2.022355,0,0.244749,0.289218,2,3,31.13727109065238,Overweight Level I,2472.30567,2.88,Low Carb Diet,Cardio + Walking
1,23.096353,1.728183,97.959899,1,1,2.0,2.986172,2,0,2.364208,0,2.492402,1.632506,3,3,32.79962446037308,Overweight Level I,2938.79697,3.43,Low Carb Diet,Cardio + Walking
1,22.815416,1.732694,98.44113,1,1,2.0,2.993623,2,0,2.326635,0,2.236586,1.529423,3,3,32.7893530014501,Overweight Level I,2953.2339,3.45,Low Carb Diet,Cardio + Walking
0,21.02064,1.65,88.129437,1,1,2.870152,1.001383,2,0,3.0,0,1.322558,1.0,3,3,32.37077575757576,Overweight Level I,2643.8831099999998,3.08,Low Carb Diet,Cardio + Walking
0,21.001458,1.65,88.026943,1,1,2.482575,1.001542,2,0,3.0,0,1.751656,1.0,3,3,32.33312874196511,Overweight Level I,2640.80829,3.08,Low Carb Diet,Cardio + Walking
0,22.87795,1.66913,86.002736,1,1,2.290095,2.590283,2,0,2.506296,0,0.312254,1.0,3,3,30.869666790673577,Overweight Level I,2580.08208,3.01,Low Carb Diet,Cardio + Walking
0,22.847618,1.669136,85.568385,1,1,2.074843,1.773916,2,0,2.428271,0,0.035091,1.0,3,3,30.713540815378117,Overweight Level I,2567.05155,2.99,Low Carb Diet,Cardio + Walking
0,23.0,1.611058,84.191125,1,1,2.14128,2.989112,2,0,2.519841,0,2.11137,0.013483,3,3,32.437245006796154,Overweight Level I,2525.73375,2.95,Low Carb Diet,Cardio + Walking
0,23.0,1.649736,84.134712,1,1,2.334474,1.496776,2,0,2.776724,0,0.782416,0.167728,3,3,30.91336696814127,Overweight Level I,2524.0413599999997,2.94,Low Carb Diet,Cardio + Walking
0,39.129291,1.532643,77.550345,1,1,2.0,3.0,2,0,1.186996,0,0.0,0.0,2,0,33.014271782777236,Overweight Level I,2326.5103499999996,2.71,Low Carb Diet,Cardio + Walking
0,37.441044,1.524293,76.202761,1,1,2.0,2.994046,2,0,1.603549,0,1.335857,0.0,2,0,32.796975593565485,Overweight Level I,2286.08283,2.67,Low Carb Diet,Cardio + Walking
1,22.969366,1.701634,95.0,1,1,2.0,3.0,2,0,2.133469,0,1.030199,1.082838,3,3,32.808871776372015,Overweight Level I,2850.0,3.32,Low Carb Diet,Cardio + Walking
1,22.735328,1.723921,94.743892,1,1,2.0,3.0,2,0,2.183149,0,1.932386,0.212767,3,3,31.879867013855637,Overweight Level I,2842.31676,3.32,Low Carb Diet,Cardio + Walking
1,23.32471,1.769484,96.078462,1,1,2.0,3.0,2,0,3.0,0,3.0,2.0,3,3,30.685468777968786,Overweight Level I,2882.35386,3.36,Low Carb Diet,Cardio + Walking
1,23.668137,1.777416,97.842406,1,1,2.0,3.0,2,0,3.0,0,3.0,2.0,3,3,30.970552505747072,Overweight Level I,2935.27218,3.42,Low Carb Diet,Cardio + Walking
0,21.895468,1.64456,88.119139,1,1,2.693859,1.000283,2,0,3.0,0,1.201403,1.612432,3,3,32.581479343954285,Overweight Level I,2643.5741700000003,3.08,Low Carb Diet,Cardio + Walking
0,21.3928,1.641149,88.079177,1,1,2.607747,1.000414,2,0,3.0,0,1.269169,1.460564,3,3,32.70221903612875,Overweight Level I,2642.37531,3.08,Low Carb Diet,Cardio + Walking
0,18.178076,1.642892,82.144405,1,1,2.66889,3.0,2,0,1.172593,0,0.886448,1.252677,3,3,30.434064629242936,Overweight Level I,2464.33215,2.88,Low Carb Diet,Cardio + Walking
0,18.907514,1.65,82.01831,1,1,3.0,3.0,2,0,1.0,0,0.215187,1.195929,3,3,30.126101010101014,Overweight Level I,2460.5493,2.87,Low Carb Diet,Cardio + Walking
1,26.011928,1.777251,106.452367,1,1,3.0,3.0,2,0,1.911379,0,1.911096,1.032392,2,3,33.7021640319662,Overweight Level I,3193.5710099999997,3.73,Low Carb Diet,Cardio + Walking
1,25.696736,1.814696,107.55963,1,1,2.921225,3.0,2,0,2.869439,0,0.181753,0.133523,2,3,32.66190683664583,Overweight Level I,3226.7889,3.76,Low Carb Diet,Cardio + Walking
0,40.466313,1.559005,77.601483,1,1,2.0,3.0,2,0,1.572371,0,0.0,0.0,2,0,31.928241873896972,Overweight Level I,2328.04449,2.72,Low Carb Diet,Cardio + Walking
0,38.445148,1.556028,77.684229,1,1,2.0,3.0,2,0,1.440629,0,0.0,0.0,2,0,32.08470455275114,Overweight Level I,2330.52687,2.72,Low Carb Diet,Cardio + Walking
1,24.473062,1.653751,91.204753,1,1,1.492834,3.0,2,0,1.005367,0,0.922739,0.733221,3,0,33.34857122730817,Overweight Level I,2736.14259,3.19,Low Carb Diet,Cardio + Walking
1,23.479181,1.680171,91.068054,1,1,1.220024,3.0,2,0,1.046254,0,0.520989,0.61599,3,0,32.259608126506386,Overweight Level I,2732.04162,3.19,Low Carb Diet,Cardio + Walking
0,38.397463,1.552648,80.0,1,1,2.667676,1.135278,2,0,1.399629,0,1.648883,0.0,2,0,33.185164176118896,Overweight Level I,2400.0,2.8,Low Carb Diet,Cardio + Walking
0,37.974483,1.560215,80.0,1,1,2.569075,2.463113,2,0,1.567366,0,0.359134,0.0,2,0,32.86405049136656,Overweight Level I,2400.0,2.8,Low Carb Diet,Cardio + Walking
1,31.783524,1.672959,90.0,1,1,2.949242,1.782109,2,0,2.210997,0,1.992719,0.0,2,0,32.15673259288178,Overweight Level I,2700.0,3.15,Low Carb Diet,Cardio + Walking
1,29.681308,1.680058,89.994351,1,1,2.104772,2.376374,2,0,2.218691,0,1.52184,0.0,2,0,31.883552092585003,Overweight Level I,2699.8305299999997,3.15,Low Carb Diet,Cardio + Walking
1,21.587743,1.664752,94.256547,1,1,2.0,2.976098,2,0,2.0,0,0.0,1.39322,3,3,34.01045445515001,Overweight Level I,2827.69641,3.3,Low Carb Diet,Cardio + Walking
1,21.746113,1.668553,94.454394,1,1,2.0,2.968098,2,0,2.0,0,0.0,1.292476,3,3,33.92674180806275,Overweight Level I,2833.6318199999996,3.31,Low Carb Diet,Cardio + Walking
1,39.569004,1.785286,100.431625,1,1,2.871768,1.792695,2,0,2.691322,0,2.545707,0.903903,1,0,31.51047073001586,Overweight Level I,3012.94875,3.52,Low Carb Diet,Cardio + Walking
1,36.67933,1.780725,98.790167,1,1,2.540949,1.116401,2,0,2.929123,0,2.787319,0.732881,1,0,31.154444200216044,Overweight Level I,2963.7050099999997,3.46,Low Carb Diet,Cardio + Walking
1,22.927011,1.751046,95.285898,1,1,2.0,3.0,2,0,2.530301,0,2.89118,1.287117,3,3,31.076601652226646,Overweight Level I,2858.57694,3.34,Low Carb Diet,Cardio + Walking
1,23.329344,1.751365,95.290429,1,1,2.0,3.0,2,0,3.0,0,3.0,2.0,3,3,31.06675907727221,Overweight Level I,2858.7128700000003,3.34,Low Carb Diet,Cardio + Walking
1,22.126325,1.717262,98.579156,1,1,2.0,2.984523,2,0,2.263551,0,2.819661,2.0,3,3,33.428121795765115,Overweight Level I,2957.37468,3.45,Low Carb Diet,Cardio + Walking
1,21.679158,1.741393,98.182498,1,1,2.0,2.978103,2,0,2.668261,0,2.462269,1.402414,3,3,32.37728951307497,Overweight Level I,2945.47494,3.44,Low Carb Diet,Cardio + Walking
1,36.673882,1.7921,101.285765,1,1,2.222282,1.578751,2,0,2.791604,0,2.352091,0.317846,2,0,31.53725814237297,Overweight Level I,3038.5729499999998,3.55,Low Carb Diet,Cardio + Walking
1,37.936044,1.785957,99.199287,1,1,2.04516,1.874532,2,0,2.856521,0,2.005286,0.105408,2,0,31.100441484629595,Overweight Level I,2975.97861,3.47,Low Carb Diet,Cardio + Walking
0,22.226815,1.609068,83.785312,1,1,2.094184,2.735706,2,0,2.257922,0,2.230547,0.195339,3,3,32.36078851564733,Overweight Level I,2513.55936,2.93,Low Carb Diet,Cardio + Walking
0,22.538932,1.603963,82.012637,1,1,1.123672,1.014916,2,0,2.042078,0,1.846666,1.426103,3,3,31.87807474623875,Overweight Level I,2460.37911,2.87,Low Carb Diet,Cardio + Walking
0,22.307413,1.605495,82.528575,1,1,2.049112,2.622055,2,0,2.280555,0,2.052896,0.896185,3,3,32.01742726249984,Overweight Level I,2475.85725,2.89,Low Carb Diet,Cardio + Walking
0,22.362877,1.607182,82.368441,1,1,1.880534,2.806566,2,0,2.313245,0,2.146778,0.196084,3,3,31.88825296218426,Overweight Level I,2471.05323,2.88,Low Carb Diet,Cardio + Walking
0,22.89974,1.661715,82.595793,1,1,1.203754,1.355354,2,0,2.765593,0,0.128342,1.659476,2,3,29.911958308167144,Overweight Level I,2477.87379,2.89,Low Carb Diet,Cardio + Walking
0,22.997168,1.655742,82.46376,1,1,2.73691,1.478334,2,0,2.677409,0,0.065264,0.40699,2,3,30.079997941782576,Overweight Level I,2473.9127999999996,2.89,Low Carb Diet,Cardio + Walking
0,38.895069,1.549257,80.0,1,1,2.736628,1.130751,2,0,1.385175,0,1.666965,0.0,2,0,33.330593946687344,Overweight Level I,2400.0,2.8,Low Carb Diet,Cardio + Walking
0,40.789529,1.549748,80.0,1,1,2.0,1.099151,2,0,1.687611,0,1.874662,0.0,2,0,33.30947731462774,Overweight Level I,2400.0,2.8,Low Carb Diet,Cardio + Walking
0,40.654155,1.52906,79.760922,1,1,2.0,3.0,2,0,1.0,0,0.0,0.0,2,0,34.114664991526176,Overweight Level I,2392.82766,2.79,Low Carb Diet,Cardio + Walking
0,38.542937,1.517248,79.843221,1,1,2.0,3.0,2,0,1.095134,0,0.0,0.0,2,0,34.68365849412578,Overweight Level I,2395.29663,2.79,Low Carb Diet,Cardio + Walking
1,25.95383,1.65731,90.0,1,1,2.0,3.0,2,0,3.0,0,0.413643,0.920858,2,0,32.76687374497988,Overweight Level I,2700.0,3.15,Low Carb Diet,Cardio + Walking
1,26.826961,1.673287,90.0,1,1,2.0,3.0,2,0,3.0,0,0.884935,0.12228,2,0,32.14412701531884,Overweight Level I,2700.0,3.15,Low Carb Diet,Cardio + Walking
0,23.803904,1.581527,78.089575,1,1,2.0,1.0,2,0,2.0,0,0.057758,0.0,3,3,31.220498840247412,Overweight Level I,2342.68725,2.73,Low Carb Diet,Cardio + Walking
0,23.652435,1.562724,80.535698,1,1,2.0,1.0,2,0,2.0,0,0.389717,0.0,3,3,32.97796578068525,Overweight Level I,2416.07094,2.82,Low Carb Diet,Cardio + Walking
1,20.677105,1.781251,102.950929,1,1,2.0,3.0,2,0,1.618189,0,0.571648,0.0,3,3,32.44740933450832,Overweight Level I,3088.52787,3.6,Low Carb Diet,Cardio + Walking
1,21.797388,1.775584,103.605896,1,1,2.121909,3.0,2,0,2.500556,0,1.20758,0.0,3,3,32.86260790582822,Overweight Level I,3108.17688,3.63,Low Carb Diet,Cardio + Walking
1,22.719385,1.746645,96.875502,1,1,2.0,3.0,2,0,2.714091,0,2.64102,1.224737,3,3,31.754455924815474,Overweight Level I,2906.2650599999997,3.39,Low Carb Diet,Cardio + Walking
1,22.177099,1.741353,96.738014,1,1,2.0,3.0,2,0,2.697661,0,2.614909,1.229474,3,3,31.90241280308411,Overweight Level I,2902.14042,3.39,Low Carb Diet,Cardio + Walking
0,23.099906,1.571812,78.997166,1,1,2.0,1.0,2,0,2.0,0,0.402614,0.0,3,3,31.974982189326592,Overweight Level I,2369.91498,2.76,Low Carb Diet,Cardio + Walking
0,24.17851,1.589027,80.553067,1,1,2.0,1.0,2,0,2.0,0,0.011477,0.0,3,3,31.902118752840842,Overweight Level I,2416.59201,2.82,Low Carb Diet,Cardio + Walking
1,20.924808,1.803245,105.686091,1,1,2.0,3.0,2,0,2.290368,0,0.001086,0.544128,2,3,32.50187095616554,Overweight Level I,3170.58273,3.7,Low Carb Diet,Cardio + Walking
1,20.975973,1.792646,105.619143,1,1,2.0,3.0,2,0,1.025275,0,0.00203,0.175587,2,3,32.86650821639116,Overweight Level I,3168.57429,3.7,Low Carb Diet,Cardio + Walking
1,21.856301,1.87199,115.627554,1,1,2.0,2.358455,2,0,2.515765,0,0.98232,1.157466,2,3,32.99546777608104,Overweight Level I,3468.8266200000003,4.05,Low Carb Diet,Cardio + Walking
1,18.140751,1.859056,111.235188,1,1,2.0,1.706551,2,0,2.039514,0,1.0,2.0,2,3,32.18527682722562,Overweight Level I,3337.0556399999996,3.89,Low Carb Diet,Cardio + Walking
0,18.0,1.692242,90.019501,1,1,2.642744,3.0,2,0,1.904054,0,1.645654,0.363549,2,3,31.43486950977427,Overweight Level I,2700.58503,3.15,Low Carb Diet,Cardio + Walking
0,18.0,1.683,90.924208,1,1,2.387426,3.0,2,0,1.77962,0,0.743005,0.920162,2,3,32.10046287911444,Overweight Level I,2727.72624,3.18,Low Carb Diet,Cardio + Walking
0,20.206358,1.738397,93.890682,1,1,1.996638,3.0,2,0,1.033199,0,0.584793,0.518297,2,3,31.068806195186767,Overweight Level I,2816.72046,3.29,Low Carb Diet,Cardio + Walking
0,18.152876,1.694969,92.508122,1,1,2.107854,3.0,2,0,1.383894,0,1.030526,0.831412,2,3,32.20003510959544,Overweight Level I,2775.24366,3.24,Low Carb Diet,Cardio + Walking
1,22.336216,1.785718,105.055686,1,1,2.253707,3.0,2,0,2.524432,0,0.58216,0.175694,2,3,32.94532607690098,Overweight Level I,3151.67058,3.68,Low Carb Diet,Cardio + Walking
1,23.0,1.7425,105.028665,1,1,2.393837,3.0,2,0,2.01499,0,0.978815,0.41322,2,3,34.590932650486096,Overweight Level I,3150.85995,3.68,Low Carb Diet,Cardio + Walking
1,22.088059,1.803132,106.329569,1,1,2.348745,3.0,2,0,2.096751,0,0.544564,0.67688,2,3,32.703859763693075,Overweight Level I,3189.88707,3.72,Low Carb Diet,Cardio + Walking
1,23.0,1.774644,105.966894,1,1,2.312825,3.0,2,0,2.073497,0,0.614466,0.579541,2,3,33.64710587521697,Overweight Level I,3179.00682,3.71,Low Carb Diet,Cardio + Walking
1,20.993067,1.782269,104.97003,1,1,2.0,3.0,2,0,1.234943,0,0.008368,0.0,2,3,33.04599363315372,Overweight Level I,3149.1009,3.67,Low Carb Diet,Cardio + Walking
1,20.654752,1.780791,102.921218,1,1,2.0,3.0,2,0,1.613829,0,1.251665,0.0,2,3,32.45480566187764,Overweight Level I,3087.63654,3.6,Low Carb Diet,Cardio + Walking
1,21.624552,1.790151,106.320686,1,1,2.490776,3.0,2,0,2.654517,0,0.112454,0.756339,2,3,33.17710132832709,Overweight Level I,3189.62058,3.72,Low Carb Diet,Cardio + Walking
1,21.682636,1.818641,105.496975,1,1,2.078082,3.0,2,0,2.895614,0,0.06275,0.261793,2,3,31.896721868863196,Overweight Level I,3164.90925,3.69,Low Carb Diet,Cardio + Walking
1,18.0,1.806827,108.829395,1,1,2.0,1.24884,2,0,2.416213,0,1.0,1.546738,3,3,33.33596806335821,Overweight Level I,3264.88185,3.81,Low Carb Diet,Cardio + Walking
1,18.0,1.811189,108.800964,1,1,2.0,1.250548,2,0,2.121176,0,1.0,0.741069,3,3,33.16692429992654,Overweight Level I,3264.0289199999997,3.81,Low Carb Diet,Cardio + Walking
1,18.0,1.811738,108.897324,1,1,2.0,1.202179,2,0,2.36293,0,1.0,1.47574,3,3,33.17618321762965,Overweight Level I,3266.91972,3.81,Low Carb Diet,Cardio + Walking
1,18.0,1.799779,108.934574,1,1,2.0,1.194815,2,0,2.434832,0,1.0,1.541455,3,3,33.63003963487924,Overweight Level I,3268.03722,3.81,Low Carb Diet,Cardio + Walking
0,19.374207,1.632605,82.0,1,1,2.805512,2.880817,2,0,1.001307,0,0.0,1.376597,2,3,30.76462374056313,Overweight Level I,2460.0,2.87,Low Carb Diet,Cardio + Walking
0,19.275687,1.623377,82.851318,1,1,1.276858,2.918124,2,0,1.403784,0,0.552511,1.560402,2,3,31.438415135581682,Overweight Level I,2485.53954,2.9,Low Carb Diet,Cardio + Walking
0,22.956845,1.618686,81.281578,1,1,2.396265,1.073421,2,0,1.979833,0,0.022598,0.061282,3,3,31.02179369818396,Overweight Level I,2438.4473399999997,2.84,Low Carb Diet,Cardio + Walking
0,22.829681,1.616085,82.582954,1,1,2.663866,1.416309,2,0,2.379275,0,0.256323,0.598244,3,3,31.620010875985493,Overweight Level I,2477.48862,2.89,Low Carb Diet,Cardio + Walking
1,22.200779,1.769328,105.000576,1,1,2.685484,3.0,2,0,2.649459,0,1.0,0.0,2,3,33.54092076959277,Overweight Level I,3150.01728,3.68,Low Carb Diet,Cardio + Walking
1,21.688557,1.807029,105.696358,1,1,2.055209,3.0,2,0,2.885852,0,0.903369,0.14451,2,3,32.369036941284406,Overweight Level I,3170.8907400000003,3.7,Low Carb Diet,Cardio + Walking
1,20.803186,1.882533,117.468516,1,1,2.0,2.18162,2,0,2.325091,0,0.891444,1.223661,2,3,33.14639384988942,Overweight Level I,3524.05548,4.11,Low Carb Diet,Cardio + Walking
1,19.515324,1.879144,112.932984,1,1,2.0,2.152733,2,0,2.53369,0,0.917563,1.285838,2,3,31.98163631203945,Overweight Level I,3387.98952,3.95,Low Carb Diet,Cardio + Walking
1,21.962219,1.931263,118.20313,1,1,2.0,3.0,2,0,3.0,0,0.743593,1.0,2,3,31.691743802722378,Overweight Level I,3546.0939,4.14,Low Carb Diet,Cardio + Walking
1,20.534089,1.861358,115.39792,1,1,2.0,3.0,2,0,3.0,0,0.987591,1.914531,2,3,33.30720273487335,Overweight Level I,3461.9376,4.04,Low Carb Diet,Cardio + Walking
0,39.29266,1.567131,80.0,1,1,2.025479,1.046144,2,0,1.941224,0,1.983265,0.0,2,0,32.57462191834695,Overweight Level I,2400.0,2.8,Low Carb Diet,Cardio + Walking
0,37.872971,1.565366,80.0,1,1,2.002564,1.974233,2,0,1.935398,0,1.649299,0.0,2,0,32.648121177894765,Overweight Level I,2400.0,2.8,Low Carb Diet,Cardio + Walking
0,37.613378,1.516007,77.033049,1,1,2.0,2.880794,2,0,1.61837,0,0.120165,0.0,2,0,33.517735891010865,Overweight Level I,2310.99147,2.7,Low Carb Diet,Cardio + Walking
0,37.471683,1.549812,76.082517,1,1,2.0,2.765213,2,0,1.551266,0,1.350001,0.0,2,0,31.675744642843007,Overweight Level I,2282.4755099999998,2.66,Low Carb Diet,Cardio + Walking
1,18.611197,1.714143,96.568814,1,1,2.0,2.967089,2,0,2.0,0,0.0,0.467048,3,3,32.86569334071905,Overweight Level I,2897.06442,3.38,Low Carb Diet,Cardio + Walking
1,17.412629,1.723191,97.350366,1,1,2.0,3.0,2,0,2.0,0,0.0,0.931721,3,3,32.78466522081322,Overweight Level I,2920.51098,3.41,Low Carb Diet,Cardio + Walking
0,39.12631,1.562889,76.65949,1,1,2.0,3.0,2,0,1.440526,0,0.0,0.0,2,0,31.38409838851003,Overweight Level I,2299.7847,2.68,Low Carb Diet,Cardio + Walking
0,37.063599,1.502609,75.279605,1,1,2.0,3.0,2,0,1.759803,0,0.0,0.0,2,0,33.34151732983048,Overweight Level I,2258.38815,2.63,Low Carb Diet,Cardio + Walking
0,41.318302,1.544937,77.053948,1,1,2.0,3.0,2,0,2.090413,0,0.0,0.0,2,0,32.282959916915814,Overweight Level I,2311.61844,2.7,Low Carb Diet,Cardio + Walking
0,43.726081,1.592316,77.00103,1,1,2.0,3.0,2,0,2.806922,0,0.0,0.0,2,0,30.36952619995851,Overweight Level I,2310.0309,2.7,Low Carb Diet,Cardio + Walking
1,18.0,1.787733,108.019211,1,1,2.0,2.37985,2,0,2.616138,0,1.0,0.652485,3,3,33.79836462531271,Overweight Level I,3240.57633,3.78,Low Carb Diet,Cardio + Walking
1,18.0,1.782722,108.044313,1,1,2.0,2.655265,2,0,2.297896,0,1.0,0.552665,3,3,33.9965357277863,Overweight Level I,3241.32939,3.78,Low Carb Diet,Cardio + Walking
1,18.0,1.797523,108.316462,1,1,2.0,1.941307,2,0,2.708168,0,1.0,1.425852,3,3,33.52320662206292,Overweight Level I,3249.49386,3.79,Low Carb Diet,Cardio + Walking
1,18.0,1.803527,108.251044,1,1,2.0,1.709546,2,0,2.530157,0,1.0,0.6454,3,3,33.28026660535827,Overweight Level I,3247.5313199999996,3.79,Low Carb Diet,Cardio + Walking
1,29.409825,1.801224,108.15619,1,1,2.385502,2.883984,2,0,2.140544,0,1.144876,1.767468,2,0,33.33618749381211,Overweight Level I,3244.6857,3.79,Low Carb Diet,Cardio + Walking
1,28.421533,1.829239,107.10819,1,1,2.465575,2.935381,2,0,2.480555,0,1.00183,1.670313,2,0,32.009712692190334,Overweight Level I,3213.2457,3.75,Low Carb Diet,Cardio + Walking
0,18.0,1.692913,89.93889,1,1,2.818502,3.0,2,0,1.991251,0,1.492967,0.0,3,3,31.3818284050849,Overweight Level I,2698.1667,3.15,Low Carb Diet,Cardio + Walking
0,18.0,1.668555,85.607466,1,1,2.081238,3.0,2,0,1.18363,0,1.17177,0.0,3,3,30.748971119327617,Overweight Level I,2568.22398,3.0,Low Carb Diet,Cardio + Walking
1,23.246702,1.652971,93.310284,1,1,1.368978,3.0,2,0,1.953152,0,0.104707,0.22183,3,0,34.15065538549087,Overweight Level I,2799.30852,3.27,Low Carb Diet,Cardio + Walking
1,24.481032,1.661277,90.744965,1,1,1.712848,3.0,2,0,1.162153,0,0.458981,0.885532,3,0,32.88050148479377,Overweight Level I,2722.3489499999996,3.18,Low Carb Diet,Cardio + Walking
1,29.0,1.641784,89.424947,1,1,1.3307,3.0,2,0,1.880967,0,0.322013,0.0,2,0,33.17620099936535,Overweight Level I,2682.74841,3.13,Low Carb Diet,Cardio + Walking
1,27.968765,1.673767,89.995034,1,1,1.961069,3.0,2,0,2.652327,0,0.56931,0.319008,2,0,32.12392056045549,Overweight Level I,2699.85102,3.15,Low Carb Diet,Cardio + Walking
0,18.024744,1.617192,83.121811,1,1,2.976509,3.0,2,0,1.022705,0,1.02569,0.313016,3,3,31.782776082651626,Overweight Level I,2493.65433,2.91,Low Carb Diet,Cardio + Walking
0,18.10682,1.602129,82.412665,1,1,2.319648,3.0,2,0,1.107164,0,0.692123,0.30402,3,3,32.10694580872476,Overweight Level I,2472.37995,2.88,Low Carb Diet,Cardio + Walking
1,21.379676,1.701413,96.710735,1,1,2.0,2.961192,2,0,2.623344,0,0.981686,1.35537,3,3,33.40836257523011,Overweight Level I,2901.3220499999998,3.38,Low Carb Diet,Cardio + Walking
1,21.353237,1.709731,95.032177,1,1,2.0,2.973476,2,0,2.0,0,0.0,1.331527,3,3,32.509860493488866,Overweight Level I,2850.96531,3.33,Low Carb Diet,Cardio + Walking
1,20.338815,1.698829,98.572753,1,1,2.0,2.392811,2,0,2.0,0,0.0,1.80931,3,3,34.1552567141846,Overweight Level I,2957.1825900000003,3.45,Low Carb Diet,Cardio + Walking
1,20.720639,1.705304,99.873716,1,1,2.0,1.293342,2,0,2.0,0,0.0,1.917679,3,3,34.34373998554203,Overweight Level I,2996.21148,3.5,Low Carb Diet,Cardio + Walking
0,19.045357,1.61291,82.193405,1,1,1.261288,2.930044,2,0,1.166655,0,0.133398,0.95174,3,3,31.594879484454992,Overweight Level I,2465.80215,2.88,Low Carb Diet,Cardio + Walking
0,18.945961,1.605469,82.039,1,1,2.76533,3.0,2,0,1.048584,0,0.192559,0.720411,3,3,31.82852475159891,Overweight Level I,2461.17,2.87,Low Carb Diet,Cardio + Walking
1,18.88061,1.80416,104.40682,1,1,2.0,3.0,2,0,3.0,0,2.2405,0.0,3,3,32.07589392591837,Overweight Level I,3132.2046,3.65,Low Carb Diet,Cardio + Walking
1,19.850524,1.785062,104.187314,1,1,2.0,3.0,2,0,2.15157,0,1.605983,0.0,3,3,32.697024445832234,Overweight Level I,3125.61942,3.65,Low Carb Diet,Cardio + Walking
1,30.200946,1.755926,112.289883,1,1,2.317734,3.0,2,0,2.152736,0,0.0,1.108145,3,0,36.41901624169865,Overweight Level II,3368.6964900000003,3.93,Low Fat Diet,Cardio + Walking
1,25.314589,1.787802,115.127662,1,1,1.588114,3.0,2,0,2.115967,0,1.541072,0.0,3,0,36.01976271990862,Overweight Level II,3453.82986,4.03,Low Fat Diet,Cardio + Walking
1,37.186795,1.704877,107.94747,1,1,2.549782,3.985442,2,0,1.0,0,1.976582,0.0,3,3,37.13867149787683,Overweight Level II,3238.4240999999997,3.78,Low Fat Diet,Cardio + Walking
1,32.707653,1.695347,102.810704,1,1,2.795086,2.129909,2,0,1.0,0,1.989316,0.0,3,3,35.770180265329,Overweight Level II,3084.32112,3.6,Low Fat Diet,Cardio + Walking
1,27.562425,1.908608,128.828122,1,1,2.206276,3.0,2,0,1.813082,0,1.94984,0.0,2,3,35.3652877579262,Overweight Level II,3864.8436600000005,4.51,Low Fat Diet,Cardio + Walking
1,30.421596,1.819296,122.137917,1,1,2.0,3.0,2,0,1.984323,0,0.793262,0.0,2,3,36.9014795817393,Overweight Level II,3664.13751,4.27,Low Fat Diet,Cardio + Walking
1,26.945139,1.773259,118.154345,1,0,2.18354,3.0,2,0,2.277937,0,0.68183,0.0,2,0,37.5755504618512,Overweight Level II,3544.6303500000004,4.14,Low Fat Diet,Cardio + Walking
1,34.139453,1.774647,120.151967,1,0,2.962415,3.0,2,0,2.172649,0,1.097905,0.0,2,0,38.15108788948853,Overweight Level II,3604.55901,4.21,Low Fat Diet,Cardio + Walking
1,26.225442,1.773664,116.160329,1,1,2.442536,3.0,2,0,2.174371,0,0.0,1.928972,2,3,36.92454316742395,Overweight Level II,3484.80987,4.07,Low Fat Diet,Cardio + Walking
1,28.363149,1.793476,112.725005,1,1,1.99124,3.0,2,0,2.0,0,0.0,0.292956,2,3,35.04524693569268,Overweight Level II,3381.75015,3.95,Low Fat Diet,Cardio + Walking
1,27.991467,1.82559,120.860386,1,1,3.0,3.0,2,0,3.0,0,0.691369,1.415536,2,3,36.26414818039963,Overweight Level II,3625.81158,4.23,Low Fat Diet,Cardio + Walking
1,25.498751,1.885543,121.253083,1,1,2.408561,3.0,2,0,2.851904,0,1.320065,0.0,2,3,34.10514559577042,Overweight Level II,3637.59249,4.24,Low Fat Diet,Cardio + Walking
1,30.605225,1.75,120.0,1,1,2.758394,3.0,2,1,2.174248,0,1.079524,1.358163,2,0,39.183673469387756,Overweight Level II,3600.0,4.2,Low Fat Diet,Cardio + Walking
1,31.457413,1.87407,128.867444,1,1,2.956297,3.0,2,1,1.2751,0,0.901924,1.875023,2,0,36.69201797055886,Overweight Level II,3866.0233200000002,4.51,Low Fat Diet,Cardio + Walking
1,24.82929,1.755967,112.256165,1,1,1.369529,3.0,2,0,2.0,0,1.596576,0.0026,2,3,36.40638030955559,Overweight Level II,3367.68495,3.93,Low Fat Diet,Cardio + Walking
1,24.739421,1.757069,117.298233,1,1,1.392665,3.0,2,0,2.0,0,1.097983,0.630866,2,3,37.99389662780581,Overweight Level II,3518.94699,4.11,Low Fat Diet,Cardio + Walking
1,41.0,1.75,116.594351,1,1,2.0,2.831771,2,0,1.725226,0,0.356288,0.0,2,0,38.07162481632653,Overweight Level II,3497.83053,4.08,Low Fat Diet,Cardio + Walking
1,27.83173,1.704028,101.634313,1,1,2.630401,1.0,2,0,1.0,0,0.245354,0.315261,2,0,35.00151982477402,Overweight Level II,3049.02939,3.56,Low Fat Diet,Cardio + Walking
1,23.260061,1.849003,121.414744,1,1,3.0,2.595126,2,0,2.054072,0,0.835271,0.0,2,3,35.51372250401323,Overweight Level II,3642.44232,4.25,Low Fat Diet,Cardio + Walking
1,22.705772,1.841989,122.024954,1,1,3.0,2.52751,2,0,1.645338,0,1.025438,0.0,2,3,35.96454646230526,Overweight Level II,3660.74862,4.27,Low Fat Diet,Cardio + Walking
1,24.041043,1.613491,98.490766,1,1,3.0,2.120936,2,0,1.0,0,1.543386,0.890213,3,3,37.83227175325641,Overweight Level II,2954.72298,3.45,Low Fat Diet,Cardio + Walking
1,20.013906,1.647821,106.509947,1,1,2.869778,1.468948,2,0,1.656082,0,0.0,1.444033,3,3,39.22564576898316,Overweight Level II,3195.29841,3.73,Low Fat Diet,Cardio + Walking
1,30.02019,1.75834,112.010504,1,1,1.868212,3.0,2,0,2.023328,0,0.0,0.613992,2,0,36.22872412478491,Overweight Level II,3360.3151199999998,3.92,Low Fat Diet,Cardio + Walking
1,25.15462,1.758398,112.089022,1,1,1.108663,3.0,2,0,2.0,0,1.230219,0.001716,2,0,36.25172840585258,Overweight Level II,3362.6706599999998,3.92,Low Fat Diet,Cardio + Walking
1,30.870724,1.670774,101.626189,1,1,2.907744,3.990925,2,0,1.0,0,1.99975,0.0,3,3,36.40577017797108,Overweight Level II,3048.7856699999998,3.56,Low Fat Diet,Cardio + Walking
1,28.712995,1.665585,98.66176,1,1,2.95801,2.834253,2,0,1.0,0,1.999886,0.0,3,3,35.56438118702784,Overweight Level II,2959.8528,3.45,Low Fat Diet,Cardio + Walking
1,30.710511,1.914186,129.852531,1,1,2.197261,3.0,2,0,1.11184,0,0.906843,0.976473,2,3,35.43905624245736,Overweight Level II,3895.57593,4.54,Low Fat Diet,Cardio + Walking
1,29.827481,1.899588,124.269251,1,1,2.048962,3.0,2,0,2.822871,0,1.066169,0.0,2,3,34.43854907110489,Overweight Level II,3728.07753,4.35,Low Fat Diet,Cardio + Walking
1,31.86893,1.75,118.102897,1,1,2.139196,3.0,2,0,2.04843,0,0.368026,0.360986,2,0,38.56421126530612,Overweight Level II,3543.08691,4.13,Low Fat Diet,Cardio + Walking
1,36.542885,1.75,119.434645,1,1,2.72989,3.0,2,0,2.030084,0,0.592607,0.754417,2,0,38.99906775510204,Overweight Level II,3583.03935,4.18,Low Fat Diet,Cardio + Walking
1,21.556361,1.773664,116.160329,1,1,2.0,3.0,2,0,2.0,0,1.399183,1.0,2,3,36.92454316742395,Overweight Level II,3484.80987,4.07,Low Fat Diet,Cardio + Walking
1,23.963649,1.792998,116.102615,1,1,1.994679,3.0,2,0,2.0,0,0.966617,0.739006,2,3,36.114565260613354,Overweight Level II,3483.07845,4.06,Low Fat Diet,Cardio + Walking
1,24.145295,1.82559,120.860386,1,1,2.403421,3.0,2,0,2.490613,0,2.0,0.707768,2,3,36.26414818039963,Overweight Level II,3625.81158,4.23,Low Fat Diet,Cardio + Walking
1,25.2984,1.827279,120.996074,1,1,3.0,3.0,2,0,3.0,0,1.110215,0.396352,2,3,36.23777737551195,Overweight Level II,3629.88222,4.23,Low Fat Diet,Cardio + Walking
1,31.755387,1.775416,121.204668,1,1,2.758394,3.0,2,0,2.161303,0,0.428173,0.716327,2,0,38.45201362013382,Overweight Level II,3636.1400399999998,4.24,Low Fat Diet,Cardio + Walking
1,30.62865,1.766975,118.363376,1,1,2.964319,3.0,2,0,2.377257,0,0.614959,1.875023,2,0,37.91024000212994,Overweight Level II,3550.90128,4.14,Low Fat Diet,Cardio + Walking
1,23.454558,1.754218,117.384745,1,1,1.617093,3.0,2,0,2.0,0,1.818052,0.631825,2,3,38.14560742176085,Overweight Level II,3521.5423499999997,4.11,Low Fat Diet,Cardio + Walking
1,23.432227,1.754996,119.087557,1,1,1.631144,3.0,2,0,2.0,0,1.593183,0.86374,2,3,38.664653647654994,Overweight Level II,3572.62671,4.17,Low Fat Diet,Cardio + Walking
1,40.50021,1.748103,108.308112,1,1,2.317459,3.734323,2,0,1.0,0,1.628637,0.0,3,0,35.44271227549053,Overweight Level II,3249.24336,3.79,Low Fat Diet,Cardio + Walking
1,34.576714,1.73325,103.669116,1,1,2.501224,2.049565,2,0,1.0,0,1.746583,0.0,3,0,34.50857115858827,Overweight Level II,3110.07348,3.63,Low Fat Diet,Cardio + Walking
1,22.276969,1.84995,121.786485,1,1,3.0,2.272214,2,0,1.555534,0,0.348839,0.0,2,3,35.58599512640859,Overweight Level II,3653.59455,4.26,Low Fat Diet,Cardio + Walking
1,21.963787,1.849601,122.333425,1,1,3.0,2.218285,2,0,1.340117,0,0.428259,0.0,2,3,35.759301903428316,Overweight Level II,3670.00275,4.28,Low Fat Diet,Cardio + Walking
1,24.001685,1.606066,99.961731,1,1,3.0,1.418833,2,0,1.0,0,1.19102,1.384186,3,3,38.753148402765426,Overweight Level II,2998.85193,3.5,Low Fat Diet,Cardio + Walking
1,20.027764,1.611434,103.175516,1,1,2.983042,1.109956,2,0,1.430444,0,0.0,1.690901,3,3,39.73302259079821,Overweight Level II,3095.26548,3.61,Low Fat Diet,Cardio + Walking
1,28.704462,1.762887,113.90198,1,1,2.323351,3.0,2,0,2.165048,0,0.0,1.493716,2,0,36.65070418155507,Overweight Level II,3417.0593999999996,3.99,Low Fat Diet,Cardio + Walking
1,26.774115,1.755938,112.287678,1,1,1.428289,3.0,2,0,2.117733,0,0.485322,0.696948,2,0,36.417803332984896,Overweight Level II,3368.63034,3.93,Low Fat Diet,Cardio + Walking
1,25.539411,1.787052,115.428276,1,1,1.992889,3.0,2,0,2.141271,0,1.121038,0.0,2,3,36.14413448216006,Overweight Level II,3462.8482799999997,4.04,Low Fat Diet,Cardio + Walking
1,25.300208,1.765258,114.330023,1,1,1.562804,3.0,2,0,2.075493,0,1.553734,0.000436,2,3,36.68967917225204,Overweight Level II,3429.90069,4.0,Low Fat Diet,Cardio + Walking
1,31.194458,1.726279,110.714711,1,1,1.794825,3.914454,2,0,1.972016,0,0.668963,0.0,3,0,37.15209904823956,Overweight Level II,3321.4413299999997,3.88,Low Fat Diet,Cardio + Walking
1,40.794057,1.735851,109.889334,1,1,2.305349,3.169089,2,0,1.02161,0,0.908981,0.0,3,0,36.46957089252192,Overweight Level II,3296.6800200000002,3.85,Low Fat Diet,Cardio + Walking
1,33.55336,1.699793,103.841672,1,1,2.576449,2.419656,2,0,1.0,0,1.982379,0.0,3,3,35.940126339418406,Overweight Level II,3115.25016,3.63,Low Fat Diet,Cardio + Walking
1,30.304203,1.703202,103.0344,1,1,2.754645,2.175432,2,0,1.541733,0,0.358709,1.0739,3,3,35.51811668063408,Overweight Level II,3091.032,3.61,Low Fat Diet,Cardio + Walking
1,30.958051,1.906821,128.856677,1,1,2.633855,3.0,2,0,1.619305,0,1.847802,0.424612,2,3,35.43945830221833,Overweight Level II,3865.7003099999997,4.51,Low Fat Diet,Cardio + Walking
1,29.429687,1.910987,129.935666,1,1,2.200588,3.0,2,0,1.295697,0,1.058378,0.0,2,3,35.58057084209372,Overweight Level II,3898.0699799999998,4.55,Low Fat Diet,Cardio + Walking
1,30.520854,1.784049,120.644178,1,1,2.499108,3.0,2,0,2.040952,0,0.838739,0.489854,2,0,37.90467802939483,Overweight Level II,3619.32534,4.22,Low Fat Diet,Cardio + Walking
1,30.610436,1.783914,120.549592,1,1,2.05687,3.0,2,0,2.358088,0,0.093418,1.759954,2,0,37.88069314898179,Overweight Level II,3616.48776,4.22,Low Fat Diet,Cardio + Walking
1,26.740655,1.863883,120.202596,1,1,2.247795,3.0,2,0,2.816015,0,0.712726,0.0,2,3,34.6000361582605,Overweight Level II,3606.07788,4.21,Low Fat Diet,Cardio + Walking
1,26.680376,1.812259,118.277657,1,1,2.239634,3.0,2,0,2.684264,0,0.979306,0.0,2,3,36.01323893625478,Overweight Level II,3548.32971,4.14,Low Fat Diet,Cardio + Walking
1,37.056193,1.75015,118.206565,1,1,2.09283,3.0,2,0,2.077704,0,0.598655,0.0,2,0,38.59144608081633,Overweight Level II,3546.19695,4.14,Low Fat Diet,Cardio + Walking
1,28.825279,1.815347,120.399758,1,1,2.9673,3.0,2,0,2.530035,0,1.045107,0.947866,2,0,36.53476433649179,Overweight Level II,3611.99274,4.21,Low Fat Diet,Cardio + Walking
1,25.883749,1.767077,114.133149,1,1,2.225731,3.0,2,0,2.154326,0,1.266866,0.390178,2,3,36.551133659279856,Overweight Level II,3423.99447,3.99,Low Fat Diet,Cardio + Walking
1,25.486521,1.762461,115.531622,1,1,2.178308,3.0,2,0,2.165804,0,1.420675,1.875683,2,3,37.19305388936582,Overweight Level II,3465.94866,4.04,Low Fat Diet,Cardio + Walking
1,29.883021,1.779049,112.438508,1,1,2.065752,3.0,2,0,2.078297,0,0.0,0.677354,2,0,35.52542271205946,Overweight Level II,3373.15524,3.94,Low Fat Diet,Cardio + Walking
1,26.957645,1.780731,112.957922,1,1,2.263245,3.0,2,0,2.092509,0,0.0,1.836853,2,0,35.62214408598405,Overweight Level II,3388.73766,3.95,Low Fat Diet,Cardio + Walking
1,26.490926,1.872517,120.898397,1,1,2.443538,3.0,2,0,2.939492,0,1.208142,0.738935,2,3,34.48013869836382,Overweight Level II,3626.95191,4.23,Low Fat Diet,Cardio + Walking
1,27.558801,1.801224,119.050381,1,1,2.744994,3.0,2,0,2.478838,0,0.684487,0.677909,2,3,36.69402391324775,Overweight Level II,3571.51143,4.17,Low Fat Diet,Cardio + Walking
1,22.908879,1.876898,121.277832,1,1,2.630137,2.806298,2,0,1.970508,0,1.304291,0.0,2,3,34.42707151595096,Overweight Level II,3638.33496,4.24,Low Fat Diet,Cardio + Walking
1,24.201622,1.77558,120.589419,1,1,2.113843,3.0,2,0,2.316069,0,1.804157,0.357314,2,3,38.24975992924784,Overweight Level II,3617.6825700000004,4.22,Low Fat Diet,Cardio + Walking
1,31.689773,1.76569,120.082941,1,1,2.821727,3.0,2,0,2.173279,0,1.096556,0.232858,2,0,38.51699534271273,Overweight Level II,3602.48823,4.2,Low Fat Diet,Cardio + Walking
1,30.242597,1.759772,118.382361,1,1,2.312528,3.0,2,0,2.208068,0,1.07672,1.035711,2,0,38.22734980457406,Overweight Level II,3551.47083,4.14,Low Fat Diet,Cardio + Walking
1,31.346845,1.823545,126.460936,1,1,2.938801,3.0,2,1,1.478994,0,0.946763,1.360463,2,3,38.02974575713483,Overweight Level II,3793.82808,4.43,Low Fat Diet,Cardio + Walking
1,30.577343,1.868923,125.064264,1,1,2.050619,3.0,2,1,1.515183,0,0.849811,0.261901,2,3,35.80555535730679,Overweight Level II,3751.9279199999996,4.38,Low Fat Diet,Cardio + Walking
1,25.124595,1.77151,113.207124,1,1,1.457758,3.0,2,0,2.020249,0,1.556709,0.00133,2,3,36.073355432670205,Overweight Level II,3396.2137199999997,3.96,Low Fat Diet,Cardio + Walking
1,25.509034,1.77219,114.097656,1,1,2.19331,3.0,2,0,2.089983,0,1.360994,0.857438,2,3,36.32922716807124,Overweight Level II,3422.92968,3.99,Low Fat Diet,Cardio + Walking
1,25.478662,1.858265,117.57457,1,1,2.028571,3.0,2,0,2.530428,0,1.31257,0.066805,2,3,34.0485094797693,Overweight Level II,3527.2371,4.12,Low Fat Diet,Cardio + Walking
1,25.100513,1.830596,118.424156,1,1,1.455602,3.0,2,0,2.363307,0,1.144683,0.101026,2,3,35.339083336070416,Overweight Level II,3552.72468,4.14,Low Fat Diet,Cardio + Walking
1,38.523646,1.765836,118.533246,1,1,2.177896,2.987652,2,0,1.745095,0,0.656548,0.0,2,0,38.0136388681488,Overweight Level II,3555.9973800000002,4.15,Low Fat Diet,Cardio + Walking
1,38.71216,1.770278,117.29188,1,1,2.252382,2.842848,2,0,1.879381,0,0.919388,0.0,2,0,37.42699877093472,Overweight Level II,3518.7564,4.11,Low Fat Diet,Cardio + Walking
1,25.717522,1.673491,103.706181,1,1,2.668949,1.134321,2,0,1.279443,0,0.11243,1.135503,3,3,37.030355332462584,Overweight Level II,3111.18543,3.63,Low Fat Diet,Cardio + Walking
1,32.259623,1.703346,102.686239,1,1,2.723953,1.924168,2,0,1.0,0,1.622055,0.069367,3,3,35.39211346723196,Overweight Level II,3080.58717,3.59,Low Fat Diet,Cardio + Walking
1,23.47007,1.842906,121.142535,1,1,3.0,2.701689,2,0,2.738485,0,0.992253,0.0,2,3,35.66894707233117,Overweight Level II,3634.27605,4.24,Low Fat Diet,Cardio + Walking
1,24.408805,1.779547,118.740035,1,1,2.736298,2.992903,2,0,2.045561,0,0.854957,0.428452,2,3,37.49542211303345,Overweight Level II,3562.20105,4.16,Low Fat Diet,Cardio + Walking
1,24.443011,1.873368,121.82962,1,1,2.722161,2.658837,2,0,2.375707,0,1.299469,0.0,2,3,34.71416269287719,Overweight Level II,3654.8886,4.26,Low Fat Diet,Cardio + Walking
1,22.906342,1.755902,120.021161,1,1,2.971574,2.80742,2,0,1.962646,0,1.583832,0.504816,2,3,38.92756840228947,Overweight Level II,3600.63483,4.2,Low Fat Diet,Cardio + Walking
1,24.007488,1.617655,100.941357,1,1,2.871016,1.834472,2,0,1.016585,0,0.236168,0.974939,3,3,38.57423571384702,Overweight Level II,3028.24071,3.53,Low Fat Diet,Cardio + Walking
1,30.686701,1.644517,100.004418,1,1,2.96405,2.123138,2,0,1.0,0,1.699181,0.620465,3,3,36.97791774769778,Overweight Level II,3000.13254,3.5,Low Fat Diet,Cardio + Walking
1,20.184451,1.701284,104.578255,1,1,2.653721,1.265463,2,0,1.368457,0,0.218356,0.768071,3,3,36.131646752346626,Overweight Level II,3137.34765,3.66,Low Fat Diet,Cardio + Walking
1,25.447208,1.65891,104.548794,1,1,2.859097,1.340361,2,0,1.530508,0,0.174475,1.261705,3,3,37.99035722469927,Overweight Level II,3136.46382,3.66,Low Fat Diet,Cardio + Walking
1,30.002029,1.759324,112.000381,1,1,1.572036,3.0,2,0,2.003563,0,0.0,0.340196,2,0,36.184939065908246,Overweight Level II,3360.01143,3.92,Low Fat Diet,Cardio + Walking
1,30.188303,1.758382,112.10074,1,1,1.387489,3.0,2,0,2.017712,0,0.0,0.731257,2,0,36.25617803144194,Overweight Level II,3363.0222,3.92,Low Fat Diet,Cardio + Walking
1,24.244029,1.622297,99.982541,1,1,2.941929,3.989492,2,0,1.014135,0,1.958694,0.687342,3,3,37.98948794132215,Overweight Level II,2999.4762299999998,3.5,Low Fat Diet,Cardio + Walking
1,24.521879,1.623278,97.582959,1,1,2.973569,2.650088,2,0,1.003063,0,1.981154,0.157007,3,3,37.03293880381905,Overweight Level II,2927.48877,3.42,Low Fat Diet,Cardio + Walking
1,29.721964,1.918859,129.991623,1,1,2.041376,3.0,2,0,1.120213,0,1.05545,0.0,2,3,35.30443285919494,Overweight Level II,3899.7486900000004,4.55,Low Fat Diet,Cardio + Walking
1,29.906575,1.913252,129.232216,1,1,2.02472,3.0,2,0,1.800335,0,1.196368,0.0,2,3,35.304205259671896,Overweight Level II,3876.96648,4.52,Low Fat Diet,Cardio + Walking
1,37.084742,1.75,118.07381,1,1,2.133964,3.0,2,0,2.008361,0,0.202029,0.200516,2,0,38.55471346938776,Overweight Level II,3542.2142999999996,4.13,Low Fat Diet,Cardio + Walking
1,39.08886,1.75,119.029103,1,1,2.702457,3.0,2,0,2.005194,0,0.325313,0.419055,2,0,38.86664587755102,Overweight Level II,3570.87309,4.17,Low Fat Diet,Cardio + Walking
1,22.658572,1.784994,113.714521,1,1,1.760038,3.0,2,0,2.003531,0,1.089061,0.072264,2,3,35.68965954106272,Overweight Level II,3411.43563,3.98,Low Fat Diet,Cardio + Walking
1,22.889099,1.792533,116.157766,1,1,1.996646,3.0,2,0,2.0,0,1.600536,0.739684,2,3,36.15046863230004,Overweight Level II,3484.7329799999998,4.07,Low Fat Diet,Cardio + Walking
1,24.63474,1.829757,120.980508,1,1,2.644094,3.0,2,0,2.740525,0,2.0,0.500936,2,3,36.13504244686711,Overweight Level II,3629.41524,4.23,Low Fat Diet,Cardio + Walking
1,24.920362,1.796415,120.988454,1,1,2.475892,3.0,2,0,2.949356,0,1.866839,0.100048,2,3,37.4913070872078,Overweight Level II,3629.65362,4.23,Low Fat Diet,Cardio + Walking
1,31.783845,1.75,120.0,1,1,2.941627,3.0,2,0,2.318134,0,0.582686,1.588046,2,0,39.183673469387756,Overweight Level II,3600.0,4.2,Low Fat Diet,Cardio + Walking
1,31.627962,1.762389,118.548733,1,1,2.998441,3.0,2,0,2.462916,0,0.554646,1.99219,2,0,38.16746972694122,Overweight Level II,3556.46199,4.15,Low Fat Diet,Cardio + Walking
1,22.976188,1.825718,121.236915,1,1,2.397284,2.89292,2,0,1.983973,0,1.859667,0.0026,2,3,36.3720250953442,Overweight Level II,3637.10745,4.24,Low Fat Diet,Cardio + Walking
1,22.977357,1.839699,120.431551,1,1,2.382705,2.938902,2,0,1.999278,0,1.686229,0.630866,2,3,35.58334201689476,Overweight Level II,3612.94653,4.22,Low Fat Diet,Cardio + Walking
1,40.973007,1.749405,109.908779,1,1,2.176317,2.986637,2,0,1.015672,0,0.94141,0.0,3,0,35.9129975847743,Overweight Level II,3297.2633699999997,3.85,Low Fat Diet,Cardio + Walking
1,41.0,1.75,115.806977,1,1,2.0,2.701521,2,0,1.142644,0,0.514225,0.0,3,0,37.814523102040816,Overweight Level II,3474.20931,4.05,Low Fat Diet,Cardio + Walking
1,21.721507,1.849998,122.119682,1,1,3.0,2.014671,2,0,1.292786,0,0.145687,0.0,2,3,35.68150359181413,Overweight Level II,3663.59046,4.27,Low Fat Diet,Cardio + Walking
1,21.544554,1.84998,122.609911,1,1,3.0,1.971659,2,0,1.179254,0,0.178856,0.0,2,3,35.82543814991758,Overweight Level II,3678.29733,4.29,Low Fat Diet,Cardio + Walking
1,24.000307,1.607939,100.618239,1,1,2.877743,1.311797,2,0,1.000463,0,0.182249,1.4312,3,3,38.91684047319648,Overweight Level II,3018.5471700000003,3.52,Low Fat Diet,Cardio + Walking
1,24.0409,1.603226,99.605527,1,1,3.0,1.262831,2,0,1.0,0,0.883171,1.382995,3,3,38.75198407155824,Overweight Level II,2988.16581,3.49,Low Fat Diet,Cardio + Walking
1,29.509151,1.770663,112.471118,1,1,2.303041,3.0,2,0,2.065817,0,0.0,0.725222,2,0,35.87312307892319,Overweight Level II,3374.1335400000003,3.94,Low Fat Diet,Cardio + Walking
1,29.246269,1.758038,112.395309,1,1,2.323003,3.0,2,0,2.155558,0,0.0,1.251554,2,0,36.36567636269642,Overweight Level II,3371.85927,3.93,Low Fat Diet,Cardio + Walking
1,25.341399,1.786997,115.025361,1,1,1.99953,3.0,2,0,2.111908,0,1.453042,0.849503,2,3,36.02018658292116,Overweight Level II,3450.76083,4.03,Low Fat Diet,Cardio + Walking
1,25.314163,1.771837,114.906095,1,1,1.585183,3.0,2,0,2.101841,0,1.543961,7.3e-05,2,3,36.60121756228499,Overweight Level II,3447.1828499999997,4.02,Low Fat Diet,Cardio + Walking
1,40.366238,1.722396,109.349025,1,1,2.281963,3.770379,2,0,1.0,0,1.330519,0.0,3,0,36.85945407311948,Overweight Level II,3280.47075,3.83,Low Fat Diet,Cardio + Walking
1,33.749594,1.701387,107.025415,1,1,2.561638,2.87747,2,0,1.0,0,1.980401,0.0,3,0,36.972660277441506,Overweight Level II,3210.7624499999997,3.75,Low Fat Diet,Cardio + Walking
1,32.867331,1.697421,103.017623,1,1,2.600217,2.175153,2,0,1.0,0,1.985536,0.0,3,3,35.75463782162272,Overweight Level II,3090.52869,3.61,Low Fat Diet,Cardio + Walking
1,30.403205,1.696365,102.815983,1,1,2.79166,2.13229,2,0,1.254589,0,0.652736,1.040713,3,3,35.729095777902266,Overweight Level II,3084.47949,3.6,Low Fat Diet,Cardio + Walking
1,29.687488,1.909198,129.679131,1,1,2.08868,3.0,2,0,1.520215,0,1.857351,0.0,2,3,35.57690385200799,Overweight Level II,3890.37393,4.54,Low Fat Diet,Cardio + Walking
1,28.992809,1.909105,129.874864,1,1,2.206119,3.0,2,0,1.483856,0,1.113169,0.0,2,3,35.63407384427021,Overweight Level II,3896.2459200000003,4.55,Low Fat Diet,Cardio + Walking
1,30.475248,1.801368,121.094257,1,1,2.328469,3.0,2,0,2.001208,0,0.800487,0.176678,2,0,37.31802572501866,Overweight Level II,3632.82771,4.24,Low Fat Diet,Cardio + Walking
1,30.350516,1.860292,123.721352,1,1,2.002784,3.0,2,0,2.292906,0,1.034031,0.0,2,0,35.75052471436048,Overweight Level II,3711.64056,4.33,Low Fat Diet,Cardio + Walking
1,26.684354,1.819535,118.332689,1,1,1.975675,3.0,2,0,2.357969,0,0.704236,0.010721,2,3,35.74241603821471,Overweight Level II,3549.98067,4.14,Low Fat Diet,Cardio + Walking
1,26.607478,1.793174,118.165082,1,1,2.002076,3.0,2,0,2.338373,0,0.897562,0.081156,2,3,36.748895795533244,Overweight Level II,3544.95246,4.14,Low Fat Diet,Cardio + Walking
1,33.174147,1.75015,118.299585,1,1,2.218599,3.0,2,0,2.104337,0,0.766007,0.262118,2,0,38.6218147520863,Overweight Level II,3548.98755,4.14,Low Fat Diet,Cardio + Walking
1,32.29016,1.754956,120.098812,1,1,2.9673,3.0,2,0,2.530035,0,0.955317,1.339232,2,0,38.994759547461676,Overweight Level II,3602.96436,4.2,Low Fat Diet,Cardio + Walking
1,26.050109,1.773115,115.089316,1,1,2.392179,3.0,2,0,2.16467,0,1.079934,1.073026,2,3,36.6067523628157,Overweight Level II,3452.67948,4.03,Low Fat Diet,Cardio + Walking
1,25.846279,1.772731,115.828167,1,1,2.381164,3.0,2,0,2.170225,0,1.211048,1.89933,2,3,36.85772326479563,Overweight Level II,3474.84501,4.05,Low Fat Diet,Cardio + Walking
1,29.620095,1.787933,112.536367,1,1,2.008245,3.0,2,0,2.040137,0,0.0,0.474216,2,0,35.20387013586207,Overweight Level II,3376.09101,3.94,Low Fat Diet,Cardio + Walking
1,27.439056,1.785277,112.740797,1,1,2.155182,3.0,2,0,2.049079,0,0.0,1.74992,2,0,35.372836018193205,Overweight Level II,3382.22391,3.95,Low Fat Diet,Cardio + Walking
1,28.493397,1.817572,120.8158,1,1,2.969233,3.0,2,0,2.807984,0,0.982134,1.191998,2,3,36.57130741899473,Overweight Level II,3624.4739999999997,4.23,Low Fat Diet,Cardio + Walking
1,27.474245,1.84342,120.420406,1,1,2.765063,3.0,2,0,2.867206,0,0.706777,0.677909,2,3,35.43655517811505,Overweight Level II,3612.61218,4.21,Low Fat Diet,Cardio + Walking
1,25.036269,1.874519,121.244969,1,1,2.630137,3.0,2,0,2.960088,0,1.356468,0.0,2,3,34.505159025050546,Overweight Level II,3637.3490699999998,4.24,Low Fat Diet,Cardio + Walking
1,24.825398,1.796332,120.901591,1,1,2.195964,3.0,2,0,2.514872,0,1.664722,0.127673,2,3,37.46785259229294,Overweight Level II,3627.04773,4.23,Low Fat Diet,Cardio + Walking
1,30.493946,1.756221,119.117122,1,1,2.619987,3.0,2,0,2.194746,0,1.076926,1.090995,2,0,38.62031929436984,Overweight Level II,3573.5136599999996,4.17,Low Fat Diet,Cardio + Walking
1,30.607546,1.757132,118.565568,1,1,2.918113,3.0,2,0,2.240463,0,1.076248,1.480875,2,0,38.40164338350626,Overweight Level II,3556.96704,4.15,Low Fat Diet,Cardio + Walking
1,31.194323,1.889104,129.157346,1,1,2.889485,3.0,2,1,1.279771,0,0.941424,0.008343,2,3,36.19156614775234,Overweight Level II,3874.7203799999997,4.52,Low Fat Diet,Cardio + Walking
1,31.36347,1.869323,127.507411,1,1,2.939727,3.0,2,1,1.344122,0,0.923428,1.432336,2,3,36.489400528525195,Overweight Level II,3825.22233,4.46,Low Fat Diet,Cardio + Walking
1,25.027254,1.757154,112.200812,1,1,1.264234,3.0,2,0,2.0,0,1.333435,0.002168,2,3,36.33928256965772,Overweight Level II,3366.02436,3.93,Low Fat Diet,Cardio + Walking
1,25.058566,1.764484,113.234349,1,1,1.517912,3.0,2,0,2.038958,0,1.590255,0.00164,2,3,36.36995287918279,Overweight Level II,3397.0304699999997,3.96,Low Fat Diet,Cardio + Walking
1,24.417552,1.774775,117.398976,1,1,2.23372,2.993634,2,0,2.028368,0,0.863158,0.449886,2,3,37.271571444020665,Overweight Level II,3521.9692800000003,4.11,Low Fat Diet,Cardio + Walking
1,24.5822,1.769933,117.708705,1,1,1.475906,2.999346,2,0,2.01943,0,1.046878,0.460866,2,3,37.57464865986675,Overweight Level II,3531.26115,4.12,Low Fat Diet,Cardio + Walking
1,40.106145,1.760175,117.651046,1,1,2.032883,2.976211,2,0,1.726109,0,0.477855,0.0,2,0,37.97380325873092,Overweight Level II,3529.53138,4.12,Low Fat Diet,Cardio + Walking
1,40.174191,1.763029,116.974504,1,1,2.046651,2.842035,2,0,1.732072,0,0.584272,0.0,2,0,37.63329980220266,Overweight Level II,3509.23512,4.09,Low Fat Diet,Cardio + Walking
1,27.186873,1.679515,102.872802,1,1,2.667229,1.09749,2,0,1.225958,0,0.206954,1.003011,3,3,36.46975075369582,Overweight Level II,3086.1840599999996,3.6,Low Fat Diet,Cardio + Walking
1,30.424369,1.699354,100.176866,1,1,2.819934,1.91863,2,0,1.0,0,1.39302,0.553311,3,3,34.68963454559738,Overweight Level II,3005.30598,3.51,Low Fat Diet,Cardio + Walking
1,23.141402,1.849307,121.658729,1,1,3.0,2.510135,2,0,1.693362,0,0.769709,0.0,2,3,35.57338952344553,Overweight Level II,3649.76187,4.26,Low Fat Diet,Cardio + Walking
1,24.178638,1.86741,121.684311,1,1,2.954417,2.65772,2,0,2.104696,0,0.870056,0.0,2,3,34.89435918236296,Overweight Level II,3650.52933,4.26,Low Fat Diet,Cardio + Walking
1,22.832105,1.86714,121.835883,1,1,2.826251,2.604998,2,0,1.842173,0,1.284798,0.0,2,3,34.94792935785994,Overweight Level II,3655.07649,4.26,Low Fat Diet,Cardio + Walking
1,23.083621,1.848553,121.421121,1,1,3.0,2.567567,2,0,2.011023,0,0.916478,0.0,2,3,35.532881254604085,Overweight Level II,3642.63363,4.25,Low Fat Diet,Cardio + Walking
1,24.079971,1.61981,98.54302,1,1,2.95841,2.434347,2,0,1.0,0,1.930033,0.754023,3,3,37.55758996210626,Overweight Level II,2956.2906,3.45,Low Fat Diet,Cardio + Walking
1,26.947786,1.647807,99.592225,1,1,2.935157,1.845858,2,0,1.0,0,1.089891,0.715993,3,3,36.678599802531316,Overweight Level II,2987.76675,3.49,Low Fat Diet,Cardio + Walking
1,20.101026,1.619128,104.303711,1,1,2.870895,1.627555,2,0,1.375728,0,0.210181,1.163117,3,3,39.78665187420884,Overweight Level II,3129.11133,3.65,Low Fat Diet,Cardio + Walking
1,22.789402,1.64187,104.270062,1,1,2.869833,1.569176,2,0,1.533682,0,0.167943,1.368262,3,3,38.67961090119166,Overweight Level II,3128.1018599999998,3.65,Low Fat Diet,Cardio + Walking
1,28.404332,1.787379,112.173731,1,1,1.878251,3.0,2,0,2.022933,0,0.0,0.325445,2,0,35.11218555887231,Overweight Level II,3365.21193,3.93,Low Fat Diet,Cardio + Walking
1,30.003358,1.758355,112.007101,1,1,1.750809,3.0,2,0,2.002871,0,0.0,0.114457,2,0,36.22700536566606,Overweight Level II,3360.2130300000003,3.92,Low Fat Diet,Cardio + Walking
1,25.136116,1.76414,113.089716,1,1,1.168856,3.0,2,0,2.013205,0,1.246223,0.00159,2,3,36.33766517943794,Overweight Level II,3392.69148,3.96,Low Fat Diet,Cardio + Walking
1,25.139466,1.767186,112.226032,1,1,1.443674,3.0,2,0,2.002194,0,1.386151,0.001337,2,3,35.93594609497362,Overweight Level II,3366.78096,3.93,Low Fat Diet,Cardio + Walking
1,31.743821,1.67782,102.022057,1,1,2.826036,2.371658,2,0,1.0,0,1.996487,0.0,3,3,36.24126444899761,Overweight Level II,3060.6617100000003,3.57,Low Fat Diet,Cardio + Walking
1,30.796262,1.668478,100.543983,1,1,2.9553,2.378211,2,0,1.0,0,1.738267,0.394533,3,3,36.11728668629471,Overweight Level II,3016.31949,3.52,Low Fat Diet,Cardio + Walking
1,28.393111,1.685462,99.540122,1,1,2.774562,2.301129,2,0,1.0,0,1.621733,0.138314,3,3,35.03968858693487,Overweight Level II,2986.20366,3.48,Low Fat Diet,Cardio + Walking
1,27.93982,1.694642,99.709329,1,1,2.772027,2.454432,2,0,1.0,0,0.858554,0.051268,3,3,34.7200116430155,Overweight Level II,2991.27987,3.49,Low Fat Diet,Cardio + Walking
1,31.034092,1.886109,129.349471,1,1,2.499626,3.0,2,1,1.125338,0,0.94522,1.022505,2,3,36.36060343576947,Overweight Level II,3880.48413,4.53,Low Fat Diet,Cardio + Walking
1,30.684347,1.915,129.966428,1,1,2.108638,3.0,2,1,1.014876,0,0.987521,0.047473,2,3,35.439992910170496,Overweight Level II,3898.9928400000003,4.55,Low Fat Diet,Cardio + Walking
1,30.108216,1.841908,124.070717,1,1,2.467548,3.0,2,0,2.66029,0,0.994422,0.310394,2,3,36.570712665671614,Overweight Level II,3722.12151,4.34,Low Fat Diet,Cardio + Walking
1,31.347497,1.868127,123.172214,1,1,2.585942,3.0,2,0,2.302506,0,0.597863,0.111925,2,3,35.29392457086478,Overweight Level II,3695.16642,4.31,Low Fat Diet,Cardio + Walking
1,31.761799,1.751688,119.205308,1,1,2.14961,3.0,2,0,2.133876,0,0.393452,0.345887,2,0,38.849200401401625,Overweight Level II,3576.15924,4.17,Low Fat Diet,Cardio + Walking
1,30.976932,1.755333,118.237782,1,1,2.938616,3.0,2,0,2.06039,0,0.371508,1.333559,2,0,38.37401483591309,Overweight Level II,3547.13346,4.14,Low Fat Diet,Cardio + Walking
1,37.588628,1.754217,117.8972,1,1,2.535154,2.915921,2,0,1.8924,0,0.693732,0.06741,2,0,38.31217961666869,Overweight Level II,3536.916,4.13,Low Fat Diet,Cardio + Walking
1,37.997912,1.76071,118.668332,1,1,2.611222,2.992083,2,0,1.796376,0,0.641954,0.20281,2,0,38.278875948104705,Overweight Level II,3560.0499600000003,4.15,Low Fat Diet,Cardio + Walking
1,21.6548,1.755938,116.311962,1,1,1.800122,3.0,2,0,2.0,0,1.689525,0.764452,2,3,37.72298290280445,Overweight Level II,3489.35886,4.07,Low Fat Diet,Cardio + Walking
1,22.829753,1.765137,116.669906,1,1,1.482722,3.0,2,0,2.0,0,1.112504,0.690353,2,3,37.445704942601026,Overweight Level II,3500.0971799999998,4.08,Low Fat Diet,Cardio + Walking
1,25.015173,1.788239,115.382519,1,1,1.735664,3.0,2,0,2.041536,0,1.392406,0.39174,2,3,36.0818578848991,Overweight Level II,3461.47557,4.04,Low Fat Diet,Cardio + Walking
1,23.812795,1.767121,116.164351,1,1,1.655684,3.0,2,0,2.0,0,0.976425,0.690082,2,3,37.199773407090895,Overweight Level II,3484.93053,4.07,Low Fat Diet,Cardio + Walking
1,23.975685,1.840039,120.975489,1,1,2.598207,2.849347,2,0,2.006167,0,1.52001,0.295685,2,3,35.7308485510011,Overweight Level II,3629.26467,4.23,Low Fat Diet,Cardio + Walking
1,24.149036,1.824901,120.805715,1,1,2.225149,3.0,2,0,2.357978,0,1.943743,0.682128,2,3,36.27512033303055,Overweight Level II,3624.1714500000003,4.23,Low Fat Diet,Cardio + Walking
1,25.062942,1.828391,120.998266,1,1,3.0,3.0,2,0,3.0,0,1.685369,0.264969,2,3,36.19436792921904,Overweight Level II,3629.94798,4.23,Low Fat Diet,Cardio + Walking
1,25.140074,1.829529,120.996581,1,1,3.0,3.0,2,0,3.0,0,1.467863,0.343635,2,3,36.148851425758146,Overweight Level II,3629.89743,4.23,Low Fat Diet,Cardio + Walking
1,30.722801,1.779325,120.751656,1,1,2.519592,3.0,2,0,2.229145,0,0.350717,1.140348,2,0,38.140162047654705,Overweight Level II,3622.54968,4.23,Low Fat Diet,Cardio + Walking
1,30.916426,1.781139,120.794535,1,1,2.111887,3.0,2,0,2.357373,0,0.425621,1.416353,2,0,38.07602998161723,Overweight Level II,3623.83605,4.23,Low Fat Diet,Cardio + Walking
1,31.010302,1.764166,119.373019,1,1,2.970983,3.0,2,0,2.828861,0,0.454944,1.915818,2,0,38.35546761000493,Overweight Level II,3581.1905699999998,4.18,Low Fat Diet,Cardio + Walking
1,30.605464,1.754796,118.805937,1,1,2.907542,3.0,2,0,2.284494,0,0.647632,1.668318,2,0,38.58201204804437,Overweight Level II,3564.17811,4.16,Low Fat Diet,Cardio + Walking
1,24.622054,1.756509,117.368716,1,1,1.451337,3.0,2,0,2.0,0,1.384607,0.631217,2,3,38.040971079979876,Overweight Level II,3521.0614800000003,4.11,Low Fat Diet,Cardio + Walking
1,23.745833,1.756772,117.326523,1,1,1.537505,3.0,2,0,2.0,0,1.631912,0.631422,2,3,38.01591068599663,Overweight Level II,3519.79569,4.11,Low Fat Diet,Cardio + Walking
1,23.327836,1.754439,119.441207,1,1,1.893428,3.0,2,0,2.0,0,1.917383,0.93648,2,3,38.804102022830456,Overweight Level II,3583.23621,4.18,Low Fat Diet,Cardio + Walking
1,23.411141,1.755142,119.192922,1,1,2.007845,2.954446,2,0,1.968796,0,1.587406,0.838947,2,3,38.69242494504585,Overweight Level II,3575.78766,4.17,Low Fat Diet,Cardio + Walking
1,39.825592,1.706741,108.012603,1,1,2.487781,3.755976,2,0,1.0,0,1.860765,0.0,3,0,37.07995423656283,Overweight Level II,3240.37809,3.78,Low Fat Diet,Cardio + Walking
1,36.839761,1.74285,106.421042,1,1,2.541785,2.902639,2,0,1.0,0,1.668961,0.0,3,0,35.035432687048434,Overweight Level II,3192.63126,3.72,Low Fat Diet,Cardio + Walking
1,33.789301,1.6811,102.523111,1,1,2.813775,2.372705,2,0,1.0,0,1.979355,0.0,3,3,36.27727688815064,Overweight Level II,3075.69333,3.59,Low Fat Diet,Cardio + Walking
1,34.161998,1.705682,103.067766,1,1,2.562687,2.100918,2,0,1.458545,0,1.167856,0.412329,3,3,35.42637618642961,Overweight Level II,3092.03298,3.61,Low Fat Diet,Cardio + Walking
1,22.580038,1.849507,121.560938,1,1,3.0,2.272801,2,0,1.560064,0,0.79677,0.0,2,3,35.53710813782194,Overweight Level II,3646.8281399999996,4.25,Low Fat Diet,Cardio + Walking
1,22.851721,1.853373,121.737836,1,1,2.922511,2.692889,2,0,1.809531,0,0.478595,0.0,2,3,35.4405059839478,Overweight Level II,3652.13508,4.26,Low Fat Diet,Cardio + Walking
1,23.254934,1.84753,122.06261,1,1,3.0,2.280545,2,0,1.591597,0,0.932783,0.0,2,3,35.76017650366873,Overweight Level II,3661.8783000000003,4.27,Low Fat Diet,Cardio + Walking
1,22.343204,1.87034,121.458232,1,1,2.836055,2.675411,2,0,1.711666,0,0.93732,0.0,2,3,34.7204888366001,Overweight Level II,3643.74696,4.25,Low Fat Diet,Cardio + Walking
1,24.006271,1.607787,100.783434,1,1,2.880759,1.487674,2,0,1.01378,0,1.00109,1.09838,3,3,38.98810494903576,Overweight Level II,3023.50302,3.53,Low Fat Diet,Cardio + Walking
1,24.001196,1.603091,100.209405,1,1,3.0,1.02075,2,0,1.0,0,0.233056,1.707421,3,3,38.993492193451,Overweight Level II,3006.28215,3.51,Low Fat Diet,Cardio + Walking
1,20.156664,1.620109,103.393354,1,1,2.766441,1.240424,2,0,1.413218,0,0.165269,0.862587,3,3,39.39164836817944,Overweight Level II,3101.80062,3.62,Low Fat Diet,Cardio + Walking
1,23.360307,1.610647,100.642257,1,1,2.997524,1.154318,2,0,1.238057,0,1.1293,1.665621,3,3,38.79534619165311,Overweight Level II,3019.26771,3.52,Low Fat Diet,Cardio + Walking
1,28.986237,1.758618,113.501549,1,1,2.320201,3.0,2,0,2.164784,0,0.0,1.465479,2,0,36.69938281009856,Overweight Level II,3405.0464699999998,3.97,Low Fat Diet,Cardio + Walking
1,29.713169,1.763259,113.215814,1,1,2.181057,3.0,2,0,2.08554,0,0.0,1.439004,2,0,36.41454391883929,Overweight Level II,3396.47442,3.96,Low Fat Diet,Cardio + Walking
1,27.394123,1.764138,112.323213,1,1,1.924632,3.0,2,0,2.006595,0,0.1768,0.511694,2,0,36.091456453914304,Overweight Level II,3369.69639,3.93,Low Fat Diet,Cardio + Walking
1,24.912254,1.75596,112.277567,1,1,1.397468,3.0,2,0,2.01897,0,0.665439,0.062167,2,0,36.41361162181951,Overweight Level II,3368.32701,3.93,Low Fat Diet,Cardio + Walking
1,25.526746,1.783381,115.347176,1,1,2.191429,3.0,2,0,2.102709,0,1.32534,0.380979,2,3,36.267589840829714,Overweight Level II,3460.41528,4.04,Low Fat Diet,Cardio + Walking
1,25.523127,1.786532,114.534678,1,1,2.100177,3.0,2,0,2.099687,0,1.281165,0.247332,2,3,35.88520239224693,Overweight Level II,3436.04034,4.01,Low Fat Diet,Cardio + Walking
1,25.822348,1.766626,114.187096,1,1,2.075321,3.0,2,0,2.144838,0,1.501754,0.276319,2,3,36.58708358390632,Overweight Level II,3425.6128799999997,4.0,Low Fat Diet,Cardio + Walking
1,25.879411,1.765464,114.144378,1,1,1.626369,3.0,2,0,2.109697,0,1.352973,0.076693,2,3,36.621556046977354,Overweight Level II,3424.33134,4.0,Low Fat Diet,Cardio + Walking
1,30.361365,1.75853,111.635463,1,1,1.263216,3.219347,2,0,1.981782,0,0.482625,0.0,2,0,36.099618691661966,Overweight Level II,3349.06389,3.91,Low Fat Diet,Cardio + Walking
1,30.451174,1.758539,111.950413,1,1,1.067909,3.656401,2,0,1.98459,0,0.054238,0.0,2,0,36.20109369077696,Overweight Level II,3358.51239,3.92,Low Fat Diet,Cardio + Walking
1,40.564513,1.748015,109.758736,1,1,2.310751,3.220181,2,0,1.006643,0,1.15804,0.0,3,0,35.92103047257663,Overweight Level II,3292.76208,3.84,Low Fat Diet,Cardio + Walking
1,40.501722,1.744974,111.169678,1,1,2.294259,2.850948,2,0,1.87029,0,0.917014,0.0,3,0,36.5097136695882,Overweight Level II,3335.09034,3.89,Low Fat Diet,Cardio + Walking
1,30.315784,1.701566,103.743534,1,1,2.57649,2.187145,2,0,1.38107,0,1.928275,0.413663,3,3,35.83137216980573,Overweight Level II,3112.30602,3.63,Low Fat Diet,Cardio + Walking
1,33.293166,1.696412,103.250355,1,1,2.679664,2.415522,2,0,1.0,0,1.987296,0.0,3,3,35.878054212478794,Overweight Level II,3097.51065,3.61,Low Fat Diet,Cardio + Walking
1,30.638944,1.680489,102.004554,1,1,2.938687,2.138375,2,0,1.251715,0,1.181811,0.778375,3,3,36.12003921970683,Overweight Level II,3060.1366199999998,3.57,Low Fat Diet,Cardio + Walking
1,29.791101,1.703317,102.592171,1,1,2.654792,1.077331,2,0,1.345407,0,0.327418,0.386861,3,3,35.36089578948043,Overweight Level II,3077.7651299999998,3.59,Low Fat Diet,Cardio + Walking
1,31.205668,1.877732,127.161381,1,1,2.731368,3.0,2,1,1.486824,0,1.485978,1.150439,2,3,36.06517308235856,Overweight Level II,3814.8414300000004,4.45,Low Fat Diet,Cardio + Walking
1,30.899219,1.909639,129.013178,1,1,2.22259,3.0,2,1,1.591909,0,1.392026,0.917727,2,3,35.37785701101878,Overweight Level II,3870.3953400000005,4.52,Low Fat Diet,Cardio + Walking
1,29.669219,1.909188,129.19449,1,1,2.432355,3.0,2,0,1.336526,0,1.63812,0.090341,2,3,35.44431600755675,Overweight Level II,3875.8347,4.52,Low Fat Diet,Cardio + Walking
1,30.595632,1.910672,129.232708,1,1,2.497548,3.0,2,0,1.362583,0,1.144076,0.173232,2,3,35.39974766201641,Overweight Level II,3876.98124,4.52,Low Fat Diet,Cardio + Walking
1,30.554956,1.779136,120.60094,1,1,2.671238,3.0,2,0,2.145368,0,0.882709,0.593917,2,0,38.100651137738865,Overweight Level II,3618.0281999999997,4.22,Low Fat Diet,Cardio + Walking
1,31.571392,1.767485,120.158049,1,1,2.57691,3.0,2,0,2.080187,0,1.04268,0.376683,2,0,38.462844093685554,Overweight Level II,3604.74147,4.21,Low Fat Diet,Cardio + Walking
1,30.577944,1.783953,120.613561,1,1,2.341999,3.0,2,0,2.299878,0,0.565242,0.921991,2,0,37.899137214325116,Overweight Level II,3618.40683,4.22,Low Fat Diet,Cardio + Walking
1,30.717727,1.76714,120.344402,1,1,2.117121,3.0,2,0,2.193008,0,0.992829,1.556052,2,0,38.537539097700524,Overweight Level II,3610.33206,4.21,Low Fat Diet,Cardio + Walking
1,26.734476,1.816197,119.622764,1,1,2.247037,3.0,2,0,2.718408,0,0.763595,0.0,2,3,36.26502031183218,Overweight Level II,3588.68292,4.19,Low Fat Diet,Cardio + Walking
1,26.699317,1.839941,119.956651,1,1,2.244654,3.0,2,0,2.795752,0,0.839481,0.0,2,3,35.433702812562004,Overweight Level II,3598.69953,4.2,Low Fat Diet,Cardio + Walking
1,25.659092,1.84842,117.631707,1,1,2.128574,3.0,2,0,2.531984,0,1.003294,0.026575,2,3,34.428894775914415,Overweight Level II,3528.95121,4.12,Low Fat Diet,Cardio + Walking
1,26.348156,1.830317,117.75701,1,1,2.068834,3.0,2,0,2.543841,0,1.217993,0.038253,2,3,35.15071334083062,Overweight Level II,3532.7102999999997,4.12,Low Fat Diet,Cardio + Walking
1,37.638102,1.750085,118.114184,1,1,2.073224,3.0,2,0,2.024035,0,0.131371,0.0,2,0,38.564150493584386,Overweight Level II,3543.42552,4.13,Low Fat Diet,Cardio + Walking
1,37.765356,1.763582,117.86159,1,1,2.145114,2.888193,2,0,2.038128,0,0.852344,0.0,2,0,37.89491877328083,Overweight Level II,3535.8477000000003,4.13,Low Fat Diet,Cardio + Walking
1,28.255199,1.816547,120.699119,1,1,2.997951,3.0,2,0,2.715856,0,0.739881,0.972054,2,0,36.57723075995545,Overweight Level II,3620.97357,4.22,Low Fat Diet,Cardio + Walking
1,27.931432,1.805445,119.484614,1,1,2.911312,3.0,2,0,2.501808,0,0.94676,0.785701,2,0,36.655863883391646,Overweight Level II,3584.53842,4.18,Low Fat Diet,Cardio + Walking
1,25.492855,1.770124,114.163921,1,1,2.159033,3.0,2,0,2.116399,0,1.331526,0.052942,2,3,36.43522832900655,Overweight Level II,3424.91763,4.0,Low Fat Diet,Cardio + Walking
1,25.550506,1.77274,114.254278,1,1,2.175276,3.0,2,0,2.128176,0,1.306476,0.079334,2,3,36.35652631335632,Overweight Level II,3427.62834,4.0,Low Fat Diet,Cardio + Walking
1,25.542454,1.763215,115.10813,1,1,2.21965,3.0,2,0,2.165408,0,1.315045,0.688985,2,3,37.02503306004447,Overweight Level II,3453.2439,4.03,Low Fat Diet,Cardio + Walking
1,25.758307,1.766547,115.45845,1,1,2.203962,3.0,2,0,2.15687,0,1.289421,1.220767,2,3,36.997751387498134,Overweight Level II,3463.7535,4.04,Low Fat Diet,Cardio + Walking
1,29.981494,1.773181,112.348722,1,1,1.947495,3.0,2,0,2.042073,0,0.0,0.618087,2,0,35.73238448125317,Overweight Level II,3370.46166,3.93,Low Fat Diet,Cardio + Walking
1,29.891473,1.76003,112.409191,1,1,2.262292,3.0,2,0,2.115354,0,0.0,0.847587,2,0,36.28788706303818,Overweight Level II,3372.2757300000003,3.93,Low Fat Diet,Cardio + Walking
1,26.778684,1.780089,113.15464,1,1,2.219186,3.0,2,0,2.092326,0,0.545919,1.74288,2,0,35.70992468899231,Overweight Level II,3394.6392,3.96,Low Fat Diet,Cardio + Walking
1,28.377958,1.766946,113.235538,1,1,2.314175,3.0,2,0,2.151809,0,0.0,1.578517,2,0,36.269051114383686,Overweight Level II,3397.0661400000004,3.96,Low Fat Diet,Cardio + Walking
1,26.199321,1.885119,121.065052,1,1,2.423291,3.0,2,0,2.902682,0,1.243567,0.555591,2,3,34.06757742059983,Overweight Level II,3631.95156,4.24,Low Fat Diet,Cardio + Walking
1,27.266287,1.828276,120.872294,1,1,2.637202,3.0,2,0,2.966647,0,1.159598,0.758897,2,3,36.16123447286363,Overweight Level II,3626.16882,4.23,Low Fat Diet,Cardio + Walking
1,27.635029,1.806227,120.423567,1,1,2.974006,3.0,2,0,2.565828,0,0.690269,1.339691,2,3,36.9119362539363,Overweight Level II,3612.70701,4.21,Low Fat Diet,Cardio + Walking
1,26.899886,1.812919,119.841446,1,1,2.347942,3.0,2,0,2.730663,0,0.689371,0.188693,2,3,36.4628188186233,Overweight Level II,3595.2433800000003,4.19,Low Fat Diet,Cardio + Walking
1,22.758998,1.859717,121.284533,1,1,2.654076,2.574108,2,0,1.78471,0,1.170537,0.0,2,3,35.068056549499204,Overweight Level II,3638.53599,4.24,Low Fat Diet,Cardio + Walking
1,22.771001,1.86516,121.527369,1,1,2.739,2.740492,2,0,1.824561,0,1.094839,0.0,2,3,34.93348469464656,Overweight Level II,3645.82107,4.25,Low Fat Diet,Cardio + Walking
1,23.826684,1.783609,120.921535,1,1,2.591292,2.956422,2,0,2.31083,0,1.48524,0.281815,2,3,38.01056641810793,Overweight Level II,3627.6460500000003,4.23,Low Fat Diet,Cardio + Walking
1,24.186273,1.794827,120.919703,1,1,2.611847,2.749334,2,0,2.364849,0,1.141708,0.063005,2,3,37.536336486860556,Overweight Level II,3627.59109,4.23,Low Fat Diet,Cardio + Walking
1,30.945369,1.759647,120.009392,1,1,2.766612,3.0,2,0,2.173417,0,1.089344,1.198439,2,0,38.758247229484454,Overweight Level II,3600.2817600000003,4.2,Low Fat Diet,Cardio + Walking
1,31.490699,1.773521,120.209711,1,1,2.777165,3.0,2,0,2.106861,0,0.925941,0.2916,2,0,38.21790552752661,Overweight Level II,3606.29133,4.21,Low Fat Diet,Cardio + Walking
1,31.56724,1.753327,118.26569,1,1,2.232836,3.0,2,0,2.146398,0,0.886817,0.47787,2,0,38.47095156644997,Overweight Level II,3547.9707000000003,4.14,Low Fat Diet,Cardio + Walking
1,30.444081,1.761068,118.370628,1,1,2.571274,3.0,2,0,2.224164,0,1.018158,1.152899,2,0,38.16732301071855,Overweight Level II,3551.11884,4.14,Low Fat Diet,Cardio + Walking
1,31.199261,1.848845,125.077863,1,1,2.49619,3.0,2,1,1.662117,0,0.992371,0.217632,2,3,36.59143540842316,Overweight Level II,3752.33589,4.38,Low Fat Diet,Cardio + Walking
1,31.190219,1.842812,125.973927,1,1,2.151335,3.0,2,1,1.491169,0,0.883542,0.527766,2,3,37.09527582273026,Overweight Level II,3779.21781,4.41,Low Fat Diet,Cardio + Walking
1,30.575349,1.825449,124.95278,1,1,2.01695,3.0,2,0,1.83412,0,0.797209,0.185499,2,3,37.49786273388686,Overweight Level II,3748.5834,4.37,Low Fat Diet,Cardio + Walking
1,30.702559,1.86198,126.418413,1,1,2.927187,3.0,2,0,1.508796,0,0.902776,1.015467,2,3,36.46366437782082,Overweight Level II,3792.55239,4.42,Low Fat Diet,Cardio + Walking
1,25.057878,1.763987,113.069667,1,1,1.412566,3.0,2,0,2.002495,0,1.592795,0.001867,2,3,36.33752576670109,Overweight Level II,3392.09001,3.96,Low Fat Diet,Cardio + Walking
1,25.151286,1.761519,112.835195,1,1,1.289315,3.0,2,0,2.007348,0,1.376217,0.001518,2,3,36.36385521864256,Overweight Level II,3385.0558499999997,3.95,Low Fat Diet,Cardio + Walking
1,25.137087,1.772045,114.067936,1,1,1.624366,3.0,2,0,2.081719,0,1.538922,0.356868,2,3,36.325708252809015,Overweight Level II,3422.0380800000003,3.99,Low Fat Diet,Cardio + Walking
1,25.3292,1.771817,114.004832,1,1,1.528331,3.0,2,0,2.079353,0,1.522429,0.228598,2,3,36.314956675457644,Overweight Level II,3420.1449599999996,3.99,Low Fat Diet,Cardio + Walking
1,25.66668,1.79858,117.93329,1,1,2.037042,3.0,2,0,2.43699,0,1.016254,0.020044,2,3,36.456661401812966,Overweight Level II,3537.9987,4.13,Low Fat Diet,Cardio + Walking
1,25.01277,1.788586,117.849351,1,1,2.191108,2.993856,2,0,2.444917,0,1.055854,0.145284,2,3,36.838975268495474,Overweight Level II,3535.48053,4.12,Low Fat Diet,Cardio + Walking
1,25.047945,1.803207,118.332966,1,1,1.431346,3.0,2,0,2.098959,0,1.110868,0.196952,2,3,36.392725435990926,Overweight Level II,3549.98898,4.14,Low Fat Diet,Cardio + Walking
1,25.426457,1.836592,118.377601,1,1,1.84199,3.0,2,0,2.503244,0,1.226019,0.078207,2,3,35.094912017005655,Overweight Level II,3551.32803,4.14,Low Fat Diet,Cardio + Walking
1,37.207082,1.762921,118.40174,1,1,2.13683,2.993084,2,0,1.885926,0,0.615298,0.0,2,0,38.09714075173541,Overweight Level II,3552.0522,4.14,Low Fat Diet,Cardio + Walking
1,38.10894,1.752863,119.201465,1,1,2.499388,2.989791,2,0,1.959777,0,0.6081,0.64676,2,0,38.795883379494384,Overweight Level II,3576.0439499999998,4.17,Low Fat Diet,Cardio + Walking
1,38.644441,1.768235,117.792268,1,1,2.230742,2.920373,2,0,1.831187,0,0.756277,0.0,2,0,37.673573651848336,Overweight Level II,3533.7680400000004,4.12,Low Fat Diet,Cardio + Walking
1,38.112989,1.766888,118.134898,1,1,2.240757,2.911568,2,0,1.895876,0,0.822186,0.0,2,0,37.8407877079368,Overweight Level II,3544.04694,4.13,Low Fat Diet,Cardio + Walking
1,24.825393,1.603501,101.038263,1,1,2.996186,1.134042,2,0,1.270166,0,0.073065,1.551934,3,3,39.295914593578416,Overweight Level II,3031.14789,3.54,Low Fat Diet,Cardio + Walking
1,26.624342,1.690262,103.180918,1,1,2.649406,1.120102,2,0,1.153286,0,0.216908,0.619012,3,3,36.11530872452178,Overweight Level II,3095.42754,3.61,Low Fat Diet,Cardio + Walking
1,33.722449,1.712905,103.276087,1,1,2.525884,2.040582,2,0,1.0,0,1.67036,0.023959,3,3,35.19923464882163,Overweight Level II,3098.28261,3.61,Low Fat Diet,Cardio + Walking
1,32.516469,1.695735,102.784864,1,1,2.736647,2.015675,2,0,1.0,0,1.977918,0.056351,3,3,35.74482682607695,Overweight Level II,3083.54592,3.6,Low Fat Diet,Cardio + Walking
1,23.881938,1.829971,121.04172,1,1,2.684335,2.711238,2,0,2.732331,0,1.156024,0.442456,2,3,36.144870371209464,Overweight Level II,3631.2516,4.24,Low Fat Diet,Cardio + Walking
1,23.319635,1.84629,121.248035,1,1,3.0,2.695396,2,0,2.628816,0,0.975384,0.0,2,3,35.569263609251415,Overweight Level II,3637.44105,4.24,Low Fat Diet,Cardio + Walking
1,23.912387,1.774983,119.081804,1,1,2.425503,2.996834,2,0,2.017602,0,1.580263,0.531769,2,3,37.796972040893266,Overweight Level II,3572.4541200000003,4.17,Low Fat Diet,Cardio + Walking
1,24.982997,1.78968,118.436166,1,1,1.469384,2.996444,2,0,2.067741,0,1.082236,0.150544,2,3,36.9771615273507,Overweight Level II,3553.08498,4.15,Low Fat Diet,Cardio + Walking
1,24.511445,1.852664,121.310257,1,1,2.906269,2.894142,2,0,2.435489,0,1.266739,0.36216,2,3,35.34306403516971,Overweight Level II,3639.3077099999996,4.25,Low Fat Diet,Cardio + Walking
1,24.05331,1.872561,121.471077,1,1,2.808027,2.683061,2,0,2.640483,0,1.280191,0.0,2,3,34.641838603860705,Overweight Level II,3644.13231,4.25,Low Fat Diet,Cardio + Walking
1,22.906886,1.81955,120.775439,1,1,2.636719,2.806341,2,0,1.967591,0,1.525384,0.315595,2,3,36.47964777077644,Overweight Level II,3623.26317,4.23,Low Fat Diet,Cardio + Walking
1,23.147644,1.815514,120.337664,1,1,2.996717,2.791366,2,0,2.626309,0,1.194898,0.034897,2,3,36.50920466882468,Overweight Level II,3610.1299200000003,4.21,Low Fat Diet,Cardio + Walking
1,24.001889,1.614075,100.245302,1,1,2.880483,1.703299,2,0,1.006378,0,1.076729,1.058007,3,3,38.47836471590033,Overweight Level II,3007.3590599999998,3.51,Low Fat Diet,Cardio + Walking
1,24.002404,1.609418,100.078367,1,1,2.885693,1.685134,2,0,1.011849,0,0.503105,1.217929,3,3,38.63692027576923,Overweight Level II,3002.35101,3.5,Low Fat Diet,Cardio + Walking
1,30.71516,1.650189,101.141277,1,1,2.913452,2.269799,2,0,1.0,0,1.889937,0.378818,3,3,37.141638359382476,Overweight Level II,3034.23831,3.54,Low Fat Diet,Cardio + Walking
1,30.64243,1.653876,102.583895,1,1,2.919526,2.142328,2,0,1.175714,0,0.958555,0.636289,3,3,37.503629072594066,Overweight Level II,3077.51685,3.59,Low Fat Diet,Cardio + Walking
1,20.068432,1.657132,105.580491,1,1,2.724121,1.437959,2,0,1.590418,0,0.029603,1.122118,3,3,38.447620761168636,Overweight Level II,3167.41473,3.7,Low Fat Diet,Cardio + Walking
1,20.914366,1.644751,101.067988,1,1,2.801992,1.343117,2,0,1.128942,0,0.233987,0.81998,3,3,37.36055351397437,Overweight Level II,3032.03964,3.54,Low Fat Diet,Cardio + Walking
1,25.512048,1.660761,104.321463,1,1,2.748971,1.213431,2,0,1.448875,0,0.128548,1.239038,3,3,37.82329793041324,Overweight Level II,3129.64389,3.65,Low Fat Diet,Cardio + Walking
1,26.844812,1.69151,102.59518,1,1,2.680375,1.089048,2,0,1.366238,0,0.181324,1.041677,3,3,35.85731930096215,Overweight Level II,3077.8554,3.59,Low Fat Diet,Cardio + Walking
0,25.919241,1.611462,102.093223,1,1,3.0,3.0,2,0,1.023328,0,0.05093,1.0,2,3,39.3148639098582,Obesity Type I,3062.7966899999997,3.57,Strict Fat Reduction Diet,Cardio + Walking
0,26.0,1.584782,105.055597,1,1,3.0,3.0,2,0,1.197667,0,0.0,0.534769,2,3,41.829255555314724,Obesity Type I,3151.66791,3.68,Strict Fat Reduction Diet,Cardio + Walking
0,18.233541,1.792378,137.859737,1,1,3.0,3.0,2,0,2.838893,0,1.990317,0.735868,2,3,42.91194863465988,Obesity Type I,4135.79211,4.83,Strict Fat Reduction Diet,Cardio + Walking
0,18.147705,1.802257,149.935848,1,1,3.0,3.0,2,0,2.181811,0,1.995582,0.939665,2,3,46.16066303580928,Obesity Type I,4498.07544,5.25,Strict Fat Reduction Diet,Cardio + Walking
0,26.0,1.65632,111.93301,1,1,3.0,3.0,2,0,2.774014,0,0.0,0.138418,2,3,40.80089507680683,Obesity Type I,3357.9903,3.92,Strict Fat Reduction Diet,Cardio + Walking
0,26.0,1.600762,105.448264,1,1,3.0,3.0,2,0,1.031354,0,0.0,0.37465,2,3,41.151521966582955,Obesity Type I,3163.4479199999996,3.69,Strict Fat Reduction Diet,Cardio + Walking
0,25.902283,1.678658,104.954834,1,1,3.0,3.0,2,0,1.66616,0,0.210351,0.73421,2,3,37.24585918726152,Obesity Type I,3148.64502,3.67,Strict Fat Reduction Diet,Cardio + Walking
0,25.540865,1.678201,109.900472,1,1,3.0,3.0,2,0,1.471664,0,0.143955,0.444532,2,3,39.02218706823798,Obesity Type I,3297.0141599999997,3.85,Strict Fat Reduction Diet,Cardio + Walking
0,22.39251,1.65563,121.205171,1,1,3.0,3.0,2,0,1.347559,0,0.462951,0.31794,2,3,44.21753967728279,Obesity Type I,3636.15513,4.24,Strict Fat Reduction Diet,Cardio + Walking
0,21.305402,1.694952,133.76473,1,1,3.0,3.0,2,0,1.338241,0,1.92628,0.886135,2,3,46.5614835851868,Obesity Type I,4012.9419,4.68,Strict Fat Reduction Diet,Cardio + Walking
0,26.0,1.622771,109.959714,1,1,3.0,3.0,2,0,2.679137,0,0.0,0.479348,2,3,41.75602276186781,Obesity Type I,3298.79142,3.85,Strict Fat Reduction Diet,Cardio + Walking
0,26.0,1.583889,110.545378,1,1,3.0,3.0,2,0,2.578292,0,0.0,0.492394,2,3,44.06472901796858,Obesity Type I,3316.36134,3.87,Strict Fat Reduction Diet,Cardio + Walking
0,21.334585,1.729045,131.529267,1,1,3.0,3.0,2,0,1.302193,0,1.742453,0.94232,2,3,43.995656962866576,Obesity Type I,3945.8780100000004,4.6,Strict Fat Reduction Diet,Cardio + Walking
0,22.978655,1.664622,114.465425,1,1,3.0,3.0,2,0,2.408442,0,0.194056,0.803141,2,3,41.308846213676674,Obesity Type I,3433.9627499999997,4.01,Strict Fat Reduction Diet,Cardio + Walking
0,21.01245,1.747773,127.902844,1,1,3.0,3.0,2,0,1.705218,0,0.390937,0.998646,2,3,41.87069304752408,Obesity Type I,3837.08532,4.48,Strict Fat Reduction Diet,Cardio + Walking
0,21.056059,1.730113,152.094362,1,1,3.0,3.0,2,0,2.374958,0,0.750111,0.671458,2,3,50.81175280566433,Obesity Type I,4562.83086,5.32,Strict Fat Reduction Diet,Cardio + Walking
0,18.771001,1.746652,133.800129,1,1,3.0,3.0,2,0,2.869234,0,1.465931,0.627886,2,3,43.85748880019839,Obesity Type I,4014.00387,4.68,Strict Fat Reduction Diet,Cardio + Walking
0,24.265943,1.719365,114.511537,1,1,3.0,3.0,2,0,2.987406,0,0.38926,0.526776,2,3,38.73584909731795,Obesity Type I,3435.34611,4.01,Strict Fat Reduction Diet,Cardio + Walking
0,26.0,1.632377,111.946655,1,1,3.0,3.0,2,0,2.737091,0,0.0,0.037078,2,3,42.01169339311818,Obesity Type I,3358.3996500000003,3.92,Strict Fat Reduction Diet,Cardio + Walking
0,26.0,1.642572,111.868169,1,1,3.0,3.0,2,0,2.623489,0,0.0,0.138563,2,3,41.46271142508883,Obesity Type I,3356.0450699999997,3.92,Strict Fat Reduction Diet,Cardio + Walking
0,25.96701,1.654875,104.758713,1,1,3.0,3.0,2,0,2.612758,0,0.24629,0.802136,2,3,38.25249472786791,Obesity Type I,3142.76139,3.67,Strict Fat Reduction Diet,Cardio + Walking
0,26.0,1.627567,107.482662,1,1,3.0,3.0,2,0,2.687378,0,0.0,0.410651,2,3,40.575199388580685,Obesity Type I,3224.4798600000004,3.76,Strict Fat Reduction Diet,Cardio + Walking
0,20.590046,1.736276,130.927138,1,1,3.0,3.0,2,0,1.852692,0,1.46361,0.962336,2,3,43.430232085883006,Obesity Type I,3927.8141400000004,4.58,Strict Fat Reduction Diet,Cardio + Walking
0,24.497373,1.737056,132.527011,1,1,3.0,3.0,2,0,2.86559,0,0.973864,0.58345,2,3,43.921459555574955,Obesity Type I,3975.81033,4.64,Strict Fat Reduction Diet,Cardio + Walking
0,25.991886,1.580968,102.003378,1,1,3.0,3.0,2,0,1.003563,0,0.008127,1.0,2,3,40.81016918345623,Obesity Type I,3060.10134,3.57,Strict Fat Reduction Diet,Cardio + Walking
0,25.908431,1.607128,103.026858,1,1,3.0,3.0,2,0,1.077253,0,0.162083,0.824607,2,3,39.88866671445868,Obesity Type I,3090.8057400000002,3.61,Strict Fat Reduction Diet,Cardio + Walking
0,18.177882,1.821566,142.102468,1,1,3.0,3.0,2,0,2.714949,0,1.999773,0.813784,2,3,42.82642255990604,Obesity Type I,4263.0740399999995,4.97,Strict Fat Reduction Diet,Cardio + Walking
0,18.112503,1.82773,152.720545,1,1,3.0,3.0,2,0,2.154949,0,1.999897,0.957463,2,3,45.7165432266296,Obesity Type I,4581.616349999999,5.35,Strict Fat Reduction Diet,Cardio + Walking
0,26.0,1.656504,111.993054,1,1,3.0,3.0,2,0,2.893117,0,0.0,0.01931,2,3,40.81371335360645,Obesity Type I,3359.79162,3.92,Strict Fat Reduction Diet,Cardio + Walking
0,26.0,1.637725,111.208963,1,1,3.0,3.0,2,0,2.70914,0,0.0,0.110518,2,3,41.46272429102737,Obesity Type I,3336.26889,3.89,Strict Fat Reduction Diet,Cardio + Walking
0,25.902283,1.669701,104.585783,1,1,3.0,3.0,2,0,1.570188,0,0.210351,0.881848,2,3,37.514160973213095,Obesity Type I,3137.57349,3.66,Strict Fat Reduction Diet,Cardio + Walking
0,25.540865,1.668709,104.754958,1,1,3.0,3.0,2,0,1.412049,0,0.143955,0.753077,2,3,37.61953044510411,Obesity Type I,3142.64874,3.67,Strict Fat Reduction Diet,Cardio + Walking
0,20.520992,1.668642,124.704781,1,1,3.0,3.0,2,0,1.15635,0,0.786828,0.366385,2,3,44.78749397134055,Obesity Type I,3741.14343,4.36,Strict Fat Reduction Diet,Cardio + Walking
0,20.871153,1.690614,129.769141,1,1,3.0,3.0,2,0,1.154698,0,1.71836,0.959218,2,3,45.40278651742437,Obesity Type I,3893.0742299999997,4.54,Strict Fat Reduction Diet,Cardio + Walking
0,26.0,1.622418,110.676343,1,1,3.0,3.0,2,0,2.691584,0,0.0,0.425473,2,3,42.04644560900542,Obesity Type I,3320.29029,3.87,Strict Fat Reduction Diet,Cardio + Walking
0,26.0,1.643332,110.824698,1,1,3.0,3.0,2,0,2.709654,0,0.0,0.25115,2,3,41.03797590350559,Obesity Type I,3324.74094,3.88,Strict Fat Reduction Diet,Cardio + Walking
0,21.768834,1.733383,135.524857,1,1,3.0,3.0,2,0,1.485736,0,1.950374,0.869238,2,3,45.10554054929648,Obesity Type I,4065.74571,4.74,Strict Fat Reduction Diet,Cardio + Walking
0,20.891491,1.748313,133.573787,1,1,3.0,3.0,2,0,2.874336,0,1.624981,0.825609,2,3,43.7001437156947,Obesity Type I,4007.2136100000002,4.68,Strict Fat Reduction Diet,Cardio + Walking
0,20.941943,1.812963,138.730619,1,1,3.0,3.0,2,0,2.641489,0,0.481555,0.735201,2,3,42.20796778052687,Obesity Type I,4161.91857,4.86,Strict Fat Reduction Diet,Cardio + Walking
0,20.989016,1.80734,155.872093,1,1,3.0,3.0,2,0,2.417122,0,0.952725,0.573958,2,3,47.718704652597346,Obesity Type I,4676.16279,5.46,Strict Fat Reduction Diet,Cardio + Walking
0,18.367481,1.745644,133.665587,1,1,3.0,3.0,2,0,2.900857,0,1.508897,0.625371,2,3,43.864001718316715,Obesity Type I,4009.9676099999997,4.68,Strict Fat Reduction Diet,Cardio + Walking
0,21.051107,1.753266,133.852432,1,1,3.0,3.0,2,0,2.95311,0,1.445148,0.67321,2,3,43.54423294611752,Obesity Type I,4015.57296,4.68,Strict Fat Reduction Diet,Cardio + Walking
0,26.0,1.632193,111.886611,1,1,3.0,3.0,2,0,2.617988,0,0.0,0.156187,2,3,41.99862744956643,Obesity Type I,3356.5983300000003,3.92,Strict Fat Reduction Diet,Cardio + Walking
0,26.0,1.641098,111.818345,1,1,3.0,3.0,2,0,2.55057,0,0.0,0.20482,2,3,41.5187268520311,Obesity Type I,3354.55035,3.91,Strict Fat Reduction Diet,Cardio + Walking
0,25.998646,1.640741,104.808542,1,1,3.0,3.0,2,0,2.653531,0,0.190061,0.692343,2,3,38.93288779653455,Obesity Type I,3144.25626,3.67,Strict Fat Reduction Diet,Cardio + Walking
0,26.0,1.618573,104.928643,1,1,3.0,3.0,2,0,1.698767,0,0.0,0.54396,2,3,40.05248563719549,Obesity Type I,3147.85929,3.67,Strict Fat Reduction Diet,Cardio + Walking
0,22.846357,1.757442,133.365094,1,1,3.0,3.0,2,0,2.84837,0,1.206059,0.766668,2,3,43.17975493327934,Obesity Type I,4000.95282,4.67,Strict Fat Reduction Diet,Cardio + Walking
0,19.885655,1.763343,133.952675,1,1,3.0,3.0,2,0,2.835622,0,1.419473,0.816986,2,3,43.08020830022258,Obesity Type I,4018.58025,4.69,Strict Fat Reduction Diet,Cardio + Walking
0,25.930376,1.610086,102.38745,1,1,3.0,3.0,2,0,1.050564,0,0.026033,0.539074,2,3,39.49558758912676,Obesity Type I,3071.6235,3.58,Strict Fat Reduction Diet,Cardio + Walking
0,25.897815,1.664463,102.781971,1,1,3.0,3.0,2,0,1.068493,0,0.112122,1.0,2,3,37.09955075410316,Obesity Type I,3083.45913,3.6,Strict Fat Reduction Diet,Cardio + Walking
0,26.0,1.602025,104.899348,1,1,3.0,3.0,2,0,2.613928,0,0.0,0.553093,2,3,40.87278310995751,Obesity Type I,3146.9804400000003,3.67,Strict Fat Reduction Diet,Cardio + Walking
0,25.968792,1.632896,104.988925,1,1,3.0,3.0,2,0,1.239833,0,0.162279,0.619235,2,3,39.37553236426866,Obesity Type I,3149.6677499999996,3.67,Strict Fat Reduction Diet,Cardio + Walking
0,18.335019,1.771043,137.044959,1,1,3.0,3.0,2,0,2.861533,0,1.70464,0.655571,2,3,43.69229464880232,Obesity Type I,4111.3487700000005,4.8,Strict Fat Reduction Diet,Cardio + Walking
0,21.700748,1.789555,137.767787,1,1,3.0,3.0,2,0,2.832659,0,1.505775,0.923005,2,3,43.0187296337179,Obesity Type I,4133.03361,4.82,Strict Fat Reduction Diet,Cardio + Walking
0,18.222536,1.801746,141.166265,1,1,3.0,3.0,2,0,2.418488,0,1.99507,0.893514,2,3,43.48543222258821,Obesity Type I,4234.987950000001,4.94,Strict Fat Reduction Diet,Cardio + Walking
0,20.3756,1.787195,151.975864,1,1,3.0,3.0,2,0,2.304716,0,0.82666,0.914492,2,3,47.58069041822948,Obesity Type I,4559.27592,5.32,Strict Fat Reduction Diet,Cardio + Walking
0,26.0,1.644141,111.942544,1,1,3.0,3.0,2,0,2.763005,0,0.0,0.101867,2,3,41.4111273342214,Obesity Type I,3358.27632,3.92,Strict Fat Reduction Diet,Cardio + Walking
0,26.0,1.643355,111.600553,1,1,3.0,3.0,2,0,2.652616,0,0.0,0.250502,2,3,41.324115392363304,Obesity Type I,3348.01659,3.91,Strict Fat Reduction Diet,Cardio + Walking
0,26.0,1.623707,105.037463,1,1,3.0,3.0,2,0,2.553198,0,0.0,0.393838,2,3,39.84087771662129,Obesity Type I,3151.12389,3.68,Strict Fat Reduction Diet,Cardio + Walking
0,26.0,1.610636,105.423532,1,1,3.0,3.0,2,0,2.180566,0,0.0,0.519905,2,3,40.63897619288289,Obesity Type I,3162.70596,3.69,Strict Fat Reduction Diet,Cardio + Walking
0,25.943827,1.629491,104.839068,1,1,3.0,3.0,2,0,2.20979,0,0.114698,0.604422,2,3,39.48382508216453,Obesity Type I,3145.17204,3.67,Strict Fat Reduction Diet,Cardio + Walking
0,25.291974,1.684768,104.821175,1,1,3.0,3.0,2,0,1.444379,0,0.224482,0.912187,2,3,36.929107649394574,Obesity Type I,3144.63525,3.67,Strict Fat Reduction Diet,Cardio + Walking
0,25.653233,1.66494,110.92217,1,1,3.0,3.0,2,0,1.604075,0,0.029728,0.200122,2,3,40.01484901939078,Obesity Type I,3327.6650999999997,3.88,Strict Fat Reduction Diet,Cardio + Walking
0,25.783865,1.655646,110.21734,1,1,3.0,3.0,2,0,1.528258,0,0.01586,0.436068,2,3,40.208230144038275,Obesity Type I,3306.5202,3.86,Strict Fat Reduction Diet,Cardio + Walking
0,19.17614,1.666194,124.805868,1,1,3.0,3.0,2,0,1.228838,0,0.792553,0.639561,2,3,44.95560768494614,Obesity Type I,3744.1760400000003,4.37,Strict Fat Reduction Diet,Cardio + Walking
0,21.207423,1.707508,121.864326,1,1,3.0,3.0,2,0,1.615548,0,1.376534,0.926052,2,3,41.79757605004097,Obesity Type I,3655.9297800000004,4.27,Strict Fat Reduction Diet,Cardio + Walking
0,21.633056,1.754174,133.783955,1,1,3.0,3.0,2,0,1.94595,0,1.493018,0.906611,2,3,43.476912105888246,Obesity Type I,4013.51865,4.68,Strict Fat Reduction Diet,Cardio + Walking
0,21.009596,1.714193,131.866734,1,1,3.0,3.0,2,0,1.709556,0,1.592494,0.925843,2,3,44.87617318313619,Obesity Type I,3956.0020200000004,4.62,Strict Fat Reduction Diet,Cardio + Walking
0,26.0,1.62439,110.008636,1,1,3.0,3.0,2,0,2.507461,0,0.0,0.368472,2,3,41.69136989442156,Obesity Type I,3300.25908,3.85,Strict Fat Reduction Diet,Cardio + Walking
0,26.0,1.638836,110.970479,1,1,3.0,3.0,2,0,2.644135,0,0.0,0.357581,2,3,41.31773156322898,Obesity Type I,3329.11437,3.88,Strict Fat Reduction Diet,Cardio + Walking
0,26.0,1.621245,111.267334,1,1,3.0,3.0,2,0,2.605685,0,0.0,0.199227,2,3,42.33215551561567,Obesity Type I,3338.02002,3.89,Strict Fat Reduction Diet,Cardio + Walking
0,25.954511,1.623514,109.980145,1,1,3.0,3.0,2,0,2.217348,0,0.001015,0.481031,2,3,41.72556363412006,Obesity Type I,3299.40435,3.85,Strict Fat Reduction Diet,Cardio + Walking
0,21.001969,1.736215,132.145549,1,1,3.0,3.0,2,0,1.657541,0,1.672639,0.629285,2,3,43.83747503903697,Obesity Type I,3964.3664699999995,4.63,Strict Fat Reduction Diet,Cardio + Walking
0,21.772251,1.732951,132.904884,1,1,3.0,3.0,2,0,1.817899,0,1.577824,0.930836,2,3,44.255614428635795,Obesity Type I,3987.1465200000002,4.65,Strict Fat Reduction Diet,Cardio + Walking
0,23.76197,1.69135,114.480696,1,1,3.0,3.0,2,0,2.509535,0,0.334264,0.668172,2,3,40.018912771455945,Obesity Type I,3434.4208799999997,4.01,Strict Fat Reduction Diet,Cardio + Walking
0,24.449655,1.635062,113.277388,1,1,3.0,3.0,2,0,2.578038,0,0.165422,0.463196,2,3,42.37159140015642,Obesity Type I,3398.32164,3.96,Strict Fat Reduction Diet,Cardio + Walking
0,18.378203,1.746061,128.261402,1,1,3.0,3.0,2,0,2.501638,0,1.546179,0.66488,2,3,42.07045012482593,Obesity Type I,3847.84206,4.49,Strict Fat Reduction Diet,Cardio + Walking
0,19.725718,1.746529,129.363771,1,1,3.0,3.0,2,0,2.250711,0,0.64235,0.685129,2,3,42.40929612850956,Obesity Type I,3880.9131300000004,4.53,Strict Fat Reduction Diet,Cardio + Walking
0,21.344018,1.746516,144.302261,1,1,3.0,3.0,2,0,2.36651,0,1.247505,0.723366,2,3,47.30728221106271,Obesity Type I,4329.06783,5.05,Strict Fat Reduction Diet,Cardio + Walking
0,21.322097,1.751118,149.291106,1,1,3.0,3.0,2,0,2.309409,0,1.68291,0.70558,2,3,48.68588971750968,Obesity Type I,4478.73318,5.23,Strict Fat Reduction Diet,Cardio + Walking
0,19.262934,1.741014,132.57927,1,1,3.0,3.0,2,0,2.436261,0,1.464674,0.87092,2,3,43.73922629966783,Obesity Type I,3977.3781000000004,4.64,Strict Fat Reduction Diet,Cardio + Walking
0,21.566815,1.748533,133.94608,1,1,3.0,3.0,2,0,2.833566,0,1.413239,0.862724,2,3,43.810916854725996,Obesity Type I,4018.3824,4.69,Strict Fat Reduction Diet,Cardio + Walking
0,24.475242,1.694726,112.776612,1,1,3.0,3.0,2,0,2.724099,0,0.336795,0.153462,2,3,39.26630709933085,Obesity Type I,3383.29836,3.95,Strict Fat Reduction Diet,Cardio + Walking
0,25.612462,1.674515,112.879662,1,1,3.0,3.0,2,0,2.989389,0,0.36009,0.169016,2,3,40.256648525844405,Obesity Type I,3386.3898599999998,3.95,Strict Fat Reduction Diet,Cardio + Walking
0,26.0,1.631332,111.829957,1,1,3.0,3.0,2,0,2.55975,0,0.0,0.237307,2,3,42.02168348356967,Obesity Type I,3354.89871,3.91,Strict Fat Reduction Diet,Cardio + Walking
0,26.0,1.641918,111.86899,1,1,3.0,3.0,2,0,2.635454,0,0.0,0.088309,2,3,41.496052951559236,Obesity Type I,3356.0697,3.92,Strict Fat Reduction Diet,Cardio + Walking
0,26.0,1.640125,111.539494,1,1,3.0,3.0,2,0,2.625537,0,0.0,0.162494,2,3,41.464341527399405,Obesity Type I,3346.18482,3.9,Strict Fat Reduction Diet,Cardio + Walking
0,26.0,1.649178,111.914361,1,1,3.0,3.0,2,0,2.884077,0,0.0,0.096576,2,3,41.14819165528352,Obesity Type I,3357.43083,3.92,Strict Fat Reduction Diet,Cardio + Walking
0,25.96773,1.603404,105.031908,1,1,3.0,3.0,2,0,1.919473,0,0.027101,0.546137,2,3,40.854070078326686,Obesity Type I,3150.95724,3.68,Strict Fat Reduction Diet,Cardio + Walking
0,25.989938,1.644199,105.036075,1,1,3.0,3.0,2,0,2.310076,0,0.07115,0.733085,2,3,38.85346226000829,Obesity Type I,3151.08225,3.68,Strict Fat Reduction Diet,Cardio + Walking
0,26.0,1.628909,106.875927,1,1,3.0,3.0,2,0,2.686824,0,0.0,0.540812,2,3,40.279702006388675,Obesity Type I,3206.27781,3.74,Strict Fat Reduction Diet,Cardio + Walking
0,25.617227,1.628019,108.265922,1,1,3.0,3.0,2,0,1.6213,0,0.090917,0.438216,2,3,40.84819216864177,Obesity Type I,3247.97766,3.79,Strict Fat Reduction Diet,Cardio + Walking
0,21.030909,1.71818,133.466763,1,1,3.0,3.0,2,0,1.517215,0,1.486289,0.937492,2,3,45.210135499690246,Obesity Type I,4004.0028899999998,4.67,Strict Fat Reduction Diet,Cardio + Walking
0,20.951084,1.708581,131.274851,1,1,3.0,3.0,2,0,1.796956,0,1.684582,0.887388,2,3,44.96870581810777,Obesity Type I,3938.24553,4.59,Strict Fat Reduction Diet,Cardio + Walking
0,22.980221,1.724983,132.94066,1,1,3.0,3.0,2,0,2.085553,0,1.271651,0.587932,2,3,44.6774308988567,Obesity Type I,3988.2198000000003,4.65,Strict Fat Reduction Diet,Cardio + Walking
0,23.426036,1.739991,133.485478,1,1,3.0,3.0,2,0,2.837797,0,1.343875,0.803156,2,3,44.08999170794325,Obesity Type I,4004.56434,4.67,Strict Fat Reduction Diet,Cardio + Walking
0,25.999185,1.568543,102.000122,1,1,3.0,3.0,2,0,1.000544,0,0.001297,1.0,2,3,41.45795094626575,Obesity Type I,3060.0036600000003,3.57,Strict Fat Reduction Diet,Cardio + Walking
0,25.934757,1.579893,102.134646,1,1,3.0,3.0,2,0,1.005864,0,0.02006,0.695838,2,3,40.918314706014506,Obesity Type I,3064.03938,3.57,Strict Fat Reduction Diet,Cardio + Walking
0,20.327723,1.782714,154.618446,1,1,3.0,3.0,2,0,2.319559,0,1.97073,0.768375,2,3,48.65169258051864,Obesity Type I,4638.55338,5.41,Strict Fat Reduction Diet,Cardio + Walking
0,19.47219,1.793824,160.935351,1,1,3.0,3.0,2,0,2.069257,0,1.986646,0.947091,2,3,50.014023179654735,Obesity Type I,4828.06053,5.63,Strict Fat Reduction Diet,Cardio + Walking
0,26.0,1.659557,111.999096,1,1,3.0,3.0,2,0,2.956548,0,0.0,0.010056,2,3,40.66587957918845,Obesity Type I,3359.97288,3.92,Strict Fat Reduction Diet,Cardio + Walking
0,26.0,1.65782,111.95611,1,1,3.0,3.0,2,0,2.777557,0,0.0,0.051858,2,3,40.735499950301325,Obesity Type I,3358.6832999999997,3.92,Strict Fat Reduction Diet,Cardio + Walking
0,25.816445,1.684082,104.592372,1,1,3.0,3.0,2,0,1.295436,0,0.282063,0.929356,2,3,36.878525139664994,Obesity Type I,3137.77116,3.66,Strict Fat Reduction Diet,Cardio + Walking
0,25.498965,1.68395,104.846817,1,1,3.0,3.0,2,0,1.241378,0,0.259427,0.852362,2,3,36.97403652911728,Obesity Type I,3145.40451,3.67,Strict Fat Reduction Diet,Cardio + Walking
0,19.137495,1.716521,127.642324,1,1,3.0,3.0,2,0,1.313834,0,0.912334,0.707494,2,3,43.32079928274944,Obesity Type I,3829.2697200000002,4.47,Strict Fat Reduction Diet,Cardio + Walking
0,20.190733,1.680762,125.418548,1,1,3.0,3.0,2,0,1.124366,0,0.877067,0.552006,2,3,44.396560664400205,Obesity Type I,3762.55644,4.39,Strict Fat Reduction Diet,Cardio + Walking
0,26.0,1.623303,110.81746,1,1,3.0,3.0,2,0,2.673754,0,0.0,0.33929,2,3,42.05416449619929,Obesity Type I,3324.5238,3.88,Strict Fat Reduction Diet,Cardio + Walking
0,26.0,1.631856,110.804337,1,1,3.0,3.0,2,0,2.70485,0,0.0,0.243338,2,3,41.609557207123046,Obesity Type I,3324.13011,3.88,Strict Fat Reduction Diet,Cardio + Walking
0,21.840654,1.747479,136.516648,1,1,3.0,3.0,2,0,1.607531,0,1.963379,0.858392,2,3,44.70557502615472,Obesity Type I,4095.49944,4.78,Strict Fat Reduction Diet,Cardio + Walking
0,20.871667,1.782453,137.852618,1,1,3.0,3.0,2,0,2.748909,0,1.989171,0.832515,2,3,43.38892038962557,Obesity Type I,4135.57854,4.82,Strict Fat Reduction Diet,Cardio + Walking
0,21.501721,1.809871,152.394739,1,1,3.0,3.0,2,0,2.351207,0,0.246831,0.91336,2,3,46.5237519878824,Obesity Type I,4571.84217,5.33,Strict Fat Reduction Diet,Cardio + Walking
0,21.521294,1.803677,160.639405,1,1,3.0,3.0,2,0,2.404049,0,0.427905,0.639894,2,3,49.378120166451424,Obesity Type I,4819.182150000001,5.62,Strict Fat Reduction Diet,Cardio + Walking
0,18.314593,1.745602,133.554686,1,1,3.0,3.0,2,0,2.923792,0,1.536555,0.62535,2,3,43.829717245866924,Obesity Type I,4006.64058,4.67,Strict Fat Reduction Diet,Cardio + Walking
0,19.529746,1.751038,133.843033,1,1,3.0,3.0,2,0,2.955075,0,1.46046,0.655558,2,3,43.65204835124973,Obesity Type I,4015.2909899999995,4.68,Strict Fat Reduction Diet,Cardio + Walking
0,26.0,1.631547,111.588625,1,1,3.0,3.0,2,0,2.554007,0,0.0,0.252635,2,3,41.919949245499,Obesity Type I,3347.6587499999996,3.91,Strict Fat Reduction Diet,Cardio + Walking
0,26.0,1.635905,111.571076,1,1,3.0,3.0,2,0,2.511399,0,0.0,0.258472,2,3,41.690342391609654,Obesity Type I,3347.1322800000003,3.9,Strict Fat Reduction Diet,Cardio + Walking
0,26.0,1.616975,104.846218,1,1,3.0,3.0,2,0,2.653563,0,0.0,0.55415,2,3,40.100164904227576,Obesity Type I,3145.38654,3.67,Strict Fat Reduction Diet,Cardio + Walking
0,26.0,1.62788,104.92057,1,1,3.0,3.0,2,0,2.588107,0,0.0,0.465607,2,3,39.59276811066635,Obesity Type I,3147.6171,3.67,Strict Fat Reduction Diet,Cardio + Walking
0,21.768153,1.76416,133.888629,1,1,3.0,3.0,2,0,2.32502,0,1.441791,0.918468,2,3,43.01973718430366,Obesity Type I,4016.65887,4.69,Strict Fat Reduction Diet,Cardio + Walking
0,21.238416,1.763847,133.937873,1,1,3.0,3.0,2,0,2.836791,0,1.46782,0.890527,2,3,43.05083470364158,Obesity Type I,4018.1361899999997,4.69,Strict Fat Reduction Diet,Cardio + Walking
0,25.930376,1.608808,102.083964,1,1,3.0,3.0,2,0,1.019684,0,0.026033,1.0,2,3,39.44110659022042,Obesity Type I,3062.51892,3.57,Strict Fat Reduction Diet,Cardio + Walking
0,25.919571,1.610488,102.174953,1,1,3.0,3.0,2,0,1.032834,0,0.04525,0.922749,2,3,39.39394373332197,Obesity Type I,3065.24859,3.58,Strict Fat Reduction Diet,Cardio + Walking
0,25.918524,1.621231,104.986792,1,1,3.0,3.0,2,0,1.653049,0,0.139159,0.711331,2,3,39.94338503153365,Obesity Type I,3149.60376,3.67,Strict Fat Reduction Diet,Cardio + Walking
0,25.565662,1.642392,104.988082,1,1,3.0,3.0,2,0,1.204055,0,0.094851,0.603736,2,3,38.92121237903975,Obesity Type I,3149.64246,3.67,Strict Fat Reduction Diet,Cardio + Walking
0,18.744914,1.801983,138.034526,1,1,3.0,3.0,2,0,2.691591,0,1.168368,0.735372,2,3,42.509534498563816,Obesity Type I,4141.03578,4.83,Strict Fat Reduction Diet,Cardio + Walking
0,21.704699,1.787614,137.858254,1,1,3.0,3.0,2,0,2.531456,0,1.980738,0.835771,2,3,43.140510428659226,Obesity Type I,4135.74762,4.83,Strict Fat Reduction Diet,Cardio + Walking
0,20.089969,1.801478,151.417292,1,1,3.0,3.0,2,0,2.226081,0,1.881761,0.933964,2,3,46.65707934893731,Obesity Type I,4542.51876,5.3,Strict Fat Reduction Diet,Cardio + Walking
0,18.120739,1.807576,152.567671,1,1,3.0,3.0,2,0,2.164718,0,1.999631,0.941336,2,3,46.69489292552215,Obesity Type I,4577.03013,5.34,Strict Fat Reduction Diet,Cardio + Walking
0,26.0,1.650125,111.939671,1,1,3.0,3.0,2,0,2.770732,0,0.0,0.125235,2,3,41.11027084331649,Obesity Type I,3358.19013,3.92,Strict Fat Reduction Diet,Cardio + Walking
0,26.0,1.652674,111.919155,1,1,3.0,3.0,2,0,2.814517,0,0.0,0.101598,2,3,40.97604451715118,Obesity Type I,3357.57465,3.92,Strict Fat Reduction Diet,Cardio + Walking
0,25.986185,1.663632,105.122109,1,1,3.0,3.0,2,0,1.626467,0,0.010183,0.412806,2,3,37.982149111505414,Obesity Type I,3153.66327,3.68,Strict Fat Reduction Diet,Cardio + Walking
0,25.982113,1.627818,105.428628,1,1,3.0,3.0,2,0,1.48075,0,0.098043,0.663492,2,3,39.78751926048898,Obesity Type I,3162.85884,3.69,Strict Fat Reduction Diet,Cardio + Walking
0,25.748627,1.66877,104.774144,1,1,3.0,3.0,2,0,1.526416,0,0.180158,0.747909,2,3,37.62366977637251,Obesity Type I,3143.2243200000003,3.67,Strict Fat Reduction Diet,Cardio + Walking
0,25.959772,1.642098,104.966758,1,1,3.0,3.0,2,0,1.482002,0,0.204108,0.657221,2,3,38.92724240582724,Obesity Type I,3149.00274,3.67,Strict Fat Reduction Diet,Cardio + Walking
0,25.653233,1.65757,109.931233,1,1,3.0,3.0,2,0,1.610472,0,0.029728,0.472343,2,3,40.01080996903557,Obesity Type I,3297.93699,3.85,Strict Fat Reduction Diet,Cardio + Walking
0,25.783865,1.643111,109.910012,1,1,3.0,3.0,2,0,1.530992,0,0.01586,0.445495,2,3,40.71021997767448,Obesity Type I,3297.3003599999997,3.85,Strict Fat Reduction Diet,Cardio + Walking
0,21.412434,1.675562,121.639178,1,1,3.0,3.0,2,0,1.484938,0,0.74225,0.604692,2,3,43.32638671502868,Obesity Type I,3649.1753400000002,4.26,Strict Fat Reduction Diet,Cardio + Walking
0,22.77789,1.661415,120.748213,1,1,3.0,3.0,2,0,1.91039,0,0.217455,0.77582,2,3,43.74460082294983,Obesity Type I,3622.44639,4.23,Strict Fat Reduction Diet,Cardio + Walking
0,21.140165,1.713133,133.735889,1,1,3.0,3.0,2,0,1.411365,0,1.564618,0.910683,2,3,45.56861270379063,Obesity Type I,4012.0766699999995,4.68,Strict Fat Reduction Diet,Cardio + Walking
0,21.413498,1.7199,133.886031,1,1,3.0,3.0,2,0,2.41752,0,1.556155,0.873936,2,3,45.26149286808129,Obesity Type I,4016.58093,4.69,Strict Fat Reduction Diet,Cardio + Walking
0,26.0,1.622701,109.982692,1,1,3.0,3.0,2,0,2.688229,0,0.0,0.451377,2,3,41.76835178032716,Obesity Type I,3299.48076,3.85,Strict Fat Reduction Diet,Cardio + Walking
0,26.0,1.622468,110.400847,1,1,3.0,3.0,2,0,2.695094,0,0.0,0.413474,2,3,41.93919840586009,Obesity Type I,3312.02541,3.86,Strict Fat Reduction Diet,Cardio + Walking
0,26.0,1.618867,110.777391,1,1,3.0,3.0,2,0,2.618198,0,0.0,0.380695,2,3,42.26966365363402,Obesity Type I,3323.3217299999997,3.88,Strict Fat Reduction Diet,Cardio + Walking
0,26.0,1.600905,110.074946,1,1,3.0,3.0,2,0,2.555189,0,0.0,0.462973,2,3,42.94942550276982,Obesity Type I,3302.24838,3.85,Strict Fat Reduction Diet,Cardio + Walking
0,21.391371,1.730636,131.902591,1,1,3.0,3.0,2,0,1.419136,0,1.700889,0.930888,2,3,44.03944727192056,Obesity Type I,3957.07773,4.62,Strict Fat Reduction Diet,Cardio + Walking
0,21.051982,1.729719,131.877558,1,1,3.0,3.0,2,0,1.422483,0,1.708971,0.673009,2,3,44.07778729294239,Obesity Type I,3956.32674,4.62,Strict Fat Reduction Diet,Cardio + Walking
0,23.455303,1.677672,114.470482,1,1,3.0,3.0,2,0,2.426094,0,0.294763,0.737226,2,3,40.670489443357155,Obesity Type I,3434.1144600000002,4.01,Strict Fat Reduction Diet,Cardio + Walking
0,23.69484,1.637524,113.90506,1,1,3.0,3.0,2,0,2.495961,0,0.189831,0.652289,2,3,42.478352982502386,Obesity Type I,3417.1518,3.99,Strict Fat Reduction Diet,Cardio + Walking
0,20.601222,1.738717,128.114161,1,1,3.0,3.0,2,0,1.797041,0,1.427413,0.966181,2,3,42.37789065382718,Obesity Type I,3843.42483,4.48,Strict Fat Reduction Diet,Cardio + Walking
0,20.81158,1.741193,128.763843,1,1,3.0,3.0,2,0,1.768111,0,0.616503,0.968151,2,3,42.4717449982583,Obesity Type I,3862.9152900000004,4.51,Strict Fat Reduction Diet,Cardio + Walking
0,19.993565,1.792833,152.43563,1,1,3.0,3.0,2,0,2.365188,0,1.256115,0.760091,2,3,47.42494271843313,Obesity Type I,4573.0689,5.34,Strict Fat Reduction Diet,Cardio + Walking
0,20.074449,1.810427,152.217135,1,1,3.0,3.0,2,0,2.299156,0,1.699056,0.729722,2,3,46.440994118070854,Obesity Type I,4566.514050000001,5.33,Strict Fat Reduction Diet,Cardio + Walking
0,18.904037,1.743589,133.281333,1,1,3.0,3.0,2,0,2.684819,0,1.46525,0.804491,2,3,43.84106410080448,Obesity Type I,3998.43999,4.66,Strict Fat Reduction Diet,Cardio + Walking
0,19.783234,1.747962,133.936535,1,1,3.0,3.0,2,0,2.84174,0,1.429256,0.775378,2,3,43.83642060933492,Obesity Type I,4018.0960499999997,4.69,Strict Fat Reduction Diet,Cardio + Walking
0,24.291205,1.71146,113.372851,1,1,3.0,3.0,2,0,2.796894,0,0.382189,0.16779,2,3,38.705756612595735,Obesity Type I,3401.1855299999997,3.97,Strict Fat Reduction Diet,Cardio + Walking
0,25.311534,1.685482,113.451224,1,1,3.0,3.0,2,0,2.987718,0,0.387074,0.283804,2,3,39.935667521877804,Obesity Type I,3403.53672,3.97,Strict Fat Reduction Diet,Cardio + Walking
0,26.0,1.639251,111.927001,1,1,3.0,3.0,2,0,2.675567,0,0.0,0.081929,2,3,41.65277619016687,Obesity Type I,3357.81003,3.92,Strict Fat Reduction Diet,Cardio + Walking
0,26.0,1.654784,111.933152,1,1,3.0,3.0,2,0,2.770125,0,0.0,0.088236,2,3,40.87672632309213,Obesity Type I,3357.99456,3.92,Strict Fat Reduction Diet,Cardio + Walking
0,26.0,1.641209,111.856492,1,1,3.0,3.0,2,0,2.621877,0,0.0,0.153669,2,3,41.52727322570336,Obesity Type I,3355.6947600000003,3.91,Strict Fat Reduction Diet,Cardio + Walking
0,26.0,1.643167,111.894229,1,1,3.0,3.0,2,0,2.72005,0,0.0,0.127443,2,3,41.4423409600643,Obesity Type I,3356.82687,3.92,Strict Fat Reduction Diet,Cardio + Walking
0,25.966504,1.63073,104.790549,1,1,3.0,3.0,2,0,2.436097,0,0.129178,0.683736,2,3,39.405604480112764,Obesity Type I,3143.71647,3.67,Strict Fat Reduction Diet,Cardio + Walking
0,25.950898,1.649867,104.791035,1,1,3.0,3.0,2,0,2.535629,0,0.152713,0.7702,2,3,38.49694421592063,Obesity Type I,3143.73105,3.67,Strict Fat Reduction Diet,Cardio + Walking
0,26.0,1.613574,107.012256,1,1,3.0,3.0,2,0,2.678779,0,0.0,0.508848,2,3,41.10131766569172,Obesity Type I,3210.36768,3.75,Strict Fat Reduction Diet,Cardio + Walking
0,26.0,1.627532,106.69053,1,1,3.0,3.0,2,0,2.569713,0,0.0,0.396972,2,3,40.27789820708425,Obesity Type I,3200.7158999999997,3.73,Strict Fat Reduction Diet,Cardio + Walking
0,20.848608,1.726606,131.76807,1,1,3.0,3.0,2,0,1.759352,0,1.469928,0.950438,2,3,44.20014492901048,Obesity Type I,3953.0420999999997,4.61,Strict Fat Reduction Diet,Cardio + Walking
0,20.801791,1.721476,131.042274,1,1,3.0,3.0,2,0,1.837184,0,1.525165,0.926443,2,3,44.219056941909365,Obesity Type I,3931.26822,4.59,Strict Fat Reduction Diet,Cardio + Walking
0,23.712641,1.742901,132.8071,1,1,3.0,3.0,2,0,2.856795,0,1.046463,0.586163,2,3,43.71956732964607,Obesity Type I,3984.2129999999997,4.65,Strict Fat Reduction Diet,Cardio + Walking
0,24.063874,1.737313,133.166595,1,1,3.0,3.0,2,0,2.846259,0,1.295759,0.723154,2,3,44.12037107057752,Obesity Type I,3994.99785,4.66,Strict Fat Reduction Diet,Cardio + Walking
0,25.95774,1.62414,102.233445,1,1,3.0,3.0,2,0,1.067716,0,0.030541,1.0,2,3,38.75663569509493,Obesity Type I,3067.00335,3.58,Strict Fat Reduction Diet,Cardio + Walking
0,25.909353,1.644078,102.277765,1,1,3.0,3.0,2,0,1.029241,0,0.075776,1.0,2,3,37.838716212487846,Obesity Type I,3068.33295,3.58,Strict Fat Reduction Diet,Cardio + Walking
0,25.954995,1.592529,102.874549,1,1,3.0,3.0,2,0,1.074412,0,0.006265,0.845633,2,3,40.5632967868826,Obesity Type I,3086.23647,3.6,Strict Fat Reduction Diet,Cardio + Walking
0,25.908829,1.607734,102.305767,1,1,3.0,3.0,2,0,1.030501,0,0.06582,0.991473,2,3,39.57962938376288,Obesity Type I,3069.17301,3.58,Strict Fat Reduction Diet,Cardio + Walking
0,19.297004,1.817271,141.917802,1,1,3.0,3.0,2,0,2.699675,0,1.520818,0.76399,2,3,42.97317914903132,Obesity Type I,4257.53406,4.97,Strict Fat Reduction Diet,Cardio + Walking
0,18.301773,1.808765,140.292018,1,1,3.0,3.0,2,0,2.830247,0,1.783138,0.789064,2,3,42.88137185843751,Obesity Type I,4208.76054,4.91,Strict Fat Reduction Diet,Cardio + Walking
0,19.872667,1.817231,152.371911,1,1,3.0,3.0,2,0,2.305521,0,1.956278,0.92376,2,3,46.14074906853087,Obesity Type I,4571.15733,5.33,Strict Fat Reduction Diet,Cardio + Walking
0,18.13782,1.819728,151.278532,1,1,3.0,3.0,2,0,2.155926,0,1.999836,0.94603,2,3,45.68402350504319,Obesity Type I,4538.355960000001,5.29,Strict Fat Reduction Diet,Cardio + Walking
0,26.0,1.656465,111.949972,1,1,3.0,3.0,2,0,2.784303,0,0.0,0.127775,2,3,40.799934076481414,Obesity Type I,3358.4991600000003,3.92,Strict Fat Reduction Diet,Cardio + Walking
0,26.0,1.648143,111.950113,1,1,3.0,3.0,2,0,2.786417,0,0.0,0.079673,2,3,41.21304997997477,Obesity Type I,3358.50339,3.92,Strict Fat Reduction Diet,Cardio + Walking
0,26.0,1.622703,111.216192,1,1,3.0,3.0,2,0,2.707201,0,0.0,0.167272,2,3,42.23669648237708,Obesity Type I,3336.48576,3.89,Strict Fat Reduction Diet,Cardio + Walking
0,26.0,1.640606,111.036881,1,1,3.0,3.0,2,0,2.709428,0,0.0,0.228486,2,3,41.25329695754301,Obesity Type I,3331.10643,3.89,Strict Fat Reduction Diet,Cardio + Walking
0,25.42724,1.683502,104.759643,1,1,3.0,3.0,2,0,1.525127,0,0.220825,0.896105,2,3,36.96295949947392,Obesity Type I,3142.7892899999997,3.67,Strict Fat Reduction Diet,Cardio + Walking
0,25.795187,1.669039,104.593929,1,1,3.0,3.0,2,0,1.554925,0,0.209586,0.823069,2,3,37.546849994979546,Obesity Type I,3137.81787,3.66,Strict Fat Reduction Diet,Cardio + Walking
0,25.493586,1.673665,104.704707,1,1,3.0,3.0,2,0,1.170515,0,0.264831,0.896842,2,3,37.379125569638404,Obesity Type I,3141.14121,3.66,Strict Fat Reduction Diet,Cardio + Walking
0,25.524336,1.668931,104.768318,1,1,3.0,3.0,2,0,1.436616,0,0.167086,0.764717,2,3,37.61431942298028,Obesity Type I,3143.04954,3.67,Strict Fat Reduction Diet,Cardio + Walking
0,20.908785,1.700996,126.490236,1,1,3.0,3.0,2,0,1.242832,0,0.530925,0.575969,2,3,43.71700669915013,Obesity Type I,3794.7070799999997,4.43,Strict Fat Reduction Diet,Cardio + Walking
0,20.781751,1.734092,125.117633,1,1,3.0,3.0,2,0,1.54249,0,0.6277,0.450479,2,3,41.607751824546405,Obesity Type I,3753.52899,4.38,Strict Fat Reduction Diet,Cardio + Walking
0,21.289104,1.708291,130.986338,1,1,3.0,3.0,2,0,1.205548,0,1.723934,0.952352,2,3,44.885110118953776,Obesity Type I,3929.59014,4.58,Strict Fat Reduction Diet,Cardio + Walking
0,21.210732,1.716497,130.871127,1,1,3.0,3.0,2,0,1.301657,0,1.718543,0.947884,2,3,44.4178716587018,Obesity Type I,3926.1338100000003,4.58,Strict Fat Reduction Diet,Cardio + Walking
0,26.0,1.62495,111.00492,1,1,3.0,3.0,2,0,2.704315,0,0.0,0.322666,2,3,42.03995318808736,Obesity Type I,3330.1476,3.89,Strict Fat Reduction Diet,Cardio + Walking
0,26.0,1.594776,110.640929,1,1,3.0,3.0,2,0,2.639816,0,0.0,0.452236,2,3,43.502721915932305,Obesity Type I,3319.22787,3.87,Strict Fat Reduction Diet,Cardio + Walking
0,26.0,1.626503,110.818757,1,1,3.0,3.0,2,0,2.708927,0,0.0,0.278962,2,3,41.889341882637055,Obesity Type I,3324.56271,3.88,Strict Fat Reduction Diet,Cardio + Walking
0,26.0,1.624576,110.803117,1,1,3.0,3.0,2,0,2.704827,0,0.0,0.269577,2,3,41.9828494462592,Obesity Type I,3324.09351,3.88,Strict Fat Reduction Diet,Cardio + Walking
0,21.656907,1.729099,134.842656,1,1,3.0,3.0,2,0,1.3954,0,1.931173,0.878258,2,3,45.10114618130201,Obesity Type I,4045.27968,4.72,Strict Fat Reduction Diet,Cardio + Walking
0,21.760734,1.73581,135.346677,1,1,3.0,3.0,2,0,2.611654,0,1.618512,0.868788,2,3,44.92035973146683,Obesity Type I,4060.40031,4.74,Strict Fat Reduction Diet,Cardio + Walking
0,21.028989,1.748524,133.878843,1,1,3.0,3.0,2,0,2.868167,0,1.48372,0.83509,2,3,43.7893758423243,Obesity Type I,4016.3652899999997,4.69,Strict Fat Reduction Diet,Cardio + Walking
0,21.282238,1.748951,133.662583,1,1,3.0,3.0,2,0,2.247979,0,1.609938,0.849236,2,3,43.69729617579136,Obesity Type I,4009.8774900000003,4.68,Strict Fat Reduction Diet,Cardio + Walking
0,20.388049,1.777971,137.785027,1,1,3.0,3.0,2,0,2.702789,0,1.606109,0.731213,2,3,43.58656855399239,Obesity Type I,4133.550810000001,4.82,Strict Fat Reduction Diet,Cardio + Walking
0,21.022206,1.73995,135.693381,1,1,3.0,3.0,2,0,1.663213,0,1.094035,0.786665,2,3,44.82136999812598,Obesity Type I,4070.8014299999995,4.75,Strict Fat Reduction Diet,Cardio + Walking
0,20.102241,1.816868,153.959945,1,1,3.0,3.0,2,0,2.414739,0,1.917014,0.927982,2,3,46.6402635180873,Obesity Type I,4618.79835,5.39,Strict Fat Reduction Diet,Cardio + Walking
0,21.291969,1.8002,155.242672,1,1,3.0,3.0,2,0,2.351193,0,1.051889,0.686491,2,3,47.90375906707448,Obesity Type I,4657.28016,5.43,Strict Fat Reduction Diet,Cardio + Walking
0,20.530998,1.74647,133.644711,1,1,3.0,3.0,2,0,2.896088,0,1.612741,0.77319,2,3,43.81567598171338,Obesity Type I,4009.34133,4.68,Strict Fat Reduction Diet,Cardio + Walking
0,18.976968,1.759091,133.903612,1,1,3.0,3.0,2,0,2.862408,0,1.456933,0.742423,2,3,43.27286788945636,Obesity Type I,4017.10836,4.69,Strict Fat Reduction Diet,Cardio + Walking
0,20.924956,1.752531,133.618706,1,1,3.0,3.0,2,0,2.887659,0,1.480919,0.779641,2,3,43.50466652160695,Obesity Type I,4008.56118,4.68,Strict Fat Reduction Diet,Cardio + Walking
0,21.28253,1.761773,133.903469,1,1,3.0,3.0,2,0,2.893062,0,1.408177,0.807457,2,3,43.141170926643774,Obesity Type I,4017.10407,4.69,Strict Fat Reduction Diet,Cardio + Walking
0,26.0,1.633195,111.883747,1,1,3.0,3.0,2,0,2.619517,0,0.0,0.140368,2,3,41.94603541448875,Obesity Type I,3356.51241,3.92,Strict Fat Reduction Diet,Cardio + Walking
0,26.0,1.633945,111.9307,1,1,3.0,3.0,2,0,2.682804,0,0.0,0.15171,2,3,41.92512367054178,Obesity Type I,3357.9210000000003,3.92,Strict Fat Reduction Diet,Cardio + Walking
0,26.0,1.641601,111.830924,1,1,3.0,3.0,2,0,2.552388,0,0.0,0.196288,2,3,41.497955179329885,Obesity Type I,3354.9277199999997,3.91,Strict Fat Reduction Diet,Cardio + Walking
0,26.0,1.641132,111.841706,1,1,3.0,3.0,2,0,2.617401,0,0.0,0.200379,2,3,41.52568024920383,Obesity Type I,3355.25118,3.91,Strict Fat Reduction Diet,Cardio + Walking
0,25.999174,1.638218,104.810024,1,1,3.0,3.0,2,0,2.654636,0,0.069238,0.629578,2,3,39.053452503185355,Obesity Type I,3144.30072,3.67,Strict Fat Reduction Diet,Cardio + Walking
0,25.999942,1.627483,104.881994,1,1,3.0,3.0,2,0,2.569364,0,0.159255,0.419446,2,3,39.59752246642627,Obesity Type I,3146.45982,3.67,Strict Fat Reduction Diet,Cardio + Walking
0,26.0,1.610225,104.936381,1,1,3.0,3.0,2,0,1.322004,0,0.0,0.539876,2,3,40.47184024646214,Obesity Type I,3148.09143,3.67,Strict Fat Reduction Diet,Cardio + Walking
0,26.0,1.61739,105.013901,1,1,3.0,3.0,2,0,1.292479,0,0.0,0.541309,2,3,40.14368946531301,Obesity Type I,3150.41703,3.68,Strict Fat Reduction Diet,Cardio + Walking
0,23.365041,1.744319,133.45249,1,1,3.0,3.0,2,0,2.839069,0,1.231031,0.792496,2,3,43.86062931445097,Obesity Type I,4003.5747,4.67,Strict Fat Reduction Diet,Cardio + Walking
0,23.421726,1.755467,133.478611,1,1,3.0,3.0,2,0,2.843782,0,1.302507,0.773807,2,3,43.31380520082288,Obesity Type I,4004.35833,4.67,Strict Fat Reduction Diet,Cardio + Walking
0,18.826782,1.746416,133.747012,1,1,3.0,3.0,2,0,2.858389,0,1.444382,0.713823,2,3,43.851927280111056,Obesity Type I,4012.4103600000003,4.68,Strict Fat Reduction Diet,Cardio + Walking
0,18.94093,1.746411,133.676663,1,1,3.0,3.0,2,0,2.864933,0,1.501647,0.786846,2,3,43.82911276429377,Obesity Type I,4010.29989,4.68,Strict Fat Reduction Diet,Cardio + Walking
0,25.921678,1.611452,102.363149,1,1,3.0,3.0,2,0,1.031701,0,0.03465,0.912345,2,3,39.41929837881382,Obesity Type I,3070.89447,3.58,Strict Fat Reduction Diet,Cardio + Walking
0,25.940153,1.596813,102.320437,1,1,3.0,3.0,2,0,1.000536,0,0.005939,0.566353,2,3,40.12862389560469,Obesity Type I,3069.61311,3.58,Strict Fat Reduction Diet,Cardio + Walking
0,25.999636,1.610126,102.686908,1,1,3.0,3.0,2,0,1.020313,0,0.108386,1.0,2,3,39.60913435175194,Obesity Type I,3080.6072400000003,3.59,Strict Fat Reduction Diet,Cardio + Walking
0,25.907833,1.623113,102.555691,1,1,3.0,3.0,2,0,1.063422,0,0.051097,0.543118,2,3,38.928014453765385,Obesity Type I,3076.67073,3.59,Strict Fat Reduction Diet,Cardio + Walking
0,25.991194,1.618348,104.94582,1,1,3.0,3.0,2,0,2.45126,0,0.043689,0.670402,2,3,40.07018194320742,Obesity Type I,3148.3746,3.67,Strict Fat Reduction Diet,Cardio + Walking
0,25.993154,1.609401,104.854928,1,1,3.0,3.0,2,0,2.613504,0,0.067985,0.778632,2,3,40.48184639897011,Obesity Type I,3145.64784,3.67,Strict Fat Reduction Diet,Cardio + Walking
0,25.988668,1.621671,105.313967,1,1,3.0,3.0,2,0,1.042989,0,0.097114,0.42954,2,3,40.04612249373148,Obesity Type I,3159.41901,3.69,Strict Fat Reduction Diet,Cardio + Walking
0,25.976209,1.614484,104.999403,1,1,3.0,3.0,2,0,1.237557,0,0.083675,0.543761,2,3,40.28277114262707,Obesity Type I,3149.98209,3.67,Strict Fat Reduction Diet,Cardio + Walking
0,18.743587,1.789143,138.202869,1,1,3.0,3.0,2,0,2.83377,0,0.806422,0.672513,2,3,43.17446369827797,Obesity Type I,4146.086069999999,4.84,Strict Fat Reduction Diet,Cardio + Walking
0,20.323767,1.774207,138.143162,1,1,3.0,3.0,2,0,2.816052,0,1.571865,0.688058,2,3,43.88547624713168,Obesity Type I,4144.29486,4.84,Strict Fat Reduction Diet,Cardio + Walking
0,21.394047,1.792933,137.832414,1,1,3.0,3.0,2,0,2.682909,0,1.318743,0.900497,2,3,42.87688643977227,Obesity Type I,4134.97242,4.82,Strict Fat Reduction Diet,Cardio + Walking
0,21.838323,1.758959,137.79299,1,1,3.0,3.0,2,0,2.640539,0,1.879818,0.885993,2,3,44.536459703223315,Obesity Type I,4133.7897,4.82,Strict Fat Reduction Diet,Cardio + Walking
0,18.20634,1.807406,141.799429,1,1,3.0,3.0,2,0,2.472903,0,1.998047,0.840911,2,3,43.40732696605061,Obesity Type I,4253.98287,4.96,Strict Fat Reduction Diet,Cardio + Walking
0,18.532826,1.75091,142.545183,1,1,3.0,3.0,2,0,2.372058,0,1.324805,0.870795,2,3,46.49699642847757,Obesity Type I,4276.35549,4.99,Strict Fat Reduction Diet,Cardio + Walking
0,20.438478,1.805803,153.149491,1,1,3.0,3.0,2,0,2.387991,0,0.850715,0.656491,2,3,46.965053064889005,Obesity Type I,4594.48473,5.36,Strict Fat Reduction Diet,Cardio + Walking
0,20.796266,1.796538,152.473675,1,1,3.0,3.0,2,0,2.322003,0,0.886602,0.843283,2,3,47.24132310180553,Obesity Type I,4574.210249999999,5.34,Strict Fat Reduction Diet,Cardio + Walking
0,26.0,1.634894,111.946321,1,1,3.0,3.0,2,0,2.737353,0,0.0,0.076094,2,3,41.882309860058186,Obesity Type I,3358.38963,3.92,Strict Fat Reduction Diet,Cardio + Walking
0,26.0,1.639524,111.945588,1,1,3.0,3.0,2,0,2.739351,0,0.0,0.064769,2,3,41.64582069861573,Obesity Type I,3358.36764,3.92,Strict Fat Reduction Diet,Cardio + Walking
0,26.0,1.643017,111.720238,1,1,3.0,3.0,2,0,2.632498,0,0.0,0.140792,2,3,41.3854553702373,Obesity Type I,3351.60714,3.91,Strict Fat Reduction Diet,Cardio + Walking
0,26.0,1.641849,111.682693,1,1,3.0,3.0,2,0,2.632253,0,0.0,0.244205,2,3,41.430431065477926,Obesity Type I,3350.48079,3.91,Strict Fat Reduction Diet,Cardio + Walking
0,26.0,1.621167,104.947703,1,1,3.0,3.0,2,0,2.57721,0,0.0,0.402075,2,3,39.93166582627691,Obesity Type I,3148.43109,3.67,Strict Fat Reduction Diet,Cardio + Walking
0,25.992898,1.638075,105.036522,1,1,3.0,3.0,2,0,2.419153,0,0.019404,0.597626,2,3,39.14468191034727,Obesity Type I,3151.09566,3.68,Strict Fat Reduction Diet,Cardio + Walking
0,26.0,1.60937,105.407313,1,1,3.0,3.0,2,0,2.609052,0,0.0,0.54859,2,3,40.69667610224539,Obesity Type I,3162.21939,3.69,Strict Fat Reduction Diet,Cardio + Walking
0,26.0,1.608283,105.359688,1,1,3.0,3.0,2,0,2.476002,0,0.0,0.546345,2,3,40.73329412723146,Obesity Type I,3160.79064,3.69,Strict Fat Reduction Diet,Cardio + Walking
0,25.951737,1.629442,104.835346,1,1,3.0,3.0,2,0,2.225139,0,0.035928,0.565315,2,3,39.48479796459664,Obesity Type I,3145.06038,3.67,Strict Fat Reduction Diet,Cardio + Walking
0,25.982261,1.629225,104.838425,1,1,3.0,3.0,2,0,2.556068,0,0.01682,0.58284,2,3,39.49647676840831,Obesity Type I,3145.15275,3.67,Strict Fat Reduction Diet,Cardio + Walking
0,25.470652,1.680218,104.807284,1,1,3.0,3.0,2,0,1.423073,0,0.197993,0.763359,2,3,37.124464749063755,Obesity Type I,3144.21852,3.67,Strict Fat Reduction Diet,Cardio + Walking
0,25.289428,1.686033,104.772164,1,1,3.0,3.0,2,0,1.299194,0,0.234303,0.946888,2,3,36.85647299826425,Obesity Type I,3143.16492,3.67,Strict Fat Reduction Diet,Cardio + Walking
0,25.696073,1.662978,110.930509,1,1,3.0,3.0,2,0,1.679489,0,0.017804,0.21523,2,3,40.11234002143127,Obesity Type I,3327.91527,3.88,Strict Fat Reduction Diet,Cardio + Walking
0,25.561868,1.675185,110.621723,1,1,3.0,3.0,2,0,1.49583,0,0.109327,0.384129,2,3,39.4198409282925,Obesity Type I,3318.65169,3.87,Strict Fat Reduction Diet,Cardio + Walking
0,25.834018,1.62456,110.10589,1,1,3.0,3.0,2,0,1.81786,0,0.011161,0.447224,2,3,41.71949474105014,Obesity Type I,3303.1767,3.85,Strict Fat Reduction Diet,Cardio + Walking
0,25.895546,1.626179,110.074019,1,1,3.0,3.0,2,0,1.967707,0,0.01437,0.434073,2,3,41.62441346048056,Obesity Type I,3302.2205700000004,3.85,Strict Fat Reduction Diet,Cardio + Walking
0,19.035557,1.682594,127.427458,1,1,3.0,3.0,2,0,1.441289,0,1.425712,0.662277,2,3,45.009516508637454,Obesity Type I,3822.82374,4.46,Strict Fat Reduction Diet,Cardio + Walking
0,18.634286,1.669354,126.088301,1,1,3.0,3.0,2,0,1.144539,0,0.922014,0.899673,2,3,45.245762194614755,Obesity Type I,3782.64903,4.41,Strict Fat Reduction Diet,Cardio + Walking
0,20.700876,1.68838,121.889803,1,1,3.0,3.0,2,0,1.353167,0,1.093679,0.534553,2,3,42.758944595936875,Obesity Type I,3656.69409,4.27,Strict Fat Reduction Diet,Cardio + Walking
0,20.741442,1.694439,122.813033,1,1,3.0,3.0,2,0,1.409444,0,0.933595,0.840393,2,3,42.77525224622103,Obesity Type I,3684.3909900000003,4.3,Strict Fat Reduction Diet,Cardio + Walking
0,21.695892,1.755476,133.870501,1,1,3.0,3.0,2,0,1.959287,0,1.433151,0.911335,2,3,43.4405280673842,Obesity Type I,4016.11503,4.69,Strict Fat Reduction Diet,Cardio + Walking
0,21.635977,1.748106,133.259033,1,1,3.0,3.0,2,0,1.931163,0,1.562213,0.926565,2,3,43.60749408912462,Obesity Type I,3997.7709899999995,4.66,Strict Fat Reduction Diet,Cardio + Walking
0,21.232659,1.719913,131.567481,1,1,3.0,3.0,2,0,1.651462,0,1.655993,0.939982,2,3,44.477011811603724,Obesity Type I,3947.0244299999995,4.6,Strict Fat Reduction Diet,Cardio + Walking
0,21.008297,1.723587,131.929712,1,1,3.0,3.0,2,0,1.683448,0,1.645532,0.858059,2,3,44.40953182592802,Obesity Type I,3957.8913599999996,4.62,Strict Fat Reduction Diet,Cardio + Walking
0,25.962949,1.623812,109.996742,1,1,3.0,3.0,2,0,2.395387,0,0.000272,0.461532,2,3,41.7165446447255,Obesity Type I,3299.90226,3.85,Strict Fat Reduction Diet,Cardio + Walking
0,26.0,1.624099,109.978402,1,1,3.0,3.0,2,0,2.523793,0,0.0,0.383953,2,3,41.694849171755536,Obesity Type I,3299.35206,3.85,Strict Fat Reduction Diet,Cardio + Walking
0,26.0,1.632983,111.157811,1,1,3.0,3.0,2,0,2.638896,0,0.0,0.224559,2,3,41.684697917811526,Obesity Type I,3334.7343299999998,3.89,Strict Fat Reduction Diet,Cardio + Walking
0,26.0,1.640745,110.919646,1,1,3.0,3.0,2,0,2.666178,0,0.0,0.276907,2,3,41.202758800577676,Obesity Type I,3327.58938,3.88,Strict Fat Reduction Diet,Cardio + Walking
0,26.0,1.629727,111.275646,1,1,3.0,3.0,2,0,2.495851,0,0.0,0.218645,2,3,41.89579182293466,Obesity Type I,3338.2693799999997,3.89,Strict Fat Reduction Diet,Cardio + Walking
0,26.0,1.624134,111.531208,1,1,3.0,3.0,2,0,2.609188,0,0.0,0.17403,2,3,42.281724290113786,Obesity Type I,3345.93624,3.9,Strict Fat Reduction Diet,Cardio + Walking
0,25.964788,1.623938,109.984263,1,1,3.0,3.0,2,0,2.471721,0,9.6e-05,0.433463,2,3,41.70533943363345,Obesity Type I,3299.52789,3.85,Strict Fat Reduction Diet,Cardio + Walking
0,25.994949,1.593321,110.168166,1,1,3.0,3.0,2,0,2.447306,0,0.000454,0.486558,2,3,43.39598588823372,Obesity Type I,3305.04498,3.86,Strict Fat Reduction Diet,Cardio + Walking
0,20.952737,1.730333,132.116491,1,1,3.0,3.0,2,0,1.674061,0,1.683497,0.780199,2,3,44.12631382625977,Obesity Type I,3963.49473,4.62,Strict Fat Reduction Diet,Cardio + Walking
0,20.978166,1.721057,132.054793,1,1,3.0,3.0,2,0,1.678791,0,1.68249,0.818871,2,3,44.58242223380794,Obesity Type I,3961.6437899999996,4.62,Strict Fat Reduction Diet,Cardio + Walking
0,21.67447,1.71978,132.262558,1,1,3.0,3.0,2,0,1.777805,0,1.584716,0.927341,2,3,44.71890180519583,Obesity Type I,3967.8767400000006,4.63,Strict Fat Reduction Diet,Cardio + Walking
0,21.568951,1.699315,133.10761,1,1,3.0,3.0,2,0,1.733306,0,1.773304,0.921136,2,3,46.095136312623445,Obesity Type I,3993.2282999999998,4.66,Strict Fat Reduction Diet,Cardio + Walking
0,23.647935,1.681394,114.479459,1,1,3.0,3.0,2,0,2.435978,0,0.232742,0.692608,2,3,40.49380449607795,Obesity Type I,3434.3837700000004,4.01,Strict Fat Reduction Diet,Cardio + Walking
0,24.196367,1.697421,114.482386,1,1,3.0,3.0,2,0,2.909675,0,0.360908,0.573887,2,3,39.73374777231282,Obesity Type I,3434.4715800000004,4.01,Strict Fat Reduction Diet,Cardio + Walking
0,24.284833,1.650726,113.774198,1,1,3.0,3.0,2,0,2.75137,0,0.324913,0.516764,2,3,41.75358778588377,Obesity Type I,3413.22594,3.98,Strict Fat Reduction Diet,Cardio + Walking
0,24.693108,1.667383,112.982549,1,1,3.0,3.0,2,0,2.887909,0,0.312923,0.210997,2,3,40.63877704013467,Obesity Type I,3389.47647,3.95,Strict Fat Reduction Diet,Cardio + Walking
0,18.862264,1.746277,128.705761,1,1,3.0,3.0,2,0,2.411582,0,0.985287,0.675076,2,3,42.205759394349336,Obesity Type I,3861.17283,4.5,Strict Fat Reduction Diet,Cardio + Walking
0,18.423482,1.735461,126.798173,1,1,3.0,3.0,2,0,2.38639,0,1.544632,0.900067,2,3,42.10011469653097,Obesity Type I,3803.9451900000004,4.44,Strict Fat Reduction Diet,Cardio + Walking
0,20.394082,1.747714,128.148108,1,1,3.0,3.0,2,0,2.232601,0,0.554323,0.836151,2,3,41.95381591479212,Obesity Type I,3844.44324,4.49,Strict Fat Reduction Diet,Cardio + Walking
0,20.217015,1.71582,129.466541,1,1,3.0,3.0,2,0,1.755907,0,1.48809,0.857718,2,3,43.97583489784527,Obesity Type I,3883.99623,4.53,Strict Fat Reduction Diet,Cardio + Walking
0,21.330178,1.747987,147.296186,1,1,3.0,3.0,2,0,2.336349,0,1.4164,0.711724,2,3,48.20755493326455,Obesity Type I,4418.88558,5.16,Strict Fat Reduction Diet,Cardio + Walking
0,19.528936,1.817917,142.559161,1,1,3.0,3.0,2,0,2.562002,0,1.976427,0.740331,2,3,43.13671101131875,Obesity Type I,4276.774829999999,4.99,Strict Fat Reduction Diet,Cardio + Walking
0,19.364339,1.80835,150.51648,1,1,3.0,3.0,2,0,2.305574,0,1.734424,0.863043,2,3,46.02767864662287,Obesity Type I,4515.4944,5.27,Strict Fat Reduction Diet,Cardio + Walking
0,21.131526,1.739457,150.37757,1,1,3.0,3.0,2,0,2.319912,0,1.582675,0.680746,2,3,49.69991752483176,Obesity Type I,4511.3270999999995,5.26,Strict Fat Reduction Diet,Cardio + Walking
0,19.012872,1.742062,133.779919,1,1,3.0,3.0,2,0,2.70196,0,1.465909,0.813235,2,3,44.082245987481755,Obesity Type I,4013.39757,4.68,Strict Fat Reduction Diet,Cardio + Walking
0,18.469086,1.741925,133.017105,1,1,3.0,3.0,2,0,2.474518,0,1.560261,0.662489,2,3,43.83778347276047,Obesity Type I,3990.5131499999998,4.66,Strict Fat Reduction Diet,Cardio + Walking
0,21.572114,1.751067,133.845064,1,1,3.0,3.0,2,0,2.748569,0,1.427037,0.902825,2,3,43.651264866896234,Obesity Type I,4015.35192,4.68,Strict Fat Reduction Diet,Cardio + Walking
0,21.680123,1.749118,133.955091,1,1,3.0,3.0,2,0,2.827773,0,1.412357,0.901071,2,3,43.78456159365823,Obesity Type I,4018.6527300000002,4.69,Strict Fat Reduction Diet,Cardio + Walking
0,24.469756,1.663341,113.077187,1,1,3.0,3.0,2,0,2.632224,0,0.300964,0.26956,2,3,40.87073150351485,Obesity Type I,3392.3156099999997,3.96,Strict Fat Reduction Diet,Cardio + Walking
0,25.12791,1.668537,112.555456,1,1,3.0,3.0,2,0,2.868679,0,0.115369,0.028583,2,3,40.42917400806977,Obesity Type I,3376.66368,3.94,Strict Fat Reduction Diet,Cardio + Walking
0,25.986368,1.668951,112.249699,1,1,3.0,3.0,2,0,2.930137,0,0.043101,0.138629,2,3,40.29934736489165,Obesity Type I,3367.4909700000003,3.93,Strict Fat Reduction Diet,Cardio + Walking
0,25.951979,1.661712,112.098616,1,1,3.0,3.0,2,0,2.961899,0,0.259424,0.080128,2,3,40.596513618061074,Obesity Type I,3362.9584800000002,3.92,Strict Fat Reduction Diet,Cardio + Walking
0,26.0,1.633442,111.821817,1,1,3.0,3.0,2,0,2.550672,0,0.0,0.224655,2,3,41.91013969311396,Obesity Type I,3354.65451,3.91,Strict Fat Reduction Diet,Cardio + Walking
0,26.0,1.63302,111.863186,1,1,3.0,3.0,2,0,2.584305,0,0.0,0.232108,2,3,41.9473159354331,Obesity Type I,3355.89558,3.92,Strict Fat Reduction Diet,Cardio + Walking
0,26.0,1.633887,111.878132,1,1,3.0,3.0,2,0,2.621976,0,0.0,0.123861,2,3,41.90840881636733,Obesity Type I,3356.3439599999997,3.92,Strict Fat Reduction Diet,Cardio + Walking
0,26.0,1.643421,111.939983,1,1,3.0,3.0,2,0,2.722276,0,0.0,0.091711,2,3,41.44647235619173,Obesity Type I,3358.19949,3.92,Strict Fat Reduction Diet,Cardio + Walking
0,26.0,1.640535,111.555967,1,1,3.0,3.0,2,0,2.634342,0,0.0,0.178301,2,3,41.44973941601766,Obesity Type I,3346.67901,3.9,Strict Fat Reduction Diet,Cardio + Walking
0,26.0,1.626483,111.357062,1,1,3.0,3.0,2,0,2.61939,0,0.0,0.171034,2,3,42.093855645046574,Obesity Type I,3340.71186,3.9,Strict Fat Reduction Diet,Cardio + Walking
0,26.0,1.64599,111.922491,1,1,3.0,3.0,2,0,2.78678,0,0.0,0.09776,2,3,41.31074077200856,Obesity Type I,3357.6747299999997,3.92,Strict Fat Reduction Diet,Cardio + Walking
0,26.0,1.643892,111.884535,1,1,3.0,3.0,2,0,2.768141,0,0.0,0.094213,2,3,41.40220746923333,Obesity Type I,3356.53605,3.92,Strict Fat Reduction Diet,Cardio + Walking
0,25.97731,1.617817,104.950776,1,1,3.0,3.0,2,0,1.71659,0,0.001272,0.545993,2,3,40.09838346669101,Obesity Type I,3148.5232800000003,3.67,Strict Fat Reduction Diet,Cardio + Walking
0,25.955014,1.626449,104.879602,1,1,3.0,3.0,2,0,2.094901,0,0.07089,0.599441,2,3,39.64698175935894,Obesity Type I,3146.38806,3.67,Strict Fat Reduction Diet,Cardio + Walking
0,25.996716,1.62658,105.037203,1,1,3.0,3.0,2,0,2.347322,0,0.008013,0.503896,2,3,39.70016323948979,Obesity Type I,3151.11609,3.68,Strict Fat Reduction Diet,Cardio + Walking
0,25.992348,1.606474,104.954291,1,1,3.0,3.0,2,0,2.331123,0,0.063383,0.561661,2,3,40.667998323319594,Obesity Type I,3148.62873,3.67,Strict Fat Reduction Diet,Cardio + Walking
0,25.974446,1.628855,108.090006,1,1,3.0,3.0,2,0,1.757105,0,0.085119,0.465444,2,3,40.739968636309754,Obesity Type I,3242.7001800000003,3.78,Strict Fat Reduction Diet,Cardio + Walking
0,25.777565,1.628205,107.378702,1,1,3.0,3.0,2,0,2.506631,0,0.025787,0.484165,2,3,40.504192811001666,Obesity Type I,3221.36106,3.76,Strict Fat Reduction Diet,Cardio + Walking
0,25.722004,1.62847,107.218949,1,1,3.0,3.0,2,0,2.48707,0,0.067329,0.455823,2,3,40.43077080591454,Obesity Type I,3216.5684699999997,3.75,Strict Fat Reduction Diet,Cardio + Walking
0,25.765628,1.627839,108.10736,1,1,3.0,3.0,2,0,2.320068,0,0.045246,0.413106,2,3,40.79738844872061,Obesity Type I,3243.2208,3.78,Strict Fat Reduction Diet,Cardio + Walking
0,21.016849,1.724268,133.033523,1,1,3.0,3.0,2,0,1.650612,0,1.537639,0.912457,2,3,44.74572564745773,Obesity Type I,3991.00569,4.66,Strict Fat Reduction Diet,Cardio + Walking
0,21.682367,1.732383,133.043941,1,1,3.0,3.0,2,0,1.610768,0,1.510398,0.931455,2,3,44.33097410442003,Obesity Type I,3991.31823,4.66,Strict Fat Reduction Diet,Cardio + Walking
0,21.285965,1.72692,131.335786,1,1,3.0,3.0,2,0,1.796267,0,1.728332,0.897924,2,3,44.039120695215416,Obesity Type I,3940.07358,4.6,Strict Fat Reduction Diet,Cardio + Walking
0,20.976842,1.71073,131.408528,1,1,3.0,3.0,2,0,1.728139,0,1.676269,0.906247,2,3,44.90147500068986,Obesity Type I,3942.25584,4.6,Strict Fat Reduction Diet,Cardio + Walking
0,21.982942,1.748584,133.742943,1,1,3.0,3.0,2,0,2.00513,0,1.34139,0.59927,2,3,43.74192335253201,Obesity Type I,4012.28829,4.68,Strict Fat Reduction Diet,Cardio + Walking
0,22.524036,1.752206,133.689352,1,1,3.0,3.0,2,0,2.054193,0,1.414209,0.646288,2,3,43.54381658414929,Obesity Type I,4010.6805600000002,4.68,Strict Fat Reduction Diet,Cardio + Walking
0,24.361936,1.73945,133.346641,1,1,3.0,3.0,2,0,2.852339,0,1.139107,0.586035,2,3,44.07153540333021,Obesity Type I,4000.39923,4.67,Strict Fat Reduction Diet,Cardio + Walking
0,23.664709,1.738836,133.472641,1,1,3.0,3.0,2,0,2.863513,0,1.026452,0.714137,2,3,44.14433793816422,Obesity Type I,4004.17923,4.67,Strict Fat Reduction Diet,Cardio + Walking
